,Video.Name,Metric,Width,Height,Video.Length,Frames.per.Second,Frame.Count,Original.Bitrate,Original.Size,Scene.Count,Avg.Motion..,Avg.PCC,Compression.Preset,Compression.Duration,Compressed.Bitrate,Compressed.Size,Average.PSNR,Average.SSIM,Average.VIFp,Normalized.PSNR,Normalized.SSIM,Normalized.VIFp,Normalized.Duration,Normalized.Size,PSNR.By.Duration,SSIM.By.Duration,VIFp.By.Duration
1,1008613954-preview.mp4,3.8628307,596,336,25.32,59.94,1513,117.449707,2.942211151,1,0.23271,0.82356,veryfast,4.72,17.97924805,0.452194214,39.61,0.955522254,0.677815587,1.296296296,1.393090749,1.37920919,1.053268068,1,1.230737298,1.32263646,1.309456948
2,1011314759-preview.mp4,3.3102592,596,336,30.8,50,1540,109.8632813,3.434262276,1,0.19714,0.84904,veryfast,5.39,30.7791748,0.944577217,39.98,0.975031923,0.710082979,1.052356021,1.229294051,1.168772684,1.042342171,1,1.009607066,1.179357495,1.121294636
3,1021607974-preview.mp4,4.1411893,596,336,16.56,25,414,109.8632813,1.841935158,1,0.16203,0.98908,veryfast,1.12,15.48486328,0.255503654,39.73,0.975371277,0.757923772,1.357142857,1.505137225,1.420200779,1.034118603,1,1.312366738,1.455478338,1.373344194
4,1080-60fps View.MOV,3.2027324,1920,1080,10.75,60,645,2839.228516,31.61633968,1,0.0666,0.94,veryfast,15.57,1205.922363,12.91687489,31.68459954,0.936750144,0.543396121,1.123788149,1.123256,1.189891379,1.017800691,1.05435774,1.104133805,1.103610962,1.169080931
5,1080-60fps Walking.MOV,2.9627177,1920,1080,11,60,660,4880.441406,54.27044964,1,0.4596,0.67,faster,26.02,1861.18689,20.39916229,30.24184613,0.868125554,0.423149708,1.001566523,1.001461285,1.000892891,1.012621293,1.00126983,0.989083016,0.98897909,0.98841778
6,1080p60 Bike 1.mp4,2.9820284,1920,1080,38.644,59.94,2316,3051.875,115.7885351,1,0.29856,0.83765,faster,91.39,1369.522827,52.72599792,27.76,0.868028009,0.428338439,1.029411765,1.011390692,1,1.019709432,1,1.009514802,0.991842049,0.980671522
7,1080p60 Bike 2.mp4,3.3524926,1920,1080,29.17,59.94,1749,3051.875,87.73809433,1,0.35597,0.80051,fast,76.25,1147.981201,33.47212505,27.64,0.891308424,0.476376747,1.413793103,1.429879804,1.324237657,1.042566944,1.19246767,1.356069375,1.371499272,1.270170386
8,1080p60 Bike 3.mp4,3.0043582,1920,1080,21.031,59.94,1261,3051.875,63.2643404,1,0.22755,0.84514,faster,40.87,957.5074463,20.13430309,28.2,0.903565197,0.471402993,1,1.060496573,1.017522437,1.024517984,1,0.976068762,1.035117577,0.993171865
9,1080p60 Bike 4.mp4,3.6230412,1920,1080,56.037,59.94,3358,3051.875,167.8426409,1,0.21832,0.84488,fast,138.95,1196.118164,66.80640221,28.24,0.907588633,0.487765517,1.542857143,1.517440309,1.412352122,1.044558391,1.181840526,1.477042506,1.452709894,1.35210452
10,160416_30_Smartphone2.mov,5.1066517,1920,1080,11.4,25,285,744.5205078,8.478028297,1,0.2605,0.97,veryfast,4.72,21.98449707,0.24971962,44.6652567,0.984178115,0.731521357,1.652107719,1.869007687,1.758534491,1.033877039,1,1.597973122,1.807765931,1.700912608
11,161212_068_Vietnam_1080p96fps.mp4,2.9101808,1920,1080,32.48,25,812,5331.632935,170.3689117,1,0.2236,0.94,faster,19.47,146.9918213,4.757061005,40.69303204,0.973037535,0.521797117,1,1.003038607,1,1.031907914,1,0.969078719,0.972023369,0.969078719
12,171124_B1_HD_001.mp4,3.0674348,1920,1080,19.2,25,480,3680.15271,69.75031185,1,0.2745,0.8,fast,19.59,328.6102295,6.2865448,38.85621611,0.962860133,0.645014728,1.22331478,1.321706225,1.264718586,1.055316305,1.176893873,1.159192532,1.252426612,1.198426083
13,180301_03_B_CausewayBay_02.mp4,3.1780201,1920,1080,15.52,25,388,3885.625366,58.90541935,1,0.3227,0.9,slow,37.93,95.10339355,1.470677376,42.78593592,0.976149535,0.704131666,1.892406166,1.924784722,1.8772731,1.403660131,1.276539464,1.348194,1.371261233,1.337412853
14,180301_03_B_CausewayBay_03.mp4,3.0954212,1920,1080,30.44,25,761,3809.698242,113.2665501,1,0.2882,0.95,medium,34.17,83.23657227,2.524577141,41.62838711,0.963558281,0.536987699,1.68627858,1.831466932,1.693852916,1.153015827,1.460212013,1.462493871,1.588414391,1.469063023
15,180626_07_DMZ_08.mp4,4.5333008,1920,1080,8.56,25,214,4242.866333,35.80779743,1,0.2749,0.94,fast,6.84,419.2156982,3.575533867,34.54986109,0.972105391,0.650818186,1.501136074,1.68332262,1.53950921,1.042059219,1,1.440547759,1.615380958,1.477372093
16,19946059-preview.mp4,3.6303293,596,336,24.94,50,1247,109.8632813,2.681645393,1,0.03798,0.9125,veryfast,2.55,10.58569336,0.263055801,48.13,0.994056299,0.846509324,1.418604651,1.189046015,1.164443504,1.039050132,1,1.3652899,1.144358658,1.120680772
17,25506602-preview.mp4,3.1262282,596,336,21.76,25,544,109.8632813,2.375465393,1,0.26625,0.95327,faster,2.14,15.25512695,0.330752373,41.11,0.979362731,0.781710597,1.034722222,1.092551257,1.147173678,1.047411444,1,0.98788516,1.043096543,1.095246461
18,6380351-preview.mp4,3.8094831,596,336,27.695,29.97,830,109.8632813,2.973053932,1,0.15241,0.95402,faster,2.98,19.21398926,0.530191422,42.6,0.981069194,0.775901501,1.305194805,1.354471995,1.338404551,1.04950495,1,1.243629012,1.290581806,1.275272261
19,720-120fps View.MOV,3.5250802,1280,720,10.625,120,1275,3466.872314,37.75668812,1,0.0819,0.92,veryfast,14.12,923.3747559,9.775444984,30.1870951,0.918852487,0.501859839,1.223373495,1.305281399,1.257210019,1.024263226,1.048538871,1.194393651,1.274361282,1.22742864
20,720-120fps Walking.MOV,3.1019939,1280,720,10.125,120,1215,5566.698608,56.74141026,1,0.426,0.6,fast,26,1999.579224,20.17266655,27.33784554,0.899214612,0.42754818,1.080639642,1.163612658,1.104729441,1.035338549,1.042772226,1.04375486,1.123895811,1.067022418
21,acoustic_guitar_guitar_player_805.mp4,3.1466442,1280,720,7.32,25,183,298.1385498,2.134100914,1,0.37065,0.89391,faster,2.45,59.29162598,0.432448387,42.44,0.986992222,0.713614242,1.022058824,1.190071084,1.060892895,1.04016298,1,0.982594885,1.144119822,1.019929487
22,Angel.mp4,3.9588951,1920,1080,17.317,29.97,519,1610.035767,27.23502636,1,0.13488,0.99354,veryfast,8.2,25.51477051,0.440243721,47.03,0.994455229,0.739709346,1.235294118,1.492913114,1.36373425,1.027592267,1.20212477,1.005853179,1.452826341,1.327116107
23,Animal.mp4,3.7052532,1920,1080,35.75,24,858,1610.656616,56.24213409,2,0.14086,0.83119,fast,28.17,173.631958,6.184938431,46.92,0.980175123,0.463392056,1.495495495,1.516915614,1.464955703,1.058513022,1.141585858,1.412826733,1.43306278,1.383975135
24,Animal_10.mp4,3.7177886,1920,1080,35.502,29.97,1064,1484.937134,51.4964838,1,0.0062,0.99673,medium,28.99,17.58422852,0.622021675,45.06,0.987074534,0.563791854,1.783783784,1.91667934,1.836807204,1.196062722,1.491379801,1.245251505,1.60249066,1.535711439
25,Animal_2.mp4,4.2224479,1280,720,20.167,24,484,997.9141846,19.65929127,1,0.01475,0.99277,faster,3.26,9.327514648,0.187428474,42.72,0.975215134,0.616012866,1.424657534,1.64563561,1.310686223,1.031531532,1.005829578,1.381109051,1.595332338,1.270621578
26,Animal_3.mp4,3.2714948,1280,720,41.833,24,1004,829.5612793,33.90235138,1,0.00673,0.98163,veryfast,9.98,43.11132813,1.797013283,37.66,0.937875638,0.578330911,1.114754098,1.147236031,1.113319743,1.03173321,1,1.080467399,1.111950279,1.079077161
27,Animal_4.mp4,3.2392186,1280,720,29.083,24,698,1629.902222,46.30081749,1,0.04014,0.98203,fast,12.31,78.04382324,2.261634827,38.38,0.944599633,0.557612179,1.258928571,1.357558717,1.247751183,1.067708333,1.117303175,1.179094077,1.271469628,1.168625498
28,Ants_3.mp4,3.9235513,1920,1080,30.564,29.97,916,1550.589355,46.2930994,1,0.06037,0.96987,faster,20.61,220.8771973,6.72652626,40.03,0.978993087,0.753658792,1.13740458,1.53579138,1.365820123,1.029428637,1.104889197,1,1.491887174,1.326774945
29,Ants_4.mp4,3.1516736,1920,1080,30.564,29.97,916,1609.136841,48.04060078,1,0.03771,0.95022,medium,28.42,245.442627,7.474632263,40.56,0.986747567,0.708902942,1.406504065,1.566189743,1.484207302,1.093137556,1.286667041,1.29365048,1.432747173,1.357749804
30,Apple_2.mp4,4.5143162,1920,1080,30.23,59.94,906,1840.933838,54.36264515,1,0.13714,0.93313,faster,18.04,113.7697754,3.428657532,33.82,0.950921229,0.634537278,1.365079365,1.74934555,1.525017652,1.027717685,1.32826299,1,1.702165464,1.483887719
31,Aquarium.mp4,3.7270911,1920,1080,104.237,29.97,3124,1616.900024,164.6300039,1,0.12358,0.98491,veryfast,61.23,59.04956055,6.132933617,44.23,0.986685227,0.773075775,1.37398374,1.680838136,1.500450137,1.037667604,1.324107773,1.177839317,1.619823275,1.445983407
32,arctic_ice_floating_ice_sheets_619.mp4,3.66241,1920,1080,10.082,30,301,332.5429688,3.424084663,1,0.04212,0.98894,faster,4.88,90.92492676,0.908957481,39.4,0.960347119,0.590105124,1.181818182,1.397298499,1.166761772,1.02279058,1.155484031,1,1.366162856,1.140763119
33,Arena Steps 1080p30.mp4,4.6148838,1920,1080,16.652,29.97,499,1464.875,24.34344292,2,0.33628,0.88596,fast,15.06,175.0611572,2.927621841,26.94,0.955695739,0.650392154,2,1.81529121,1.545581216,1.058474017,1.097474666,1.889512608,1.715007814,1.460197597
34,Arndale 1080p30.mp4,4.7151551,1920,1080,16.205,29.97,486,1464.875,23.51748943,1,0.07514,0.98461,veryfast,8.77,133.3920898,2.164183617,29.44,0.95713574,0.705893868,1.678571429,1.724069223,1.417357177,1.021140856,1.001071744,1.643819674,1.68837552,1.388013387
35,atmosphere_planets_nasa_511.mp4,3.8213161,1280,720,6.467,30,194,405.336792,2.565743446,2,0.13784,0.83454,veryfast,1.78,69.10009766,0.445188522,37.92,0.957710864,0.617635404,1.318435754,1.474785796,1.349699824,1.02300885,1.288782355,1.059776633,1.441615873,1.319343253
36,Autumn_leaves_10.mp4,4.3065214,1920,1080,33.5,29.97,1004,1560.011108,51.04863071,1,0.15703,0.99177,faster,21.29,108.0562744,3.606818199,42.86,0.984342428,0.766443172,1.295652174,1.68675516,1.463034116,1.032258065,1.255163043,1,1.634044061,1.4173143
37,Autumn_leaves_11.mp4,3.6465152,1920,1080,31.331,29.97,939,1571.365967,48.09116173,1,0.081,0.99151,medium,37.49,43.7421875,1.365541458,45.19,0.988603092,0.766641541,1.608333333,1.897264053,1.668358999,1.183036045,1.359496476,1.199352262,1.603724638,1.410235138
38,Autumn_leaves_13.mp4,4.1577088,1920,1080,30.464,29.97,913,1415.46936,42.1216917,1,0.06333,0.99558,faster,16.2,182.2531738,5.531936646,37.57,0.969902846,0.686192511,1.357843137,1.670514973,1.447862647,1.016712612,1.335523059,1.058910397,1.643055229,1.424062838
39,Autumn_leaves_15.mp4,4.1786005,1920,1080,30.931,29.97,927,1470.096313,44.41763783,1,0.05347,0.99101,faster,18.28,166.6032715,5.1346035,38.47,0.972708897,0.707483533,1.32,1.588198051,1.403538205,1.017534394,1.297253446,1.014080052,1.560829845,1.379352102
40,Autumn_leaves_6.mp4,3.5963064,1920,1080,29.463,29.97,883,1483.974121,42.70868969,1,0.05172,0.99425,veryfast,17.49,352.4361572,10.3459959,34.38,0.967003606,0.659784592,1.32034632,1.574936003,1.365819449,1.013176471,1.303175072,1.169445868,1.554453788,1.348056818
41,Autumn_leaves_9.mp4,3.6627653,1920,1080,35.536,29.97,1065,1596.938354,55.43162346,1,0.1463,0.98756,faster,22.75,79.58642578,2.817897797,43.19,0.985683367,0.758300522,1.293233083,1.602799902,1.381321201,1.036044464,1.248240908,1.127165618,1.547037756,1.3332644
42,Baby_goats.mp4,3.9157182,1280,720,29.279,23.976,702,1122.787354,32.11279297,1,0.25741,0.84744,faster,10.17,90.8548584,2.650629997,36.9,0.943565461,0.609328686,1.336206897,1.396733232,1.309984311,1.032486051,1,1.2941646,1.35278654,1.268767079
43,Baby_goats_2.mp4,3.9649545,1920,1080,19.786,29.97,593,1621.998291,31.34929466,1,0.33283,0.80333,faster,18.77,193.0472412,3.805846214,41.48,0.975816768,0.668215785,1.233333333,1.374788198,1.466346912,1.027620478,1,1.200183686,1.337836514,1.426934304
44,bars_100.avi,4.1686934,720,576,4.04,25,101,2983.59375,14.73564529,1,0,0.97,veryfast,0.37,2.554199219,0.010281563,50.42525676,0.997299314,0.85884951,1.684952961,1.809505515,1.65145749,1.065217391,1.158842697,1.581792576,1.698719463,1.550347848
45,bb1.mkv,4.3651539,1280,720,172.714,29.97,5176,447.0131836,75.39593601,2,0.11812,0.93483,faster,41.93,23.11437988,3.977581024,44.8,0.980354715,0.603399027,1.76056338,1.481498216,1.283086108,1.036652498,1,1.698315861,1.42911749,1.237720558
46,bb2.mkv,4.294333,1280,720,252.925,29.97,7580,1749.949585,432.2324352,24,0.28749,0.80082,medium,163.79,118.4677734,29.85460472,44.8,0.874482861,0.409703983,1.779411765,1.566366869,1.368219808,1.097725418,1,1.620998964,1.42692047,1.246413526
47,bb3.mkv,4.2181931,1280,720,289.608,29.97,8679,398.5480957,112.7174883,4,0.33707,0.9309,veryfast,88.45,58.39001465,16.84808636,44.54,0.984777889,0.715960389,1.541353383,1.442728291,1.386184437,1.032011546,1.003914824,1.493542771,1.39797689,1.343186947
48,bb4.mkv,4.0369217,1280,720,166.982,29.97,5004,490.7335205,80.02311134,3,0.0745,0.95767,veryfast,38.81,21.390625,3.558614731,44.54,0.977692594,0.723444253,1.583333333,1.392305181,1.231548686,1.037702042,1.004312438,1.525807283,1.341719612,1.186803761
49,bb5.mkv,4.1354997,1280,720,289.443,29.97,8674,358.5378418,101.3439989,2,0.09707,0.94576,veryfast,74.48,28.58691406,8.243812561,44.8,0.9768081,0.602168492,1.736111111,1.360534395,1.199666697,1.03504969,1.003706279,1.677321511,1.314462878,1.159042612
50,Bee.mp4,3.0912116,1920,1080,26.76,29.97,802,1628.141968,42.55849838,1,0.09791,0.95626,fast,21.23,57.15222168,1.523873329,46.66,0.992783211,0.559656594,1.523809524,1.890375431,1.371683351,1.071575614,1.44480484,1.422027064,1.764108297,1.28006212
51,Bench_2.mp4,3.9853598,1920,1080,30.163,29.97,904,1506.532959,44.38890171,1,0.00106,0.9973,veryfast,12.3,18.16882324,0.546049118,40.5,0.975106231,0.74079401,1.338983051,1.474387443,1.3194274,1.024017206,1.012673347,1.307578664,1.439807295,1.288481669
52,Bench_2.mp4,3.9791215,1920,1080,30.163,29.97,904,1506.532959,44.38890171,1,0.00106,0.9973,veryfast,12.38,18.16882324,0.546049118,40.5,0.975106231,0.74079401,1.338983051,1.474387443,1.3194274,1.025622605,1.305531922,1.012673347,1.437553575,1.286464819
53,Bench_in_the_woods.mp4,4.2057951,1920,1080,30.297,29.97,908,1474.491577,43.63730335,1,0.00612,0.99681,veryfast,12.63,37.63745117,1.136185646,40.53,0.978163857,0.777924405,1.369565217,1.550431887,1.381682584,1.01787013,1.34552059,1.004841566,1.523211893,1.357425219
54,bench_park_people_rest_pause_break_423.mp4,3.9171779,1920,1080,14.56,25,364,317.7073975,4.519651413,1,0.00951,0.99286,veryfast,5.31,36.16381836,0.524643898,41.22,0.978269054,0.6906819,1.343949045,1.456316188,1.344581861,1.023098884,1.034231134,1.313606207,1.423436396,1.314224737
55,Benches_in_the_woods.mp4,3.7656856,1920,1080,30.964,29.97,928,1471.175537,44.49818802,1,0.00892,0.99625,veryfast,14.25,112.7164307,3.477552414,36.97,0.965880302,0.685806692,1.441489362,1.527576646,1.44143457,1.01363234,1.155482479,1.422102773,1.50703227,1.422048719
56,Birds_7.mp4,3.4947885,1920,1080,12.713,29.97,381,1591.940918,19.76889801,1,0.05152,0.96068,fast,8.2,148.661377,1.882962227,40.73,0.993253708,0.632147672,1.255319149,1.579215496,1.28359332,1.063095963,1.18081452,1.10842541,1.485487249,1.207410587
57,birds_tweeting_bathing_river_water_680.mp4,5.8902909,1920,1080,32.044,29.97,960,511.9628906,16.42278481,1,0.42221,0.77508,faster,24.75,363.5404053,11.60289478,22.71,0.649715684,0.179629867,2,2,2,1.016634571,1.001958274,1.967275221,1.967275221,1.967275221
58,Black_Coffee.mp4,4.3953651,1920,1080,13.814,29.97,414,1590.606079,21.46309185,1,0.07618,0.99493,veryfast,6.11,10.86218262,0.149497986,46.55,0.990168933,0.789007796,1.848837209,1.891707991,1.899971248,1.033922463,1.788177814,1.241183363,1.829642028,1.837634171
59,Black_locust.mp4,3.1241512,1920,1080,41.942,29.97,1257,1347.441528,55.20567608,1,0.30922,0.96056,faster,46.88,1089.953613,45.54983425,32.96,0.961200422,0.628533413,1,1.164246697,1.002941625,1.013775621,0.986411568,1,1.148426411,0.989313221
60,Boat_10.mp4,2.9172387,1920,1080,47.247,29.97,1416,1490.709106,68.79898834,1,0.14306,0.90023,faster,34.04,103.1182861,4.854448318,40.97,0.969594262,0.590438096,1.009433962,1.009179804,1.006869002,1.031023628,0.97905997,1.00589836,0.97881346,0.97657219
61,Boat_11.mp4,2.9075215,1920,1080,43.544,29.97,1305,1471.972168,62.60915565,1,0.15711,0.90749,veryfast,32.27,139.7770996,6.064343452,39.38,0.961093174,0.610799884,1,1.002454959,1.00382293,1.033965837,0.967149943,1,0.969524257,0.970847289
62,Boat_13.mp4,3.466316,1920,1080,22.589,29.97,677,1334.269775,29.44265461,1,0.02274,0.98528,veryfast,11.3,192.8225098,4.339945793,37.38,0.946171331,0.542657649,1.141509434,1.203214135,1.17920197,1.016619831,1.122847891,1,1.183543836,1.159924225
63,Boat_15.mp4,3.3786114,1920,1080,30.497,29.97,914,1455.342407,43.35534,1,0.07267,0.98446,veryfast,24.27,668.4995117,20.31364441,34.39,0.957428705,0.604411871,1.096153846,1.221122614,1.141438741,1.023709091,1.070766936,1,1.192841428,1.115003033
64,Boat_17.mp4,3,1920,1080,31.398,29.97,941,1709.297241,52.42286491,1,0.1834,0.8942,slower,215.63,354.3114014,11.08451653,39.7,0.981661008,0.723005252,2,2,2,2,1,1,1,1
65,Boat_18.mp4,3.9779388,1920,1080,30.063,29.97,901,1645.698853,48.32733727,1,0.07259,0.98315,faster,19.33,71.87597656,2.153008461,42.37,0.982030985,0.640891889,1.292207792,1.55248911,1.287690248,1.036392108,1.246832914,1.002348639,1.497974655,1.242474001
66,Boat_19.mp4,4.3944547,1920,1080,30.764,29.97,922,1532.210571,46.04416943,1,0.02267,0.9962,veryfast,13.1,20.66064453,0.633306503,43.53,0.982231538,0.572693305,1.485148515,1.704035155,1.327161778,1.027737403,1.445066133,1,1.658045285,1.291343269
67,Boat_3.mp4,3.9404285,1920,1080,28.328,29.97,849,1509.910645,41.78173256,1,0.15421,0.90725,faster,16.3,84.99707031,2.399107933,40.86,0.964728126,0.560794689,1.311111111,1.490886542,1.252003159,1.028822337,1.274380487,1,1.44911953,1.216928437
68,Boat_9.mp4,2.959148,1920,1080,48.582,29.97,1456,1379.781128,65.47965813,1,0.05724,0.96578,veryfast,29.65,135.9747314,6.582079887,38.48,0.950169902,0.565769174,1,1.021655769,1.019510189,1.027716742,0.973030758,1,0.994102487,0.992014771
69,Bridge_3.mp4,3.2354878,1920,1080,31.064,29.97,931,1398.116455,42.42569637,1,0.0077,0.99691,veryfast,13.75,88.17541504,2.729192734,39.17,0.962405342,0.590607213,1.111111111,1.06601405,1.128416669,1.019911504,1.089419137,1.001706288,1.045202496,1.106386842
70,Bridge_4_timelapse.mp4,4.6735691,1920,1080,32.266,29.97,967,1552.269531,48.92345333,1,0.0486,0.9674,fast,19.15,81.70031738,2.62654686,40.87,0.983017623,0.700920395,1.573033708,1.736503181,1.60802776,1.052207541,1.494984256,1,1.650342839,1.528242003
71,Buck.mp4,4.639849,1920,1080,40.44,59.94,1212,1627.687866,64.30165005,1,0.36119,0.78551,fast,32.8,301.8353271,12.16216183,29.02,0.857550898,0.458109015,1.5625,1.903738861,1.626490531,1.044451195,1.496000969,1.050893247,1.822716916,1.557268103
72,bumblebee credits.mkv,2.9927683,1920,1080,185.018,24,4435,1095.494629,68.9848299,2,0.10098,0.93871,slower,499.03,34.19726563,6.302868843,47.27,0.993475,0.781521694,1.987341772,2,1.998194876,2,1,0.993670886,1,0.999097438
73,bumblebee scene 1.mkv,3.2547585,1920,1080,163.412,24,3918,1095.494629,218.0718145,17,0.18279,0.62345,faster,107.83,165.0507813,26.87425613,42.96,0.977558464,0.505841462,1.150793651,1.184306595,1.129802349,1.027378004,1.036196198,1.120126815,1.152746692,1.099694898
74,bumblebee scene 2.mkv,3.8959223,1920,1080,486.861,24,11672,1095.494629,720.5618916,21,0.29039,0.76157,faster,348.21,209.0810547,101.4174623,41.37,0.961163662,0.439522347,1.28,1.335754446,1.389528351,1.028070507,1,1.245050793,1.299282916,1.351588574
75,bumblebee scene 3.mkv,3.5734785,1920,1080,300.633,24,7207,1095.494629,372.2027903,9,0.30004,0.86504,faster,164.65,130.0430908,38.94882965,40.98,0.961699906,0.55468763,1.179245283,1.354920967,1.135627818,1.026952882,1,1.148295412,1.319360402,1.105822709
76,bumblebee scene 4.mkv,3,1920,1080,240.323,24,5762,1095.494629,259.594182,7,0.10222,0.79566,slower,893.2,43.70129395,10.46455765,45.65,0.983165069,0.366941008,2,2,2,2,1,1,1,1
77,bumblebee scene 5.mkv,3.46472,1920,1080,241.574,24,5792,1095.494629,306.4209423,8,0.10642,0.86911,faster,111.6,36.81933594,8.862512589,43.1,0.974390241,0.510520047,1.214285714,1.322157617,1.134431687,1.033541903,1.02511685,1.174878068,1.279249165,1.097615572
78,Buoy.mp4,2.9891202,1920,1080,34.868,59.94,1045,1696.059937,57.76984024,1,0.05502,0.85115,faster,22.11,283.0236816,9.832847595,34.75,0.887031149,0.425923232,1,1.049336236,1.024921893,1.026759516,0.973937893,1.001678166,1.021988323,0.998210269
79,Buoy_2.mp4,3,1920,1080,31.398,29.97,941,1612.373901,49.45098591,1,0.11151,0.94059,slower,357.52,399.3950195,12.49494553,39.99,0.976929275,0.718910781,2,2,2,2,1,1,1,1
80,Burgos  Spain- A Virtual Day in the Pedestrian Precinct (Short version 720p).mp4,4.5432836,1280,720,325.023,29.97,9741,305.1757813,103.2941685,4,0.3202,0.94195,faster,98.3,74.94750977,24.27179813,67,0.981036941,0.719567894,2,1.504255504,1.162086542,1.027085786,1,1.947257014,1.46458604,1.131440584
81,byger-20030708-liten.avi,2.9561368,1024,576,121.48,25,3037,374.2772217,44.47452354,5,0.31566,0.95733,fast,43.77,61.93444824,7.496641159,39.31919256,0.955238392,0.552932302,1.101904506,1.125623866,1.075672984,1.061431469,1.052733802,1.038130617,1.060477194,1.013417272
82,Cabernet_franc.mp4,4.1008076,1920,1080,33.4,59.94,1001,1666.586182,54.37610435,1,0.05264,0.97836,faster,16.89,83.95227051,2.793886185,39.33,0.973787113,0.73694697,1.104166667,1.71787121,1.381827312,1.02513104,1.077098071,1,1.675757677,1.347951879
83,Canyon_3.mp4,4.424022,1920,1080,30.13,29.97,903,1483.571167,43.66417313,1,0.05062,0.98082,fast,22.98,364.6308594,10.94667435,34.42,0.947492726,0.618389814,1.525,1.59425549,1.494978557,1.03668298,1.471037944,1.00608893,1.537842832,1.442078808
84,Capricorn.mp4,3.8517568,1920,1080,44.077,29.97,1321,1588.227051,68.38088608,1,0.37452,0.90555,fast,44.12,328.9777832,14.44801617,36.44,0.965156896,0.666433449,1.438271605,1.65785562,1.528963986,1.051013397,1.368461723,1.142492078,1.577387713,1.454752137
85,Cat.mp4,3.9741744,1920,1080,39.172,29.97,1174,1493.910034,57.16354752,1,0.07102,0.99003,faster,18.38,65.87451172,2.571123123,40.19,0.970560128,0.691532197,1.347457627,1.470552086,1.244023878,1.022107539,1.318312972,1,1.438744975,1.21711643
86,cat_feline_animal_pet_house_cat_427.mp4,4.8547825,1920,1080,14.84,50,742,328.3735352,4.76262188,1,0.09753,0.99188,veryfast,11.05,52.44091797,0.775415421,41.09,0.975964152,0.72229242,1.592178771,1.804637965,1.628795369,1.030921138,1.004138794,1.54442344,1.750510197,1.579941771
87,Cherry_tomatoes_1.mp4,4.3647531,1920,1080,30.797,29.97,923,1752.190796,52.71015549,2,0.15071,0.8516,veryfast,16.15,47.13574219,1.446398735,42.26,0.978029886,0.733843904,1.425,1.661015249,1.418075181,1.028447846,1.385583145,1.003379329,1.615069987,1.378849873
88,Cherrys.mp4,3.9142134,1920,1080,30.531,29.97,915,1719.617554,51.2821312,1,0.1141,0.9855,faster,19.87,118.9190674,3.617493629,40.35,0.977076864,0.702362272,1.225165563,1.486786826,1.29683965,1.024162885,1.196260459,1,1.45170934,1.266243553
89,Chilling.Adventures.of.Sabrina.S02E01.iNTERNAL.1080p.WEB.X264-AMRAP.mkv,4.4587142,1920,1080,3312.032,23.976,79402,385.7421875,1488.880928,4,0.07649,0.93208,veryfast,1304.11,30.22839355,99.74694729,50.56,0.99445,0.720850211,1.527349229,1.548387097,1.527881856,1.032499042,1.479274233,1,1.499649911,1.479790096
90,Chilling.Adventures.of.Sabrina.S02E06.iNTERNAL.1080p.WEB.X264-AMRAP.mkv,4.5009421,1920,1080,3244.064,23.976,77770,367.4316406,1397.118932,14,0.0735,0.92777,faster,1281.69,27.7779541,89.7769289,50.79,0.9946,0.702100244,1.546478873,1.566666667,1.538299224,1.033438035,1.496440833,1,1.515975428,1.488525845
91,Christmas_Tree_12.mp4,3.4360766,1920,1080,60.26,29.97,1806,1417.189209,83.42117405,1,0.03814,0.85512,fast,58.93,269.5413818,16.18393517,39.21,0.969548919,0.600680541,1.157894737,1.28483055,1.148478051,1.045146473,1.107877955,1,1.229330609,1.098868035
92,Christmas_Tree_7.mp4,3.2671906,1920,1080,30.898,29.97,926,1573.28772,47.48335361,1,0.0862,0.5754,slow,109.7,267.0480957,8.221203804,41.6,0.969862813,0.623720045,1.741935484,1.682347603,1.878248662,1.374142955,1.267652305,1.181073412,1.224288635,1.366850992
93,Christmas_Tree_8_Angel.mp4,4.2210898,1920,1080,30.731,29.97,921,1472.787354,44.21091175,1,0.00967,0.98364,fast,22.28,142.0142822,4.34834671,39.13,0.97493003,0.742396291,1.346153846,1.621635845,1.438035266,1.043764796,1.289709953,1,1.553641061,1.377738808
94,Christmas_Tree_9.mp4,4.4491617,1920,1080,30.5,24,732,1541.17749,45.91345596,1,0.02615,0.99011,medium,23.74,22.77893066,0.692252159,45.6,0.987731485,0.767660668,1.878787879,1.997322421,1.953819643,1.174107698,1.600183596,1.116033445,1.701140726,1.664088947
95,City_panorama.mp4,4.1073079,1920,1080,54.888,29.97,1645,1457.638916,78.15264225,1,0.11727,0.98334,faster,26.44,63.06384277,3.448950768,40.55,0.970046728,0.636041168,1.358778626,1.540626675,1.305355246,1.02372664,1.327286575,1,1.50491998,1.275101375
96,Colors.mp4,3.7802348,1920,1080,46.333,24,1112,1315.787842,59.54964638,1,0.18365,0.98516,medium,36.79,24.38232422,1.125653267,53.86,0.995280004,0.521824897,1.491666667,1.745524535,1.872744369,1.168400997,1.276673566,1.156923732,1.493943038,1.602826748
97,Colors_2.mp4,3.6738729,1920,1080,50.708,24,1217,999.5292969,49.51109314,1,0.19146,0.70041,medium,58.53,58.60583496,2.961118698,48.96,0.99363996,0.62730353,1.690140845,1.813785214,1.617803079,1.174609341,1.438896138,1.186858735,1.544160386,1.377311607
98,Colors_3.mp4,3.5561493,1920,1080,60.875,24,1461,1243.328613,73.93148899,1,0.10074,0.88787,slow,105,38.04284668,2.307499886,54.81,0.996975,0.652759971,1.99009901,1.932251358,2,1.417268628,1.404179116,1.175065113,1.363362823,1.411165082
99,Colors_4.mp4,3.5380372,1920,1080,48.417,24,1162,1068.893188,50.55359554,1,0.1221,0.86692,slow,74.09,29.38879395,1.417778015,57.48,0.996342827,0.338963929,1.831932773,1.941475667,1.997157712,1.424844457,1.285707197,1.144691791,1.362587795,1.40166718
100,Colors_5_moving_camera.mp4,3.1263392,1920,1080,29.596,29.97,887,1174.448486,33.95577621,1,0.13635,0.73624,medium,30.91,27.92297363,0.823423386,51.84,0.995112555,0.466744416,1.570093458,1.694058923,1.444613302,1.181348559,1.329068755,1.274949329,1.434004308,1.22285103
101,credit-Ralph.Breaks.the.Internet.2018.1080p.BluRay.x264-SPARKS.avi,5.2658952,1920,808,61.248,30,1468,764.5021973,47.17855263,1,0.18853,0.67046,faster,16.92,48.84777832,2.977091789,15.62478597,0.642175457,0.033994872,1.752894885,2,1.642393086,1.020338752,1.004148711,1.717953847,1.960133333,1.609654717
102,credit-Robin.Hood.2018.1080p.WEB-DL.DD5.1.H264-FGT.avi,5.3105593,1920,798,60.024,30,1438,1265.165161,75.48967361,1,0.08508,0.33618,fast,19.92,85.53283691,5.106376648,14.60618255,0.80915096,0.1062746,1.906521343,2,1.625541663,1.041710051,1,1.830184265,1.919920038,1.560455005
103,Curtains.mp4,3.6906259,1920,1080,40.841,29.97,1224,1568.840576,62.58658218,1,0.18877,0.97422,faster,34.19,422.6693115,17.19951248,35.95,0.958967267,0.659110667,1.160305344,1.363054936,1.233807223,1.01802989,1.139755674,1,1.338914455,1.211955793
104,Cutted_wood.mp4,4.354105,1920,1080,33.534,29.97,1005,1564.610596,51.25009632,1,0.32662,0.91732,faster,19.47,99.12243652,3.311873436,42.79,0.980826116,0.777456176,1.383333333,1.609301371,1.473708171,1.025404569,1.000363672,1.349061019,1.569430661,1.437196805
105,dance_culture_drum_989.mp4,5.5859989,1920,1080,30.325,23.843,723,2314.517944,69.47901249,1,0.46547,0.86831,faster,30.21,580.1158447,17.52736092,16.41,0.56369722,0.090249114,2,1.970447098,1.710093003,1.016924665,1.966714025,1,1.937652971,1.681631946
106,Dandelion_3.mp4,4.0514409,1920,1080,37.104,29.97,1112,1580.902832,57.29683304,1,0.02406,0.9929,veryfast,21.92,97.23156738,3.594565392,42.04,0.979171434,0.678706491,1.302521008,1.519511955,1.360865986,1.03002611,1.264551448,1.002350537,1.47521693,1.321195621
107,Danube_river.mp4,4.3836979,1920,1080,20.387,29.97,611,1538.21582,30.63280964,1,0.06173,0.99565,veryfast,9.99,30.21716309,0.6138134,44.02,0.985413385,0.588740846,1.368421053,1.788587547,1.359365642,1.030265849,1.328221308,1,1.736044681,1.319431916
108,Danube_river_3.mp4,3.9364978,1920,1080,20.954,29.97,628,1611.240112,32.97939873,1,0.03175,0.98637,fast,18.91,350.3796387,7.315356255,37.38,0.965214993,0.570415271,1.449152542,1.527448519,1.467488527,1.044820183,1.386987509,1.08051608,1.461924783,1.404536926
109,Dark_2.mp4,3.4960379,1920,1080,30.964,29.97,928,1469.13147,44.43637753,1,0.01651,0.99407,veryfast,14.62,130.9926758,4.041416168,39.73,0.968472091,0.554531407,1.098765432,1.336063695,1.132784315,1.020473344,1.076721346,1,1.309258789,1.110057721
110,Day Drive (inverted) 1080p30.mp4,3.3439063,1920,1080,31.192,29.97,935,1464.875,45.00297832,1,0.35276,0.89519,faster,31.66,359.4970703,11.19874859,27.2,0.911827023,0.583851097,1.166666667,1.20262594,1.023504703,1.014620939,1,1.149854711,1.185295803,1.008755747
111,Dead_trees.mp4,4.1488518,1920,1080,19.186,29.97,575,1456.856812,27.30361652,1,0.48694,0.86035,faster,15.35,438.4390869,8.381093979,36.41,0.969635003,0.694144003,1.320652174,1.546739989,1.34512921,1.015346305,1.300691367,1,1.523362011,1.324798448
112,deer_animal_food_eating_bushes_474.mp4,3.7156948,1920,1080,16.725,23.976,400,1217.440796,20.53606033,1,0.0584,0.9918,veryfast,7.55,128.4077148,2.139866829,37.77,0.962369561,0.687455635,1.353932584,1.553226588,1.383354743,1.018852999,1.133333569,1.328879225,1.524485465,1.357756952
113,dock_jetty_pier_boy_teen_teenager_453.mp4,4.2615626,1920,1080,12.08,25,302,430.9847412,5.086317062,1,0.02205,0.99152,veryfast,5,100.2875977,1.207101822,38.77,0.970117085,0.664419619,1.409090909,1.539788961,1.413323894,1.023087687,1.000516414,1.377292414,1.505041045,1.381429874
114,dog_canine_walk_pet_park_estray_804.mp4,4.3790137,1920,1080,10.444,29.97,313,483.1779785,4.932394028,1,0.1942,0.9214,veryfast,6.59,132.3745117,1.377397537,41.31,0.973528873,0.692930879,1.427710843,1.631919492,1.437461008,1.026964433,1,1.390224235,1.589071091,1.399718394
115,dog_pet_canine_white_sitting_lying_433.mp4,4.9361663,1920,1080,14.68,50,734,319.2976074,4.581183434,1,0.07462,0.98766,faster,11.84,93.3762207,1.365815163,41.49,0.9763184,0.660682645,1.58,1.847945412,1.665103463,1.029820436,1.001905028,1.534248054,1.79443459,1.616887182
116,drink_water_glass_pouring_404.mp4,3.977292,1920,1080,15.8,50,790,303.5770264,4.688096046,1,0.03833,0.96768,medium,21.47,106.2677002,1.672970772,43.61,0.988087476,0.695471682,1.54368932,1.678535077,1.652465272,1.147341211,1.345449205,1.068235248,1.46297811,1.440256182
117,Dry_lake_bottom_2.mp4,4.7052858,1920,1080,25.158,59.94,754,1776.348389,43.65553379,1,0.21861,0.64901,faster,12.86,75.44189453,1.892317772,31.8,0.878732154,0.425600421,1.369565217,1.9411023,1.502442089,1.022814993,1.339015587,1.000098232,1.897803918,1.468928496
118,duck_family_ducks_series_water_831.mp4,2.9242567,1920,1080,8.192,25,204,1904.912231,15.31263065,1,0.04961,0.90667,faster,7.44,317.0212402,2.577555656,30.34,0.955200447,0.559525268,1,1,1.004916582,1.027583054,1,0.973157348,0.973157348,0.977941956
119,electrical_light_lantern_outdoors_360.mp4,3.3649421,1920,1080,26.052,29.97,780,382.6859131,9.746026993,1,0.09669,0.97172,medium,29.65,55.84375,1.448143959,47.56,0.993869376,0.73112639,1.646551724,1.880290293,1.858381902,1.165692678,1.412509279,1.3729101,1.613024023,1.594229712
120,espresso_coffee_coffee_machine_555.mp4,4.3301956,1920,1080,66.624,29.97,1994,551.8309326,37.71563339,1,0.18735,0.97048,faster,41.41,70.84179688,4.696300507,43.8,0.987198448,0.772341416,1.354609929,1.671068073,1.459792201,1.035858556,1,1.307717082,1.613220321,1.409258236
121,espresso_coffee_ristretto_443.mp4,3.6421323,1920,1080,16.9,50,845,325.3530273,5.374081612,1,0.02118,0.98953,medium,25.5,27.94995117,0.470648766,47.34,0.993665265,0.757401716,1.666666667,1.885694147,1.814863587,1.204232534,1.223724569,1.38400734,1.565888725,1.507070715
122,fight1-Robin.Hood.2018.1080p.WEB-DL.DD5.1.H264-FGT.avi,3.5146937,1920,798,58.68,30,1406,2130.918457,123.325243,14,0.19698,0.46947,medium,73.74,141.8182373,8.27829361,17.09416927,0.767542293,0.128498674,2,1.845217714,1.713570892,1.104876089,1.431459633,1.810157736,1.67006756,1.550916803
123,fight2-FRobin.Hood.2018.1080p.WEB-DL.DD5.1.H264-FGT.avi,3.326763,1920,798,52.8,30,1264,2116.720703,110.1729431,10,0.24131,0.46774,medium,69.58,192.5786133,10.10593224,16.3557894,0.746173515,0.133098354,2,1.915652619,1.675929733,1.095627913,1.534086246,1.825437246,1.748451821,1.529652278
124,fight3-Robin.Hood.2018.1080p.WEB-DL.DD5.1.H264-FGT.avi,3.6967175,1920,798,58.128,30,1394,1834.600098,105.4683132,3,0.39492,0.60618,faster,39.75,129.0269775,7.467352867,16.91890071,0.748237369,0.121243919,1.086615413,1.982861394,1.341529523,1.023264886,1.166093431,1.061910193,1.937779182,1.311028592
125,Fire_1.mp4,4.1990203,1920,1080,54.555,29.97,1635,1667.483643,88.85722351,1,0.13372,0.95423,faster,40.8,141.6446533,7.699389458,42.7,0.97970305,0.723586229,1.294573643,1.617515761,1.410816074,1.02950336,1.257473937,1,1.571161225,1.370385108
126,Fire_3.mp4,3.409779,1920,1080,34.034,29.97,1020,1690.274048,56.19159508,1,0.16276,0.87688,medium,49.68,154.479126,5.238568306,43.42,0.982998752,0.679674351,1.705882353,1.864174623,1.776887667,1.141283984,1.49470454,1.37399683,1.633401194,1.55691983
127,Fishing_barks.mp4,3.6060302,1920,1080,35.502,29.97,1064,1719.063232,59.61365414,1,0.08445,0.97402,faster,28.45,475.9268799,16.83537102,35.55,0.948351582,0.56084423,1.152439024,1.304855741,1.230655434,1.022717503,1.126840033,1,1.275871135,1.203319031
128,Flower_3.mp4,3.1195685,1920,1080,26.293,29.97,788,1614.021484,41.45302582,1,0.0836,0.98485,medium,38.4,81.53601074,2.136088371,44.57,0.988321359,0.726223826,1.320987654,1.508669746,1.519282051,1.169788356,1.191740081,1.12925355,1.289694617,1.298766604
129,Flower_4.mp4,4.8847749,1920,1080,30.631,29.97,918,1622.19519,48.53610134,1,0.05582,0.98144,faster,16.7,50.55895996,1.543028831,42.47,0.98455722,0.768414745,1.538961039,1.845405773,1.654367118,1.031518152,1,1.491937913,1.789019195,1.603817747
130,Flower_5.mp4,4.2187178,1920,1080,49.95,29.97,1497,1728.56604,84.33696651,1,0.0824,0.96563,faster,32.57,112.0469971,5.57654953,41,0.980377951,0.726436529,1.306666667,1.613316747,1.410963251,1.026602602,1,1.272806697,1.571510479,1.374400619
131,Flowers_4.mp4,4.2558795,1920,1080,66.133,29.97,1982,1797.425781,116.1074772,1,0.00821,0.99613,veryfast,30.47,24.69213867,1.627046585,42.95,0.981568016,0.698756332,1.377245509,1.643649386,1.350930681,1.027243745,1,1.340719295,1.600057819,1.315102368
132,Flowers_6.mp4,4.7684414,1920,1080,41.041,29.97,1230,1558.882202,62.49423695,1,0.21811,0.97348,veryfast,23.39,110.5664063,4.521380424,41.46,0.977180645,0.73141729,1.511415525,1.767020709,1.585927816,1.020116144,1.48161122,1,1.732176007,1.554654169
133,Foggy_road_timelapse.mp4,3.7848172,1920,1080,22.589,29.97,677,1527.580688,33.70705891,1,0.0036,0.99472,veryfast,9.63,33.30908203,0.749702454,39.22,0.969625507,0.680823758,1.329268293,1.425875429,1.308906307,1.023484435,1.298767473,1.049138667,1.393157903,1.278872705
134,Folk musician.mp4,3.4841446,1920,1080,31.899,29.97,956,1488.944092,46.39429188,1,0.22159,0.92111,faster,26.41,404.2657471,12.84872532,36.37,0.965163505,0.651127871,1.065088757,1.345556165,1.143491343,1.020088637,1.044113932,1,1.319058086,1.120972533
135,Forest.mp4,3.9527818,1920,1080,25.125,29.97,753,1444.863892,35.4613781,1,0.02133,0.99472,faster,12.37,120.2731934,3.010956764,39.24,0.968776547,0.663002545,1.219047619,1.560104962,1.248959086,1.017772287,1.197760673,1.001262698,1.53286249,1.227149827
136,Forest_Slice.mov,4.3498616,1920,1080,10,25,250,4367.943115,42.79103088,1,0.18416,0.95512,faster,5.14,108.8154297,1.084226608,40.17506241,0.971082554,0.719036996,1.325424334,1.693973267,1.42983146,1.022843823,1,1.295822788,1.656140682,1.397898123
137,Friends.mp4,4.1104733,1920,1080,31.832,29.97,954,1563.795532,48.62404919,1,0.08778,0.98931,veryfast,17.09,117.1020508,3.714021683,39.41,0.979788162,0.684552598,1.289215686,1.591252366,1.329599475,1.022461457,1.260894167,1.001729094,1.556295697,1.300390803
138,FroggerHighway.mp4,3.8837202,1920,1080,51.833,24,1243,5493.125,274.4662342,1,0.09169,0.8476,slow,72.9,23.85925293,1.232496262,45.16231011,0.986221776,0.607262797,1.783157249,1.752594307,1.835948146,1.38313253,1,1.289216478,1.267119577,1.327384113
139,Frozen_grass.mp4,4.8764603,1920,1080,20.988,29.97,629,1568.011597,32.14590549,1,0.35669,0.95051,faster,12.16,127.2504883,2.660967827,41.45,0.98211086,0.785831272,1.579268293,1.790281761,1.589608878,1.016958734,1.552932523,1,1.760427146,1.56310067
140,grapes_vines_plants_vine_leaf_green_440.mp4,4.6237349,1920,1080,14.12,50,706,300.9525146,4.153494835,1,0.03582,0.98751,faster,10.58,51.2310791,0.72077179,42.69,0.980957949,0.686597986,1.474683544,1.767425631,1.51328173,1.028473954,1.433855995,1,1.718493332,1.471385566
141,Grass 3.mp4,3.5366594,1920,1080,30.564,29.97,916,1538.541992,45.93351555,1,0.0019,0.99697,veryfast,13.06,36.22131348,1.10307312,38.94,0.978701818,0.770918838,1.307142857,1.448999567,1.332772786,1.023299811,1.277380142,1.129827061,1.416006875,1.302426495
142,Grass_2.mp4,4.2989854,1920,1080,37.671,59.94,1129,1767.08667,65.02641773,1,0.0927,0.94221,veryfast,20.12,153.0397949,5.744353294,35.84,0.958656919,0.648190101,1.305263158,1.687186733,1.427807154,1.021497021,1.277794385,1.006571085,1.651680521,1.397759488
143,gravity.falls.s02e18.1080p.bluray.x264-taxes.mkv,3.1532798,1920,1080,1384.95,23.976,33204,640.625,1115.5765,157,0.34283,0.77526,slow,1988.14,873310,154248671,43.52,0.99225,0.999999984,1.816513761,1.923076923,2,1.318447088,1.380561358,1.377767662,1.458592416,1.516936113
144,gravity.falls.s02e19.1080p.bluray.x264-taxes.mkv,3.3314823,1920,1080,1324.896,23.976,31764,677.9785,1115.6447,209,0.12441,0.44138,slow,1629.53,704307,119003477,43.52,0.99335,0.999999984,1.809090909,1.938461538,2,1.301748507,1.325312643,1.389739184,1.489121384,1.536395078
145,gravity.falls.s02e20.1080p.bluray.x264-taxes.mkv,3.2213641,1920,1080,2638.998,23.976,63271,683.3496094,2238.944418,341,0.30173,0.72078,slow,3579.13,95.43383789,250.9341545,43.93,0.99275,0.999999985,1.955752212,1.90625,2,1.315480239,1.383317403,1.486721088,1.449090562,1.520357311
146,Grilling.mp4,3.9756197,1920,1080,30.063,29.97,901,1574.032471,46.22330189,1,0.0169,0.99537,veryfast,16.15,71.42553711,2.139515877,39.26,0.973378143,0.6886461,1.333333333,1.428471515,1.329234018,1.027423426,1.297744727,1.001565384,1.390343532,1.293754829
147,guitarist_music_man_boy_guitar_355.mp4,3.5771768,1280,720,25.472,23.976,610,265.3000488,6.610398293,1,0.29482,0.7222,faster,9.15,56.63024902,1.435584068,41.76,0.979751231,0.694354744,1.093220339,1.455173499,1.174372312,1.040699523,1,1.05046684,1.398264789,1.128445134
148,handheld video.mp4,3.009796,3840,2160,60.654,30,1821,5862.145508,349.3742352,1,0.42705,0.63138,fast,352.97,3869.003174,233.8081007,33.62,0.90624092,0.470013929,1.090047393,1.179136512,1.107594474,1.033151132,1.085929516,1.055070608,1.141301088,1.072054648
149,Hanna.S01E01.Forest.1080p.AMZN.WEB-DL.DDP5.1.H.264-NTG.mkv,4.0125249,1920,1080,2893.824,23.976,69382,909.9595947,2793.483319,7,0.08482,0.91085,faster,1273.11,41.78344727,120.4769068,47.29,0.986602518,0.75012492,1.323529412,1.411583014,1.406280217,1.032116379,1,1.28234513,1.367658767,1.362520977
150,Hanna.S01E07.1080p.AMZN.WEB-DL.DDP5.1.H.264.1-NTb.mkv,4.0863285,1920,1080,2999.424,23.976,71914,820.79,2404.197,14,0.14997,0.93259,veryfast,1306.78,45.875,134,47.16,0.98882479,0.749416573,1.378378378,1.382263847,1.454230052,1.031457023,1,1.336341067,1.340108038,1.409879442
151,Hanna.S01E08.1080p.AMZN.WEB-DL.DDP5.1.H.264.1-NTb.mkv,3.9961923,1920,1080,2906.976,23.976,69697,854.5456543,2648.970993,16,0.22686,0.91719,faster,1443.08,81.73535156,236.7427063,46.93,0.986977931,0.744365412,1.339622642,1.336331513,1.441605092,1.030370647,1,1.30013665,1.296942529,1.399113121
152,Hoeing_time-lapse.mp4,4.028899,1920,1080,20.12,29.97,603,1506.908325,29.61658764,1,0.28805,0.93026,faster,17.42,667.4730225,13.38108349,33.72,0.959650156,0.642081892,1.304635762,1.474552755,1.342565142,1.014084507,1.28651582,1.00883816,1.454072855,1.323918404
153,honey_bee_insect_bee_flower_flying_518.mp4,5.5102775,1920,1080,9.521,29.97,285,511.9628906,5.082593918,1,0.24476,0.81846,faster,6.67,195.5632324,1.852898598,22.86,0.835093402,0.123416758,2,1.997582726,1.685641923,1.028227085,1.003072479,1.94509562,1.942744706,1.639367361
154,honey_beekeeper_bees_production_1089.mp4,2.9755221,1280,720,13.681,23.976,328,459.7047119,6.145782471,1,0.46628,0.78872,faster,5.62,139.7514648,1.905038834,40.71,0.971550761,0.655252722,1.0125,1.015273497,1.038254067,1.030416667,1,0.982612212,0.985303839,1.00760605
155,Horse_riding_3.mp4,4.1134733,1920,1080,23.323,59.94,699,1913.323364,43.5909977,1,0.31957,0.81171,faster,12.71,114.1193848,2.653820038,33.65,0.910417406,0.461895935,1.3625,1.756470292,1.104760316,1.026803941,1.326932967,1,1.710618963,1.075921383
156,Horseradish.mp4,4.223816,1920,1080,18.719,29.97,561,1666.844727,30.47742939,1,0.25004,0.95374,veryfast,9.69,60.28527832,1.124345779,41.66,0.975707003,0.728331003,1.369565217,1.604060778,1.352198313,1.024150743,1.337269173,1,1.566235038,1.320311802
157,Horses.mp4,3.421679,1920,1080,21.922,29.97,657,1450.819214,31.0679884,1,0.00404,0.99663,veryfast,8.95,42.01879883,0.917811394,38.73,0.970694306,0.684995914,1.370786517,1.368820024,1.344223982,1.020239988,1.343592226,1.169839016,1.341664745,1.317556651
158,Horses_8.mp4,4.1876337,1920,1080,36.036,29.97,1080,1533.068604,53.96465206,1,0.06215,0.98617,faster,18.76,42.82006836,1.537494659,42.54,0.989215505,0.829291835,1.395973154,1.579712693,1.355248881,1.028792342,1.356904691,1.005275802,1.535501995,1.317320149
159,hosing_watering_gardening_garden_454.mp4,3.9120091,1920,1080,11.32,25,283,459.1580811,5.077824593,1,0.06387,0.98514,faster,5.18,33.64624023,0.379500389,44.85,0.987320215,0.596063808,1.235294118,1.544655908,1.252396672,1.030761071,1.198429153,1,1.498558639,1.215021315
160,HS051.mov,3.6699625,1920,1080,12.44,25,310,3122.967407,38.23340607,1,0.17277,0.89368,faster,9.56,405.6120605,5.027602196,36.0711987,0.958480193,0.641578367,1.101770372,1.406051755,1.23405474,1.019595382,1,1.080595687,1.379029152,1.210337711
161,Ice_3.mp4,4.800488,1920,1080,21.522,59.94,645,1682.501465,35.37230015,1,0.25341,0.89419,veryfast,9.96,45.62573242,0.979093552,36.15,0.903323107,0.516269457,1.541284404,1.952628354,1.424473873,1.024559722,1.504338274,1,1.905821898,1.390327809
162,Industry_2.mp4,4.4632841,1920,1080,30.531,59.94,915,1608.314941,47.96713734,1,0.0747,0.97612,faster,13.28,40.45812988,1.23137188,38.74,0.972527068,0.628141767,1.481132075,1.640532883,1.450046425,1.024293151,1.44600408,1,1.60162438,1.415655688
163,Industry_3.mp4,4.6899364,1920,1080,23.123,59.94,693,1877.940918,42.41786003,1,0.21734,0.87791,faster,11.76,55.2755127,1.274404526,34.27,0.909242632,0.542450565,1.504761905,1.837761651,1.509426064,1.030247479,1.460582952,1.004171217,1.783806015,1.465110174
164,Industry_6.mp4,4.2434336,1280,720,18.667,24,448,813.8934326,14.84253979,1,0.05045,0.98982,veryfast,3.89,52.85498047,0.983082771,38.14,0.973286734,0.726231985,1.355421687,1.621522075,1.386404956,1.025843721,1.321275023,1.002354414,1.580671638,1.351477742
165,INtensity-Robin.Hood.2018.1080p.WEB-DL.DD5.1.H264-FGT.avi,5.1513781,1920,798,12.6,30,302,1374.126343,17.09268951,1,0.26722,0.92563,faster,4.83,90.82373047,1.131923676,20.12167437,0.699296799,0.132535607,1.696825111,2,1.56806582,1.022035438,1,1.660240974,1.956879307,1.534257777
166,Into the Sun 1080p60.mp4,3.7382042,1920,1080,20.634,59.94,1237,3051.875,61.90731812,1,0.40073,0.77629,fast,36.05,316.5980225,6.525822639,28.48,0.935262161,0.591924559,1.772727273,1.722131928,1.576643804,1.062477443,1.276891353,1.66848462,1.620864461,1.483931554
167,Jasmine_flower_2.mp4,4.880299,1920,1080,27.294,29.97,818,1617.957642,43.13607216,1,0.09469,0.99477,faster,14.64,47.3079834,1.286564827,42.51,0.984727839,0.755250865,1.510791367,1.858432826,1.665864721,1.031717306,1,1.464346248,1.801300429,1.614652299
168,jellyfish-03-mbps-hd-h264.mkv,2.924801,1920,1080,30.03,29.97,900,357.0549316,10.6836586,1,0.3739,0.95,faster,25.73,252.5529785,7.556792259,39.35181238,0.965439484,0.56351782,1.003343798,1.004627933,1.00353235,1.029644108,1,0.974456893,0.975704057,0.974640016
169,jellyfish-30-mbps-hd-h264.mkv,2.9433021,1920,1080,30.03,29.97,900,3574.299316,106.9487982,1,0.3787,0.94,faster,28.69,323.8612061,9.690447807,38.0098085,0.94673608,0.526296297,1.00566633,1.007139706,1.006037873,1.02566567,1,0.980501112,0.981937619,0.980863357
170,jellyfish-70-mbps-hd-h264.mkv,2.9478508,1920,1080,30.03,29.97,900,8341.550781,249.5926313,1,0.3775,0.94,faster,30.28,332.4677734,9.947967529,37.86782252,0.943904213,0.519260993,1.00655716,1.008329735,1.007339399,1.025230419,1,0.981786281,0.983515234,0.98254927
171,Kitty.mp4,3.6748198,1920,1080,25.192,29.97,755,1602.606934,39.43626595,1,0.15532,0.9809,veryfast,12.7,67.88110352,1.70382309,39.46,0.96304499,0.666509465,1.37254902,1.592558354,1.353220142,1.022359518,1.149412419,1.342530681,1.557728301,1.323624536
172,Leaf.mp4,4.6156358,1920,1080,22.523,29.97,675,1560.44812,34.3303957,1,0.04802,0.99648,veryfast,10.43,30.31311035,0.68024826,42.43,0.984408918,0.74903954,1.526315789,1.713319977,1.523567662,1.030651341,1.480923498,1.001280643,1.662366223,1.478257099
173,legs_up_desk_home_office_relaxed_405.mp4,3.7563754,1920,1080,13.56,25,339,330.2473145,4.375386238,1,0.10435,0.96953,veryfast,5.55,31.53088379,0.426016808,43.33,0.977656755,0.615219371,1.320610687,1.452228909,1.118871228,1.030954208,1.004921637,1.280959597,1.408626006,1.085277327
174,Love.Death.and.Robots.S01E01.Sonnies.Edge.1080p.NF.WEB-DL.DDP5.1.x264-NTG.mkv,3.6758002,1920,1080,1034.432,24,24826,817.5930176,881.7144146,9,0.16213,0.86142,faster,513.57,72.2019043,74.41723347,49.26,0.9887,0.661700049,1.544395924,1.416666667,1.514126952,1.031966771,1.179760435,1.496555866,1.37278322,1.467224521
175,Love.Death.and.Robots.S01E02.Three.Robots.1080p.NF.WEB-DL.DDP5.1.x264-NTG.mkv,4.5020993,1920,1080,696.448,24,16714,490.7226563,361.4448538,6,0.14999,0.92136,faster,284.88,57.03588867,39.5774231,45.8,0.98885,0.73875,1.537356322,1.569767442,1.528798154,1.029724485,1,1.49297831,1.524453837,1.484667186
176,Love.Death.and.Robots.S01E03.The.Witness.1080p.NF.WEB-DL.DDP5.1.x264-NTG.mkv,4.5329653,1920,1080,726.432,24,17434,831.2988281,611.453145,32,0.25827,0.89424,faster,396.65,127.3358154,92.16501713,46.16,0.97705,0.6818,1.537940379,1.564102564,1.564654346,1.029502095,1,1.493868139,1.519280603,1.519816573
177,Love.Death.and.Robots.S01E04.Suits.1080p.NF.WEB-DL.DDP5.1.x264-NTG.mkv,3,1920,1080,1042.432,24,25018,654.296875,693.225563,21,0.21593,0.85895,slower,4394.93,77.0994873,80.0797863,50.49,0.99375,0.774950195,2,2,2,2,1,1,1,1
178,Love.Death.and.Robots.S01E05.Sucker.of.Souls.1080p.NF.WEB-DL.DDP5.1.x264-NTG.mkv,3.0954239,1920,1080,780.448,24,18730,515.1367188,424.6321201,34,0.23666,0.80546,medium,671.16,108.0953369,84.05501938,46.55,0.99005,0.722500049,1.59400545,1.77173913,1.663585651,1.140461006,1.424654602,1.397685183,1.553528899,1.458695776
179,Love.Death.and.Robots.S01E06.When.the.Yogurt.Took.Over.1080p.NF.WEB-DL.DDP5.1.x264-NTG.mkv,3.3645989,1920,1080,380.448,24,9130,402.0966797,169.9555578,22,0.30209,0.86962,faster,154.17,48.78027344,18.48989391,47.79,0.992,0.744000122,1.532033426,1.542372881,1.540727846,1.033156966,1.327653428,1.482866085,1.492873718,1.491281476
180,Love.Death.and.Robots.S01E07.Beyond.the.Aquila.Rift.1080p.NF.WEB-DL.DDP5.1.x264-NTG.mkv,4.4976897,1920,1080,996.448,24,23914,562.3924561,601.0414085,10,0.14313,0.88018,faster,449.47,53.64160156,53.2564497,47.59,0.99155,0.724700146,1.536986301,1.568627451,1.536358561,1.032079263,1,1.489213432,1.519871106,1.488605203
181,Love.Death.and.Robots.S01E08.Good.Hunting.1080p.NF.WEB-DL.DDP5.1.x264-NTG.mkv,3.0423,1920,1080,1032.448,24,24778,289.3066406,342.2180662,18,0.25317,0.89664,slow,1288.81,53.66955566,55.20937538,49.54,0.99435,0.780800195,1.95640327,1.945945946,1.9534438,1.347276397,1.428653739,1.45211723,1.444355405,1.449920599
182,Love.Death.and.Robots.S01E09.The.Dump.1080p.NF.WEB-DL.DDP5.1.x264-NTG.mkv,3.8242225,1920,1080,634.432,24,15226,525.706665,359.9583921,6,0.16281,0.87744,faster,298.6,61.28356934,38.73895359,46.48,0.99115,0.730150097,1.529014845,1.603448276,1.534309263,1.03307303,1.181251701,1.480064623,1.552115126,1.485189545
183,Love.Death.and.Robots.S01E10.Shape-Shifters.1080p.NF.WEB-DL.DDP5.1.x264-NTG.mkv,4.5207166,1920,1080,970.432,24,23290,654.296875,647.6422443,10,0.18503,0.86892,faster,471.8,66.61315918,64.40924358,45.9,0.98795,0.6933,1.548295455,1.584615385,1.536354057,1.032859448,1,1.499037897,1.534202342,1.487476403
184,Love.Death.and.Robots.S01E11.Helping.Hand.1080p.NF.WEB-DL.DDP5.1.x264-NTG.mkv,4.5603594,1920,1080,604.448,24,14506,424.8046875,274.2544537,6,0.13804,0.90292,faster,253.53,45.98059082,27.69112682,46.47,0.99015,0.704050049,1.53133515,1.636363636,1.5438505,1.033153054,1,1.482195831,1.583854037,1.494309574
185,Love.Death.and.Robots.S01E12.Fish.Night.1080p.NF.WEB-DL.DDP5.1.x264-NTG.mkv,3.6998072,1920,1080,614.432,24,14746,528.9412842,350.4987516,16,0.29201,0.90233,faster,265.9,71.29919434,43.64929771,46.36,0.9904,0.7204,1.528198074,1.449438202,1.490957974,1.030496777,1.172047435,1.482972202,1.406543169,1.446834194
186,Love.Death.and.Robots.S01E13.Lucky.13.1080p.NF.WEB-DL.DDP5.1.x264-NTG.mkv,3.6342381,1920,1080,888.448,24,21322,755.6152344,680.450242,15,0.17377,0.87726,faster,468.95,85.55566406,75.73477364,47.8,0.98805,0.697450244,1.542776999,1.509090909,1.536223905,1.032543582,1.222673011,1.494151943,1.461527567,1.487805389
187,Love.Death.and.Robots.S01E14.Zima.Blue.1080p.NF.WEB-DL.DDP5.1.x264-NTG.mkv,3.6164073,1920,1080,624.448,24,14986,542.505249,364.5730247,30,0.31701,0.90323,faster,263.55,62.91210938,39.14157963,47.61,0.99145,0.750150049,1.537414966,1.53030303,1.533885404,1.02813388,1.237605354,1.495345107,1.488427782,1.491912128
188,Love.Death.and.Robots.S01E15.Blindspot.1080p.NF.WEB-DL.DDP5.1.x264-NTG.mkv,3.1608379,1920,1080,524.448,24,12586,334.4726563,193.4730911,21,0.15209,0.83506,slow,788.51,46.20751953,24.14454079,49.51,0.99435,0.751500146,1.955922865,1.93877551,1.954661744,1.363606647,1.357116182,1.434374693,1.421799692,1.433449851
189,Love.Death.and.Robots.S01E16.Ice.Age.1080p.NF.WEB-DL.DDP5.1.x264-NTG.mkv,3.8259811,1920,1080,630.432,24,15130,526.493042,358.1271877,16,0.13178,0.90877,faster,283.54,46.59020996,29.26520634,47.15,0.98975,0.710800049,1.539509537,1.630434783,1.55685412,1.034440124,1.19431504,1.488253889,1.576151916,1.505021011
190,Love.Death.and.Robots.S01E18.The.Secret.War.1080p.NF.WEB-DL.DDP5.1.x264-NTG.mkv,4.2497975,1920,1080,982.432,24,23578,868.3200684,886.0022898,23,0.18962,0.8581,faster,552.11,114.0140381,111.605093,49.36,0.97475,0.640650049,1.558951965,1.28358209,1.533766125,1.029766762,1,1.513888409,1.246478462,1.489430599
191,Love.mp4,4.1219876,1920,1080,30.264,29.97,907,1451.774414,42.91785336,1,0.02901,0.98705,fast,19.63,169.9309082,5.12405777,40.77,0.987293556,0.68486542,1.35625,1.721861973,1.449200697,1.051993716,1.289218728,1.044048467,1.636760703,1.377575432
192,Market 720p120.mp4,5.2013511,1280,720,20.666,119.88,2477,2197.375,44.4876585,1,0.25199,0.77504,faster,26.65,519.4188232,10.72144032,17.26,0.587705967,0.056304123,2,2,1.330831159,1.024893547,1,1.95142218,1.95142218,1.298506721
193,marmots_family_animals_furry_cute_968.mp4,5.0045638,1280,720,27.03,29.97,810,327.7647705,9.205666542,1,0.23222,0.92637,faster,9.64,99.01452637,2.666407585,24.21,0.743816817,0.294544536,1.714285714,1.892522989,1.56486823,1.027021536,1.006202988,1.669181857,1.842729604,1.523695634
194,mars-20030905.avi,4.2362198,1920,1080,15.24,25,381,1005.489136,14.97538948,1,0.0081,0.98,faster,5.4,24.39831543,0.370488167,44.64409227,0.992329338,0.570617414,1.322442251,1.644367188,1.387253623,1.027818024,1,1.286650185,1.599862184,1.34970743
195,Merlot.mp4,4.7734558,1920,1080,34.601,59.94,1037,1661.139526,56.14761162,1,0.07553,0.97663,veryfast,16.36,38.49182129,1.327046394,40.47,0.97551532,0.694016355,1.488888889,1.845492033,1.556784543,1.024659213,1.453057632,1,1.801078846,1.519319325
196,messi goal.mp4,4.8185213,1920,1080,15.701,59.94,940,6843.75,105.0998707,1,0.25362,0.90947,veryfast,21,301.8652344,4.717063904,8.97,0.171185525,0.002300781,2,1.968670174,1.007760155,1.026810941,1.005804693,1.947778233,1.917266456,0.981446647
197,Military_Boat.mp4,3.6348983,1920,1080,18.151,29.97,544,1477.245239,26.19325447,1,0.2314,0.96904,veryfast,13.19,261.4006348,4.727558136,37.64,0.956640814,0.598464869,1.1640625,1.383244157,1.184114698,1.026554547,1.133950946,1,1.34746289,1.153484441
198,Military_Boat2.mp4,4.2487618,1920,1080,11.144,29.97,334,1544.355591,16.81263256,1,0.07473,0.98719,faster,6.43,93.7208252,1.04065609,39.7,0.97592562,0.614486603,1.371069182,1.632583655,1.378266108,1.026996835,1.335027661,1.004229214,1.589667659,1.3420354
199,monarch_butterfly_wings_flying_627.mp4,3,1300,1000,8.333,30,249,1747.196167,14.55603981,1,0.04048,0.95432,slower,23.83,107.7167969,0.894364357,44.59,0.998064005,0.766479255,2,2,2,2,1,1,1,1
200,Monument.mp4,4.041925,1920,1080,19.987,29.97,599,1431.703491,27.95226288,1,0.02083,0.99487,veryfast,9.8,140.6893311,2.801668167,37.91,0.971543497,0.706921268,1.446428571,1.655365273,1.485413472,1.014227834,1.426137721,1.118985849,1.632143408,1.464575732
201,Monument_2.mp4,3.6805567,1920,1080,30.731,29.97,921,1491.276001,44.7657671,1,0.00581,0.99668,faster,13.24,62.1776123,1.903822899,38.22,0.966779682,0.697810653,1.442528736,1.492808205,1.434779775,1.015402211,1.420647621,1.169341656,1.470164422,1.413016201
202,Moon.mp4,3.9772975,1920,1080,12.913,29.97,387,1759.691772,22.19558716,1,0.03665,0.98928,faster,6.66,20.68908691,0.26619339,48.17,0.993939971,0.748435571,1.652777778,1.803711244,1.751590734,1.037045947,1.593736308,1.262674903,1.739278043,1.689019411
203,Mushrooms.mp4,4.4950922,1920,1080,29.162,29.97,874,1518.822754,43.26584339,1,0.01941,0.99382,faster,14.44,53.5144043,1.554952621,40.5,0.977181767,0.73771615,1.463235294,1.651902204,1.502221225,1.026692528,1.425193283,1.000494274,1.608955124,1.463165635
204,Musician.mp4,2.999414,1920,1080,39.039,29.97,1170,1650.758911,62.94848633,1,0.1092,0.90528,slower,161.35,36.22241211,1.408985138,47.23,0.989514898,0.706788973,2,1.998828091,2,2,1,1,0.999414046,1
205,New_Year_Champagne.mp4,4.0130803,1920,1080,19.786,29.97,593,1518.448853,29.34844017,1,0.0936,0.9834,fast,13.3,76.12402344,1.500753403,43.53,0.986234072,0.745507259,1.481818182,1.743659064,1.606533411,1.061161322,1.39641179,1.134667527,1.643161155,1.513938905
206,New_Year_Champagne_2.mp4,4.3936438,1920,1080,39.907,29.97,1196,1419.888306,55.35001945,1,0.04164,0.99717,veryfast,18.91,46.27075195,1.839813232,42.35,0.982397665,0.759139156,1.346534653,1.679909507,1.489448664,1.027824071,1.310082817,1,1.634432929,1.449128023
207,New_Year_Champagne_3.mp4,4.5218138,1920,1080,32.232,29.97,966,1448.694458,45.61264896,1,0.01942,0.99547,faster,14.39,42.82592773,1.375383377,41.91,0.984387732,0.771530568,1.401515152,1.695473062,1.535092327,1.024385505,1.368152073,1,1.655112313,1.498549443
208,New_Year_Champagne_4.mp4,4.4649196,1920,1080,28.028,29.97,840,1523.139526,41.70089817,1,0.06545,0.97919,fast,18.19,67.66455078,1.889657974,43.42,0.986186262,0.767175689,1.40952381,1.737777688,1.568710829,1.056236786,1.334477105,1,1.645253896,1.485188595
209,New_Year_Champagne_5.mp4,4.5673189,1920,1080,28.929,29.97,867,1444.078491,40.80772877,1,0.02887,0.99447,faster,13.38,43.20336914,1.245319366,42.62,0.985657627,0.756060744,1.441666667,1.719911005,1.538393706,1.029043838,1.40097692,1,1.671368062,1.494973926
210,New_Year_Lights.mp4,4.3110182,1920,1080,24.391,29.97,731,1595.706787,38.01832962,1,0.23948,0.84653,faster,14.79,138.0266113,3.354456902,39.81,0.978597504,0.735141138,1.26875,1.698486602,1.455602943,1.02593851,1.236672557,1,1.655544251,1.41880135
211,Next Window 1080p30.mp4,4.8063974,1920,1080,14.986,29.97,449,1464.875,21.85937881,1,0.12107,0.98471,veryfast,8.3,199.4783936,3.017548561,27.11,0.958257783,0.707267424,1.722222222,1.761389661,1.397335198,1.015510503,1,1.695917686,1.734486896,1.375992856
212,Night Drive 1080p30 (inverted).mp4,3.9091818,1920,1080,19.417,29.97,582,1444.561157,27.92597675,1,0.23254,0.93997,faster,11.69,104.18396,2.029755592,28.03,0.936010108,0.681985354,1.333333333,1.518717453,1.180068916,1.031448506,1,1.292680464,1.472412286,1.144089026
213,nyc_new_york_city_taxi_evening_dark_1060.mp4,3.1998839,1920,1080,17.8,25,445,300.1218262,5.220355988,1,0.04848,0.94735,fast,8.99,18.13232422,0.321590424,48.51,0.995222289,0.669087932,1.936170213,2,1.811327938,1.078308208,1.7955629,1.665718901,1.854757282,1.679786841
214,Old_acoustic_guitar.mp4,3.6934232,1920,1080,14.448,29.97,433,1450.858643,20.47636032,1,0.00797,0.99217,veryfast,6.22,48.72998047,0.701460838,39.28,0.966420199,0.64395469,1.406779661,1.460465634,1.388805681,1.02173913,1.12781463,1.376848179,1.429391897,1.359256624
215,Old_age_couple.mp4,3.7071272,1920,1080,47.581,59.94,1426,1467.435181,68.20885658,1,0.00682,0.9958,veryfast,18.47,39.99938965,1.896343231,40.13,0.973838048,0.671831287,1.440298507,1.470304686,1.364492557,1.022365373,1.408790384,1.127982133,1.438140144,1.334642773
216,Old_gate.mp4,4.1196712,1920,1080,25.259,29.97,757,1564.121826,38.59143162,1,0.00074,0.9971,faster,10.59,23.35058594,0.587659836,40.59,0.976407063,0.691313416,1.383561644,1.464670245,1.384620172,1.027473271,1.346567042,1,1.425506907,1.347597267
217,Ostrich.mp4,4.3773515,1920,1080,21.889,29.97,656,1634.198364,34.94053173,1,0.14811,0.98695,veryfast,10.92,29.76330566,0.64910984,44.08,0.986689999,0.78551062,1.442424242,1.690873798,1.577760067,1.02922252,1.401469764,1.045677478,1.642865138,1.532963024
218,packaging_band_conveyor_flat_conveyor_378.mp4,4.5695012,1920,1080,7.402,24,177,509.0925293,3.752221107,1,0.18348,0.87888,faster,4.81,120.6439209,0.886537552,42.1,0.979970181,0.729676097,1.457446809,1.72786141,1.541472198,1.034419338,1,1.408951626,1.670368434,1.49018115
219,Party.mp4,3.2772367,1920,1080,31.164,29.97,934,1602.376343,48.7788496,6,0.24642,0.85527,medium,48.87,103.4516602,3.212328911,46.28,0.990965899,0.610357074,1.429824561,1.455890112,1.468750954,1.161063291,1.23147857,1.144382378,1.253928294,1.265005073
220,Peaches_2.mp4,4.6812352,1920,1080,33.867,29.97,1015,1474.157959,48.76846409,1,0.05354,0.994,veryfast,19.71,77.15319824,2.603515625,41.36,0.979394187,0.768195251,1.457446809,1.773715511,1.57460427,1.02660225,1.419680122,1,1.727753383,1.533801693
221,Piano_keys.mp4,3.4130038,1920,1080,23.39,29.97,701,1613.243774,36.85867691,1,0.23912,0.88,faster,13.88,50.16882324,1.169214249,44.08,0.988806452,0.795813982,1.340740741,1.661169483,1.515238172,1.037426642,1.292371612,1.275763536,1.601240431,1.4605738
222,Pig.mp4,4.3518498,1920,1080,47.047,29.97,1410,1611.167114,74.04182529,1,0.12942,0.93396,veryfast,27.3,65.9609375,3.092061043,42.73,0.980598863,0.668367714,1.397163121,1.65244682,1.435569114,1.030403113,1.355938373,1.000227352,1.603689662,1.393211158
223,Pigeon.mp4,4.19845,1920,1080,36.87,29.97,1105,1674.657227,60.31188488,1,0.02063,0.97942,faster,17.33,29.18518066,1.072173119,43.73,0.984987332,0.549333243,1.431654676,1.551416818,1.358417536,1.031016752,1.388585271,1.002960899,1.504744529,1.317551372
224,Pigeon_2.mp4,4.3145994,1920,1080,17.15,29.97,514,1533.730713,25.69466019,1,0.07163,0.98416,veryfast,13.02,165.2421875,2.823676109,40.52,0.97852407,0.760231844,1.327868852,1.682259477,1.44094271,1.030355262,1.288748553,1.001237386,1.632698487,1.398491145
225,Playground_2.mp4,4.188738,1920,1080,43.677,29.97,1309,1587.009277,67.70777225,1,0.01102,0.99715,faster,20.15,103.2297363,4.492488861,38.42,0.968641353,0.656496929,1.37398374,1.50617002,1.384541439,1.017570832,1.350258573,1.000553125,1.480162335,1.360633967
226,Pontoon_for_docking_boats.mp4,3.1465041,1920,1080,30.964,29.97,928,1505.782837,45.54466248,1,0.0356,0.98634,faster,23.99,332.0556641,10.24466133,37.4,0.958130125,0.571582945,1.027522936,1.146959714,1.065611491,1.029744146,0.997842949,1,1.113829798,1.034831317
227,Pontoon_for_docking_boats_2.mp4,4.291222,1920,1080,36.003,29.97,1079,1552.463867,54.59661579,1,0.15306,0.93552,faster,22.31,108.7563477,3.901314735,39.72,0.980008193,0.737447303,1.337748344,1.641466817,1.423184647,1.025683469,1.304250663,1.000219093,1.600363921,1.387547611
228,Promenade.mp4,3.5841318,1920,1080,30.43,29.97,912,1472.770874,43.77840137,1,0.00711,0.99618,faster,13.5,90.49230957,2.74374485,37.77,0.969963057,0.655735202,1.437869822,1.483293989,1.408078989,1.01771465,1.412841823,1.18686671,1.457475323,1.383569539
229,Public_fountain_2.mp4,4.7104389,1920,1080,30.664,29.97,919,1475.423706,44.19385338,1,0.026,0.99633,faster,16.19,73.62341309,2.249440193,42.34,0.984162409,0.794699616,1.469135802,1.783589284,1.575071765,1.024914431,1.433422886,1,1.740232384,1.536783674
230,pumpkin_man 3.mp4,3.5755551,1920,1080,15.382,29.97,461,1498.312988,22.51325703,1,0.03498,0.99329,faster,6.98,88.70507813,1.359535217,38.09,0.973308017,0.712092322,1.370165746,1.471606143,1.368476652,1.018994596,1.344625134,1.155559681,1.444174629,1.342967526
231,Rabbits.mp4,4.3528214,1920,1080,40.941,29.97,1227,1331.381104,53.2460165,2,0.07853,0.96337,faster,19.53,34.69396973,1.415280342,40.95,0.9864,0.85455,1.019556025,1.620253165,1.833398551,1.02765708,0.992116967,1,1.576647693,1.784056751
232,racing1-Ralph.Breaks.the.Internet.2018.1080p.BluRay.x264-SPARKS.avi,5.2450086,1920,808,60,30,1438,2048.721924,121.3241043,16,0.2409,0.4,faster,41.45,199.0612793,11.88410759,11.85058309,0.59564183,0.089735062,1.6317932,2,1.698124431,1.016188546,1,1.605797671,1.968138696,1.671072202
233,racing2-Ralph.Breaks.the.Internet.2018.1080p.BluRay.x264-SPARKS.avi,3.225606,1920,808,60.192,30,1443,1808.66333,107.6396008,24,0.35799,0.55271,faster,42.59,217.5360107,13.0321455,10.94,0.573357792,0.057238102,1,2,1.401082189,1.02202975,1.335010318,0.978445099,1.956890199,1.370882002
234,Rain.mp4,3.8749677,1920,1080,17.451,29.97,523,1589.025879,27.08687973,1,0.24408,0.94504,faster,13.47,200.9367676,3.493691444,38.42,0.96819691,0.676843607,1.206349206,1.468575003,1.314752017,1.029602457,1,1.171665042,1.426351494,1.276951126
235,Rain_2.mp4,4.0287686,1920,1080,34.668,29.97,1039,1825.014893,61.80002022,1,0.00156,0.99646,veryfast,15.44,16.34509277,0.564609528,43.08,0.977068057,0.722622064,1.393939394,1.503004251,1.250682284,1.029502151,1,1.353993668,1.459933084,1.214841836
236,rain_thunder_water_lightning_387.mp4,2.9281907,1280,620,35.563,29,1017,604.201416,21.17356682,6,0.02861,0.89187,veryfast,12.53,48.99682617,1.712021828,44.08,0.981892157,0.53135685,1,1.008431051,1.029111137,1.037344398,1,0.964,0.972127533,0.992063136
237,random1-Ralph.Breaks.the.Internet.2018.1080p.BluRay.x264-SPARKS.avi,4.1076879,1920,808,300.984,30,7216,1220.777466,366.1181374,39,0.3588,0.8,faster,152.81,113.4700928,34.02760887,12.67948653,0.584335466,0.050172856,1.937380764,2,1.684492824,1.023560004,1.337119823,1.892786702,1.953964587,1.645719663
238,random2-Ralph.Breaks.the.Internet.2018.1080p.BluRay.x264-SPARKS.avi,5.8470199,1920,808,301.008,30,7217,828.4587402,250.863821,35,0.3384,0.7,faster,115.19,77.73156738,23.31343174,13.35268086,0.604017775,0.04431834,2,2,2,1.026163767,1,1.949006644,1.949006644,1.949006644
239,Reflection 2.mp4,3.3022103,1920,1080,30.931,29.97,927,1479.619751,44.70530415,1,0.04321,0.97446,fast,37.41,680.2546387,20.96500969,34.57,0.93311565,0.499775756,1.18,1.335749235,1.221713615,1.044870646,1.129326395,1.083202446,1.278387177,1.169248672
240,Reflection.mp4,3.7868852,1920,1080,30.43,29.97,912,1541.082031,45.80841637,1,0.0277,0.97009,fast,28.53,356.6340332,10.81320095,37.12,0.968528545,0.506131908,1.335714286,1.490912556,1.370391487,1.053373882,1.268034369,1.052146425,1.415368828,1.300954496
241,Restaurant.mp4,3.7465005,1920,1080,49.049,29.97,1470,1511.712402,72.42868519,1,0.0939,0.98307,faster,34.94,662.8046875,32.39256763,33.03,0.944358549,0.588339295,1.148717949,1.416903264,1.223848689,1.010119443,1.137210017,1.001336232,1.402708634,1.211588092
242,rick.and.morty.2014.s01e01.pilot.720p.hdtv.x264.mkv,3.0270774,1280,720,1348.672,23.976,32335,278.225708,447.370141,182,0.21512,0.63227,slow,830.27,78.71679688,105.7773323,38.84,0.97276634,0.473838421,1.880530973,1.924124175,1.911399637,1.243813738,1.518159868,1.511907222,1.546955236,1.536724976
243,rick.and.morty.2014.s01e03.anatomy.park.720p.hdtv.x264.mkv,3.9665244,1280,720,1313.792,23.976,31499,416.0251465,616.1863623,185,0.20892,0.56572,faster,299.42,86.90258789,113.7581348,43.85,0.987023625,0.705255189,1.25974026,1.476708351,1.342061561,1.028232728,1,1.225150907,1.436161591,1.305211869
244,rick.and.morty.2014.s01e04.m.night.shaym-aliens!.720p.hdtv.x264.mkv,4.0263917,1280,720,1263.488,23.976,30293,395.7220459,567.0330553,212,0.21282,0.56813,fast,359.01,96.8026123,121.8658504,48.9,0.989201825,0.708694591,1.731958763,1.633736836,1.795536155,1.055802452,1.214100599,1.640419342,1.54738875,1.700636471
245,rick.and.morty.2014.s01e05.meeseeks.and.destroy.720p.hdtv.x264.mkv,3,1280,720,1268.256,23.976,30407,285.4255371,429.7934809,187,0.21327,0.61337,slower,2581.64,79.13952637,100.0045614,48.86,0.994684513,0.677985183,2,2,2,2,1,1,1,1
246,Robin.Hood.2018.1080p.WEB-DL.DD5.1.H264-FGT (2).avi,5.7478303,1920,798,60.024,30,1439,1132.62854,67.8105793,1,0.2171,0.94,faster,20.87,52.60546875,3.142790794,15.55800227,0.732921741,0.125972826,1.98622207,2,1.933845662,1.028937413,1.000999315,1.930362377,1.943752822,1.879458981
247,Robin.Hood.2018.1080p.WEB-DL.DD5.1.H264-FGT (3).avi,4.6343114,1920,798,60.024,30,1439,1929.886353,114.49897,5,0.5029,0.63,veryfast,50.1,188.2613525,11.2472229,13.47003045,0.69649309,0.075949814,1.479291025,1.988464136,1.316695201,1.024461641,1.00774614,1.44396917,1.940984471,1.285255736
248,Robin.Hood.2018.1080p.WEB-DL.DD5.1.H264-FGT.avi,5.3513972,1920,798,60.024,30,1439,1250.937134,74.73888779,1,0.2328,0.83,veryfast,27.7,72.19665527,4.313220024,17.22113236,0.744485031,0.124413362,1.791902755,2,1.76664784,1.032220823,1.006286772,1.735968424,1.937569903,1.711501842
249,Roe_deer.mp4,4.3434757,1920,1080,26.994,29.97,809,1604.397339,42.3040123,1,0.04346,0.99553,veryfast,12.62,55.19592285,1.484527588,41.9,0.979250749,0.604874197,1.362903226,1.699390769,1.38468501,1.023829608,1.331181688,1,1.659837492,1.352456502
250,Rooster_1.mp4,4.1937877,1920,1080,21.355,29.97,640,1565.757202,32.66104317,1,0.14353,0.76475,faster,13.09,95.98950195,2.042361259,42.02,0.976445153,0.651096762,1.361290323,1.610358206,1.338105217,1.027651859,1.324660984,1,1.567026997,1.302099739
251,Roses.mp4,4.2944629,1920,1080,30.964,29.97,928,1526.921143,46.1838522,1,0.11528,0.97375,veryfast,19.39,103.7009277,3.199406624,40.79,0.978193277,0.740996844,1.324022346,1.643725685,1.459825064,1.030995764,1.284217057,1,1.594308864,1.415937015
252,Rotating_orange.mp4,3.8025799,1920,1080,61.528,29.97,1844,1571.576904,94.45297623,1,0.1674,0.92812,faster,40.44,158.1323242,9.694449425,39.14,0.974503381,0.651033877,1.16988417,1.497064757,1.238096034,1.026946189,1.13918741,1,1.457783059,1.205609454
253,Ruin_boat.mp4,3.5227942,1920,1080,30.564,29.97,916,1461.486084,43.63358402,1,0.02024,0.99164,veryfast,16.95,241.0712891,7.341510773,36.29,0.968341321,0.660987811,1.299435028,1.425350116,1.324701434,1.018487492,1.275847802,1.128644023,1.399477291,1.300655574
254,Ruins_2.mp4,3.4924809,1920,1080,30.998,29.97,929,1462.097656,44.27133656,1,0.00596,0.99725,faster,13.56,101.657959,3.139717102,37.34,0.970653261,0.707387157,1.354285714,1.417439007,1.354280633,1.016458289,1.332357391,1.162267745,1.394488118,1.332352392
255,Samsung Galaxy S9- Remix Your Everyday.mp4,2.9228265,1280,720,30.047,23.976,720,162.4312744,5.23041153,7,0.2644,0.58,faster,10.29,91.54199219,2.73908329,41.20747932,0.967820648,0.615453085,1.006526487,1.002576031,1.00449721,1.031056669,1,0.976208697,0.972377233,0.974240544
256,Santa_Claus.mp4,3.0563057,1920,1080,18.018,29.97,540,1587.531372,27.94099903,1,0.54285,0.72889,veryfast,18.5,367.87854,6.604509354,38.23,0.970401841,0.648743001,1.044776119,1.27798867,1.10194184,1.02328226,1.02100482,1.095042929,1.248911195,1.076869875
257,sawing_tools_saw_carpentry_wood_520.mp4,4.4928211,1920,1080,11.307,24,260,1025.941895,11.00958443,1,0.14585,0.98138,veryfast,4.72,42.51550293,0.458950996,41.78,0.972147767,0.621030988,1.456521739,1.695149918,1.485950614,1.03222945,1,1.411044549,1.642222006,1.439554562
258,Scallions.mp4,4.6131017,1920,1080,27.361,29.97,820,1089.014893,29.10847664,1,0.26729,0.94839,faster,15.42,71.22570801,1.941701889,41.47,0.977634163,0.741983653,1.445859873,1.763478558,1.522870924,1.025819419,1.409468222,1,1.719092587,1.48454094
259,seagull_ocean_boat_cruise_birds_401.mp4,3.2548772,1920,1080,15.68,50,784,321.9112549,4.933218002,1,0.06133,0.96847,faster,13.84,191.0062256,2.984168053,38.59,0.956278288,0.544679364,1.008064516,1.269543578,1.051708067,1.02286999,1,0.985525557,1.241158301,1.028193296
260,sitka_black_tailed_deer_deer_wildlife_969.mp4,3.9194759,1280,720,12.012,29.97,360,289.5743408,3.401821136,1,0.33622,0.84772,fast,5.53,181.0695801,2.167156219,34.66,0.967304515,0.642626132,1.563451777,1.677097131,1.571709507,1.049273021,1.170125465,1.490033333,1.598341993,1.497903287
261,smartphone_scroll_touch_android_399.mp4,3.7006131,1920,1080,12.94,50,647,411.2762451,5.200611115,1,0.03173,0.98488,faster,9.64,24.30859375,0.313417435,46.89,0.99351139,0.734096708,1.5,1.629690553,1.547741075,1.035551811,1.448503091,1.220567878,1.573741203,1.494605155
262,Smoke_2.mp4,4.3488421,1920,1080,30.898,29.97,926,1493.59082,45.07863331,1,0.03577,0.99529,veryfast,15.71,54.58752441,1.680505753,40.34,0.965531464,0.612336811,1.431818182,1.646085418,1.392010225,1.02784,1.393036058,1,1.601499667,1.354306336
263,Snail.mp4,4.3934303,1920,1080,65.832,29.97,1973,1715.892822,110.3385439,1,0.0401,0.9933,veryfast,38.09,56.18701172,3.685554504,42.01,0.978878369,0.726653949,1.407079646,1.664042412,1.484057665,1.033677723,1.361236306,1.003036225,1.6098271,1.435706344
264,Snow_3.mp4,4.2474318,1920,1080,26.527,29.97,795,1616.580444,41.88754559,1,0.07472,0.98618,faster,12.72,44.015625,1.163342476,41.85,0.983198419,0.732726382,1.387596899,1.585343752,1.379855948,1.024806701,1.354008417,1,1.546968565,1.346454846
265,Snow_4.mp4,4.304071,1920,1080,30.43,29.97,912,1547.076538,45.98655701,1,0.00096,0.99719,veryfast,13.38,10.68554688,0.323986053,45.99,0.988879745,0.806359933,1.661764706,1.90253329,1.713771328,1.033785617,1.607455819,1.186219826,1.840355735,1.657762789
266,Snow_5.mp4,4.9451396,1920,1080,30.43,29.97,912,1598.829224,47.52449894,2,0.11741,0.96511,veryfast,16.02,36.25354004,1.0992136,43.38,0.992946576,0.790732937,1.583333333,1.763721225,1.750064384,1.030733074,1.536123535,1,1.711132852,1.697883213
267,Snowing.mp4,4.7164923,1920,1080,30.597,29.97,917,1474.202148,44.06116772,1,0.03865,0.99512,faster,15.85,85.20385742,2.597572327,39.2,0.97873146,0.751761831,1.479768786,1.772751466,1.564707229,1.021358079,1.448824674,1,1.735680661,1.531986931
268,Snowing_5.mp4,3.1439468,1920,1080,30.497,29.97,914,1650.8302,49.17743397,1,0.02374,0.95814,medium,38.05,201.2229004,6.114546776,41.62,0.978367105,0.641537375,1.432835821,1.593255545,1.589369507,1.121026276,1.278146509,1.309556072,1.421247279,1.41778078
269,Snowy_road_in_the_park.mp4,3.6279625,1920,1080,48.582,29.97,1456,1475.901001,70.03989983,1,0.04968,0.99486,faster,23,217.6938477,10.53783131,35.27,0.962747883,0.626420429,1.314009662,1.47448474,1.332552332,1.013634348,1.296334979,1.120633058,1.454651515,1.314628233
270,soft_drink_beverage_glass_refreshing_365.mp4,4.2149331,1920,1080,22.082,29.97,661,255.8511963,5.527479172,1,0.06795,0.98785,veryfast,10.43,45.79052734,1.006263733,44.63,0.989743324,0.762479861,1.333333333,1.61074277,1.40885272,1.032739726,1.291064244,1,1.559679297,1.364189529
271,Super_8mm_film_France_70s_6.mp4,4.124508,1280,720,58.267,23.976,1397,1014.786499,57.75927925,1,0.10428,0.97844,veryfast,17.47,33.7878418,1.961608887,42.41,0.982856281,0.732994959,1.298969072,1.607711374,1.388426445,1.040514526,1.248391099,1.000814703,1.545111898,1.334365269
272,surf_board_painting_building_making_1019.mp4,4.2144253,1920,1080,15.6,25,390,326.7354736,4.979997635,1,0.05723,0.98605,veryfast,6.95,82.6842041,1.285217285,40.57,0.973356385,0.703712065,1.347826087,1.59120741,1.386892544,1.026456918,1,1.313085881,1.550194053,1.351145401
273,Swan.mp4,3.2233169,1920,1080,24.024,29.97,720,1490.595581,34.98021793,1,0.07508,0.92989,veryfast,20.89,393.435791,9.417783737,36.75,0.941539467,0.594561897,1.103703704,1.150276958,1.124449778,1.030991159,1.016616226,1.070526837,1.115700119,1.090649293
274,Synthesizer_Korg_MS2000R.mp4,4.4161545,1920,1080,18.285,29.97,548,1494.289917,26.68998623,1,0.16164,0.96226,veryfast,9.48,71.65856934,1.305547714,40.16,0.980888039,0.737588065,1.363095238,1.709325722,1.43623372,1.020945857,1.3351298,1,1.674256975,1.406767763
275,Synthesizer_Korg_MS2000R_2.mp4,4.6854902,1920,1080,20.888,29.97,626,1582.690308,32.29201317,1,0.07144,0.93492,faster,9.69,17.81152344,0.370688438,45.01,0.986525595,0.719230393,1.586538462,1.76757327,1.491971884,1.030860034,1.539043526,1.003312371,1.71465884,1.447307913
276,Synthesizer_Korg_MS2000R_3.mp4,4.8195089,1920,1080,24.658,29.97,739,1593.214844,38.37438107,1,0.12876,0.91354,faster,12.35,30.52038574,0.749853134,42.43,0.980572681,0.694265055,1.590909091,1.799195512,1.579512745,1.028415301,1.546951985,1.002655244,1.749483415,1.535870522
277,talking1-Robin.Hood.2018.1080p.WEB-DL.DD5.1.H264-FGT.avi,5.4350016,1920,798,98.52,30,2362,793.5748291,78.73640251,1,0.3253,0.95,veryfast,33.13,39.06115723,3.83422184,14.72144372,0.696838727,0.086933999,1.628267475,2,1.960100373,1.028218244,1,1.583581583,1.945112346,1.906307717
278,talking2-Robin.Hood.2018.1080p.WEB-DL.DD5.1.H264-FGT.avi,5.3213213,1920,798,97.92,30,2347,841.3157959,82.76462746,2,0.3114,0.91,faster,42.38,65.06237793,6.339612007,15.13459815,0.696940468,0.105460806,1.891974195,1.997472095,1.633843163,1.037954513,1,1.822791049,1.924431245,1.574099002
279,Toy_3.mp4,3.9972023,1920,1080,29.329,29.97,879,1638.988525,46.95513248,1,0.01468,0.99439,veryfast,14.86,27.20153809,0.794912338,45.28,0.989047896,0.622579381,1.338461538,1.816511363,1.451355996,1.035217794,1.292927484,1.113184336,1.754714199,1.401981307
280,Tree.mp4,2.9904546,1920,1080,35.335,29.97,1059,1320.077637,45.56565762,1,0.21894,0.97411,faster,35.59,1388.618164,48.88972282,31.6,0.962037007,0.530585293,1.004405286,1.032594763,1.002928609,1.016543996,0.988058844,1,1.015789544,0.986606199
281,Tree_4.mp4,4.1984307,1920,1080,33.534,29.97,1005,1510.925903,49.49205208,1,0.19732,0.9705,fast,26.05,201.2022705,6.722561836,43.58,0.985245756,0.708549166,1.636363636,1.626710133,1.542421508,1.054871983,1.551243813,1.085054138,1.542092462,1.462188335
282,Tree_6.mp4,3.0493437,1920,1080,35.502,29.97,1064,1372.381226,47.59415817,1,0.13724,0.97633,faster,34.08,1264.118652,44.71675873,31.96,0.96160192,0.53691309,1,1.103054569,1,1.01761392,0.98269096,1,1.083961753,0.98269096
283,Tree_branches.mp4,4.9481307,1920,1080,30.063,29.97,901,1472.326782,43.23734474,1,0.05188,0.99676,faster,15.51,68.77893066,2.060238838,41.01,0.984827322,0.811905409,1.534391534,1.855746544,1.666181974,1.021864686,1.501560387,1,1.816039412,1.630530927
284,Tumbbad cut 1.mkv,3.2258863,1920,816,121.457,24,2914,612.875,81.89019871,2,0.06957,0.89584,veryfast,41.13,52,6.14,44.16,0.96730704,0.401763378,1.159090909,1.129481977,1.02066883,1.025839549,1,1.129894933,1.101031811,0.994959525
285,Tumbbad cut 2.mkv,3.5672165,1920,816,123.083,24,2951,458.375,64.48530293,1,0.17339,0.92022,veryfast,45.75,42.375,5.08,42.04,0.980230523,0.406489851,1.173469388,1.283316883,1.211552109,1.028347552,1,1.141121389,1.247940815,1.178154318
286,Tumbbad cut 3.mkv,4.0191023,1920,816,123.323,24,2932,545.25,75.03220177,1,0.09452,0.92224,faster,39.38,21.625,2.57,44.98,0.984118625,0.550029928,1.267326733,1.60588641,1.265613109,1.029788721,1,1.230666744,1.559432898,1.229002691
287,Tumbbad cut 4.mkv,3.3896953,1920,816,62.916,24,1504,526.125,37.10638714,1,0.12157,0.92951,veryfast,22,46.25,2.83,39.46,0.965909437,0.379201648,1.054347826,1.321206042,1.106178924,1.027152152,1,1.026476773,1.286280752,1.076937747
288,Tumbbad cut 5.mkv,3.5056015,1920,816,66.235,24,1541,726.125,51.95376873,2,0.22824,0.85747,medium,59.79,76.375,4.77,44.42,0.983915823,0.640101937,1.754716981,1.835708351,1.759736266,1.119195046,1.363636364,1.567838409,1.640204142,1.572323137
289,Tumbbad cut 6.mkv,3.2946988,1920,816,62.166,24,1491,1066.25,69.33984566,1,0.17105,0.82503,faster,31.06,95.75,5.79,45.73,0.983172751,0.41416431,1.246268657,1.083714947,1.056932138,1.027989476,1,1.212336008,1.054208212,1.02815463
290,Tumbbad cut 7.mkv,4.4305065,1920,816,121.25,24,2910,443.75,61.79137421,1,0.04935,0.32151,fast,38.97,62.875,7.42,43.04,0.99779645,0.744215278,1.516260163,1.816826853,1.583848196,1.055175071,1.051759834,1.436974967,1.721825035,1.501028824
291,tv-control-room-static-camera-loop_n18w6shax__WL.mp4,4.7380246,1920,1080,30.04,25,751,1519.837769,44.58968639,1,0.0201,0.99,veryfast,11.06,54.95458984,1.644879341,40.85892928,0.981931162,0.719151503,1.542944136,1.738681187,1.5612096,1.022121097,1,1.509551207,1.701052049,1.527421363
292,Valentines_Day.mp4,4.6667287,1920,1080,30.797,29.97,923,1446.836548,43.52643013,1,0.01348,0.9968,faster,14.76,59.3067627,1.819878578,41.69,0.982164535,0.71290993,1.47972973,1.756968781,1.542931602,1.024192847,1.444776474,1,1.715466757,1.506485431
293,Valentines_Day_2.mp4,4.6106585,1920,1080,30.531,29.97,915,1453.790771,43.35651112,1,0.0079,0.99692,faster,14.03,46.92077637,1.427319527,41.21,0.980133545,0.736339072,1.453900709,1.739076385,1.524026199,1.023065001,1.421122516,1,1.699868907,1.489667027
294,Valentines_Day_3_from_darker_to_lighter.mp4,4.5667145,1920,1080,20.32,29.97,609,1459.777832,28.97600937,1,0.07813,0.99603,veryfast,9.7,52.74035645,1.067814827,41.49,0.980429679,0.737479189,1.446666667,1.725856868,1.513007906,1.023167539,1.413909855,1.002785945,1.686778364,1.478748932
295,Valentines_Day_4_burning_candles.mp4,4.8038818,1920,1080,48.148,29.97,1443,1495.999146,70.35955143,1,0.09206,0.97724,faster,24.46,87.11938477,4.179485321,40.36,0.979525832,0.713142077,1.566176471,1.732621852,1.640025408,1.028090187,1.52338432,1,1.685281966,1.595215506
296,Valentines_Day_5.mp4,3.7371338,1920,1080,30.297,29.97,908,1498.001831,44.33289528,1,0.0422,0.99612,faster,13.21,14.06506348,0.424588203,47.18,0.989924301,0.687622739,1.515789474,1.528840753,1.631970908,1.032059341,1.468703798,1.212514719,1.481349659,1.581276233
297,Villager.mp4,4.4063577,1920,1080,40.941,29.97,1227,1584.746216,63.37590313,1,0.25487,0.95028,faster,25.14,174.4779053,7.117517471,37.35,0.974000186,0.670875116,1.444444444,1.603286613,1.459107447,1.02214238,1.413153855,1.000646901,1.568555071,1.427499217
298,Vineyard.mp4,4.5490377,1920,1080,18.519,59.94,555,1561.7854,28.25364399,1,0.18685,0.93937,veryfast,8.45,38.03881836,0.702466011,39.49,0.964501306,0.702283684,1.62295082,1.905152654,1.715708964,1.031212892,1.573827123,1.117839061,1.847487234,1.663777651
299,Vineyard_2.mp4,3.9029377,1920,1080,34.902,29.97,1046,1547.068726,52.74297905,1,0.23482,0.94541,fast,30.13,193.413208,6.725946426,37.92,0.959500333,0.658192373,1.564971751,1.675552742,1.573324764,1.056622622,1.481107558,1.167295899,1.585762701,1.489012947
300,vineyard_vine_production_greece_958.mp4,3.6778231,1280,720,32.908,23.976,789,356.9372559,11.48044395,1,0.40053,0.82415,fast,12.19,75.26782227,2.467973709,39.01,0.964016627,0.661254536,1.575,1.692336405,1.62250063,1.069405815,1.243257259,1.472780471,1.582501591,1.517198249
301,Water_3.mp4,2.9953098,1920,1080,30.764,29.97,922,1400.377441,42.083498,1,0.02278,0.98226,veryfast,15.66,37.4675293,1.148491859,43.03,0.977068899,0.501776117,1.024390244,1.033485444,1.022730908,1.028476769,0.996026624,1,1.004869993,0.994413232
302,Water_house.mp4,3.5181887,1920,1080,30.964,29.97,928,1548.6427,46.84068394,1,0.03291,0.9778,veryfast,22.06,386.9562988,11.93846798,36.07,0.952128249,0.579769886,1.15483871,1.239953563,1.214720365,1.025957661,1.125620241,1,1.20858161,1.183986836
303,Water_on_leaf_macro.mp4,4.0782286,1920,1080,30.23,29.97,906,1436.65979,42.42432785,1,0.00194,0.99684,faster,12.28,6.360717773,0.191590309,47.93,0.992422801,0.778829237,1.635416667,1.82571797,1.634997793,1.032808023,1.583466269,1.209900163,1.76772249,1.583060702
304,water_tap_dripping_drops_faucet_tap_424.mp4,3.3978856,1920,1080,14.306,23.976,343,329.1993408,4.601613998,1,7.00E-04,0.98686,faster,4.92,4.974975586,0.070914268,49.83,0.995420221,0.540848028,1.431372549,1.517023317,1.125453166,1.033805889,1.159730745,1.384566063,1.467416015,1.088650372
305,Watermelon.mp4,4.7529237,1920,1080,29.997,59.94,899,1633.026855,47.85227871,1,0.22711,0.944,faster,13.88,45.83642578,1.370722771,37.09,0.942453004,0.609984627,1.554545455,1.754786626,1.567254132,1.026018204,1.515124633,1,1.710288005,1.527511039
306,Waterscape_2.mp4,4.9113482,1920,1080,26.86,59.94,805,1652.626709,43.36301041,1,0.35689,0.9323,veryfast,12.8,62.14624023,1.664215088,39.68,0.971989024,0.715290944,1.56043956,1.810701673,1.664679266,1.025343811,1.521869585,1,1.765945874,1.623532758
307,Waterscape_5.mp4,4.0902501,1280,720,14.75,24,354,826.8104248,11.91447544,1,0.00113,0.99384,faster,2.42,7.845336914,0.115301132,44.22,0.983281462,0.691035872,1.3375,1.603033066,1.278618627,1.026278409,1.303252595,1.005101875,1.561986544,1.245878911
308,weidemeyers_admiral_butterfly_flower_524.mp4,5.3440685,1920,1080,8.011,29.97,240,511.9628906,4.181225777,1,0.5485,0.6535,veryfast,7.56,806.0043945,6.431186676,16.58,0.615166418,0.213016084,2,2,1.958237078,1.012871287,1.100757122,1.974584555,1.974584555,1.933352345
309,Wheat_under_the_snow.mp4,4.3442921,1920,1080,28.862,29.97,865,1612.514282,45.46108437,1,0.09637,0.60249,faster,13.11,40.24450684,1.157343864,40.83,0.985544496,0.62078659,1.369402985,1.707944032,1.365206374,1.022618489,1.339114244,1,1.67016737,1.335010455
310,wide-20040607-small.avi,3.1989017,1024,576,79.12,25,1978,375.8397217,29.08767128,10,0.3515,0.95,faster,24.05,52.9206543,4.171964645,39.94634345,0.959829325,0.530323369,1.100438984,1.151573893,1.074711954,1.036760682,1.003084368,1.061420444,1.11074225,1.036605624
311,wind_2.mp4,2.9908429,1280,720,30.583,24,734,1603.114136,47.88871861,1,0.13954,0.93842,fast,17.99,316.0609131,9.631519318,34.2,0.950566677,0.582217007,1.106796117,1.166934931,1.13345807,1.054481956,1.049611243,1.08034754,1.106642864,1.074895652
312,Window.mp4,4.1685899,1920,1080,30.03,29.97,900,1687.901367,49.51132298,1,0.07973,0.9908,faster,14.02,19.23266602,0.575473785,47.01,0.993093806,0.758967159,1.577639752,1.725933911,1.751832319,1.032109601,1.528558353,1.175008616,1.672238984,1.697331677
313,Winter_puppy.mp4,4.4669214,1920,1080,30.597,29.97,917,1395.063843,41.69650555,1,0.02699,0.99218,veryfast,16.85,202.189209,6.164052963,37.25,0.960693634,0.615002342,1.426035503,1.669616644,1.4514328,1.017299651,1.40178511,1.000635403,1.641224042,1.426750515
314,With Cars or Without-.mp4,4.4068956,1920,1080,60.16,29.97,1803,549.3164063,34.03019619,10,0.23207,0.82936,veryfast,28.46,156.1365967,9.359273911,51.38,0.959578478,0.680462881,1.639468691,1.435021168,1.41516741,1.018780032,1,1.609246982,1.408568213,1.389080435
315,With Cars or Without-_2.mp4,4.9724777,640,360,60.162,29.97,1803,89.2935791,6.061433792,13,0.13452,0.76019,veryfast,3.97,15.34655762,0.91991806,41.29,0.952114034,0.710206598,1.815789474,1.659211456,1.60399473,1.021171837,1.000244493,1.778142922,1.624811219,1.570739294
316,Woman with bicycle.mp4,3.4568978,1920,1080,27.561,29.97,826,1541.651123,41.5041523,1,0.02351,0.98874,fast,19.19,164.7124023,4.523254395,38.28,0.964409515,0.630871514,1.406896552,1.431924255,1.415117918,1.0514146,1.33809874,1.170390218,1.361902578,1.345918078
317,WP_20130802_10_42_24_Pro.mp4,4.5594053,1920,1080,15.406,24,370,2185.255981,33.38636589,1,0.17086,0.96,fast,12.5,397.3406982,6.097753525,35.51,0.947547369,0.599513469,1.554285714,1.668132802,1.64246575,1.047948543,1.018179521,1.48316988,1.591807931,1.567315267
