"","Video.Name","Width","Height","Video.Length","Frames.per.Second","Frame.Count","Original.Bitrate","Original.Size","Scene.Count","Avg.Motion","Avg.PCC","Compression.Preset","Compression.Duration","Compressed.Bitrate","Compressed.Size","Average.PSNR","Average.SSIM","Average.VIFp","Normalized.PSNR","Normalized.SSIM","Normalized.VIFp","Normalized.Duration","Normalized.Size","PSNR.By.Duration","SSIM.By.Duration","VIFp.By.Duration","Metric"
"1","bumblebee credits.mkv",1920,1080,185.018,24,4435,1095.494629,68.9848299,2,0.10098,0.93871,"superfast",52,40.4822998,7.461257935,44.93,0.99195,0.726115444,1,1,1,1,1.86310876071309,1,1,1,1.610212
"2","bumblebee credits.mkv",1920,1080,185.018,24,4435,1095.494629,68.9848299,2,0.10098,0.93871,"veryfast",65.05,39.22802734,7.230101585,46.19,0.9929,0.756365444,1.53164556962025,1.62295081967214,1.54498174860628,1.02919267163278,1.69087555154587,1.48820100631921,1.57691641653198,1.50115890949284,2.7005396
"3","bumblebee credits.mkv",1920,1080,185.018,24,4435,1095.494629,68.9848299,2,0.10098,0.93871,"faster",65.15,39.21618652,7.227918625,46.19,0.9929,0.756365444,1.53164556962025,1.62295081967214,1.54498174860628,1.02941637026598,1.68924904115027,1.48787761090734,1.5765737427051,1.50083269824735,2.7025524
"4","bumblebee credits.mkv",1920,1080,185.018,24,4435,1095.494629,68.9848299,2,0.10098,0.93871,"fast",84.15,41.47912598,7.644981384,46.38,0.9931,0.76057189,1.61181434599156,1.75409836065573,1.62076476667232,1.07191911057423,2,1.50367162045287,1.63640926199743,1.51202152353088,2.3260512
"5","bumblebee credits.mkv",1920,1080,185.018,24,4435,1095.494629,68.9848299,2,0.10098,0.93871,"medium",125.78,40.8762207,7.533869743,46.83,0.993250012,0.771075015,1.80168776371308,1.85246688524588,1.80998828496424,1.16504485157596,1.91721138309518,1.546453564664,1.59003911543838,1.55357820131634,2.4462983
"6","bumblebee credits.mkv",1920,1080,185.018,24,4435,1095.494629,68.9848299,2,0.10098,0.93871,"slow",196.79,37.92858887,6.990591049,47.3,0.99345,0.78162189,2,1.98360655737709,2,1.32389325101224,1.51241768852527,1.5106958196749,1.49831306705464,1.5106958196749,2.9883971
"7","bumblebee credits.mkv",1920,1080,185.018,24,4435,1095.494629,68.9848299,2,0.10098,0.93871,"slower",499.03,34.19726563,6.302868843,47.27,0.993475,0.781521694,1.9873417721519,2,1.99819487632121,2,1,0.993670886075951,1,0.999097438160606,2.9927683
"8","bumblebee scene 1.mkv",1920,1080,163.412,24,3918,1095.494629,218.0718145,17,0.18279,0.62345,"superfast",79.2,176.2458496,28.6970911,42.77,0.97686281,0.500175455,1,1,1,1,2,1,1,1,1.5
"9","bumblebee scene 1.mkv",1920,1080,163.412,24,3918,1095.494629,218.0718145,17,0.18279,0.62345,"veryfast",107.56,165.104248,26.88295555,42.92,0.97754189,0.504988983,1.11904761904762,1.17991547883011,1.1102729383101,1.02711981104109,1.04079591979785,1.08950056947431,1.14876128972154,1.08095757318197,3.1891165
"10","bumblebee scene 1.mkv",1920,1080,163.412,24,3918,1095.494629,218.0718145,17,0.18279,0.62345,"faster",107.83,165.0507813,26.87425613,42.96,0.977558464,0.505841462,1.15079365079365,1.18430659496684,1.1298023487919,1.02737800388246,1.03619619782041,1.12012681451696,1.15274669156956,1.09969489761547,3.2547585
"11","bumblebee scene 1.mkv",1920,1080,163.412,24,3918,1095.494629,218.0718145,17,0.18279,0.62345,"fast",130.79,170.0162354,27.68274593,43.18,0.978386746,0.513723029,1.32539682539682,1.40375165686874,1.31036088124002,1.04933395809626,1.46367622540811,1.2630838973337,1.3377549120925,1.24875486124296,2.6300855
"12","bumblebee scene 1.mkv",1920,1080,163.412,24,3918,1095.494629,218.0718145,17,0.18279,0.62345,"medium",218.44,170.6494141,27.78584194,43.58,0.979780042,0.527327765,1.64285714285714,1.77289154759157,1.62203128466412,1.13315100456141,1.51818709888973,1.44981307543651,1.56456777645251,1.4314343614706,2.9283711
"13","bumblebee scene 1.mkv",1920,1080,163.412,24,3918,1095.494629,218.0718145,17,0.18279,0.62345,"slow",496.23,172.6844482,28.1172123,43.89,0.98023621,0.538068248,1.88888888888889,1.89374871338496,1.86808462003055,1.39879318753407,1.69339550675652,1.35037038049836,1.35384467858572,1.3354973677873,2.3855694
"14","bumblebee scene 1.mkv",1920,1080,163.412,24,3918,1095.494629,218.0718145,17,0.18279,0.62345,"slower",1124.93,164.6303711,26.80579853,44.03,0.980637249,0.543826491,2,2,2,2,1,1,1,1,3
"15","bumblebee scene 2.mkv",1920,1080,486.861,24,11672,1095.494629,720.5618916,21,0.29039,0.76157,"superfast",256.1,222.6894531,108.018362,41.09,0.959374858,0.420853352,1,1,1,1,1.95226161096982,1,1,1,1.5366793
"16","bumblebee scene 2.mkv",1920,1080,486.861,24,11672,1095.494629,720.5618916,21,0.29039,0.76157,"veryfast",347.87,209.1765137,101.4637432,41.34,0.961015328,0.438571697,1.25,1.30791249156534,1.3696930503671,1.02796689197837,1.00667659355453,1.21599246994649,1.27232939287392,1.33242914830754,3.7954106
"17","bumblebee scene 2.mkv",1920,1080,486.861,24,11672,1095.494629,720.5618916,21,0.29039,0.76157,"faster",348.21,209.0810547,101.4174623,41.37,0.961163662,0.439522347,1.27999999999999,1.33575444632456,1.38952835091754,1.02807050692087,1,1.24505079309557,1.29928291623229,1.35158857448334,3.8959223
"18","bumblebee scene 2.mkv",1920,1080,486.861,24,11672,1095.494629,720.5618916,21,0.29039,0.76157,"fast",413.75,213.0618896,103.3484507,41.51,0.96196452,0.445738529,1.41999999999999,1.48607367323515,1.51922891184561,1.04804381083568,1.27856901454631,1.3549051912894,1.41794995387663,1.44958530944829,3.3024736
"19","bumblebee scene 2.mkv",1920,1080,486.861,24,11672,1095.494629,720.5618916,21,0.29039,0.76157,"medium",670.87,221.6694336,107.523613,41.83,0.963857536,0.459975373,1.73999999999999,1.84138847517182,1.8162804866942,1.1264010873474,1.88088793447452,1.54474282699565,1.63475381536445,1.61246336415692,2.5477116
"20","bumblebee scene 2.mkv",1920,1080,486.861,24,11672,1095.494629,720.5618916,21,0.29039,0.76157,"slow",1577.38,223.371582,108.3492756,41.99,0.964158116,0.464892641,1.9,1.89780665820151,1.91887922299787,1.40265985652378,2,1.3545693142661,1.35300561242613,1.36802890171352,2.0378019
"21","bumblebee scene 2.mkv",1920,1080,486.861,24,11672,1095.494629,720.5618916,21,0.29039,0.76157,"slower",3537.48,216.005249,104.7760868,42.09,0.964702573,0.468780531,2,2,2,2,1.48452321991996,1,1,1,2.0208508
"22","bumblebee scene 3.mkv",1920,1080,300.633,24,7207,1095.494629,372.2027903,9,0.30004,0.86504,"superfast",126.53,137.4226074,41.15905857,40.79,0.959704398,0.550320044,1,1,1,1,1.46503554633908,1,1,1,2.0477319
"23","bumblebee scene 3.mkv",1920,1080,300.633,24,7207,1095.494629,372.2027903,9,0.30004,0.86504,"veryfast",164.6,130.161499,38.98427868,40.98,0.961676206,0.55504678,1.17924528301887,1.35070568605834,1.14678059903617,1.02691752927202,1.00745853014775,1.14833494356147,1.31530103202723,1.11672122283191,3.5538507
"24","bumblebee scene 3.mkv",1920,1080,300.633,24,7207,1095.494629,372.2027903,9,0.30004,0.86504,"faster",164.65,130.0430908,38.94882965,40.98,0.961699906,0.55468763,1.17924528301887,1.35492096703882,1.13562781788997,1.02695288195034,1,1.14829541232632,1.31936040187708,1.10582270895744,3.5734785
"25","bumblebee scene 3.mkv",1920,1080,300.633,24,7207,1095.494629,372.2027903,9,0.30004,0.86504,"fast",210.39,135.772583,40.66484737,41.26,0.963019867,0.564293401,1.44339622641509,1.58968917371778,1.4339183976017,1.05929351207647,1.36105275373365,1.36260272526892,1.50070698592461,1.3536554139663,3.0983113
"26","bumblebee scene 3.mkv",1920,1080,300.633,24,7207,1095.494629,372.2027903,9,0.30004,0.86504,"medium",318.65,143.7050781,43.04069424,41.56,0.964325993,0.575037587,1.72641509433962,1.82199668789189,1.76756048322611,1.13583913117258,1.86093457014226,1.5199468366241,1.60409747990541,1.55617149886479,2.5149814
"27","bumblebee scene 3.mkv",1920,1080,300.633,24,7207,1095.494629,372.2027903,9,0.30004,0.86504,"slow",630.37,145.9118652,43.7016468,41.75,0.964915826,0.580264579,1.90566037735849,1.92690435989892,1.92987566582088,1.35624186888399,2,1.4051036331201,1.42076749295796,1.42295833073559,2.1244147
"28","bumblebee scene 3.mkv",1920,1080,300.633,24,7207,1095.494629,372.2027903,9,0.30004,0.86504,"slower",1540.85,141.9039307,42.50123787,41.85,0.965326799,0.582522774,2,2,2,2,1.74743212454533,1,1,1,1.7168049
"29","bumblebee scene 4.mkv",1920,1080,240.323,24,5762,1095.494629,259.594182,7,0.10222,0.79566,"superfast",89.68,50.65979004,12.13082218,45.05,0.982335927,0.340848801,1,1,1,1,2,1,1,1,1.5
"30","bumblebee scene 4.mkv",1920,1080,240.323,24,5762,1095.494629,259.594182,7,0.10222,0.79566,"veryfast",117.28,45.06091309,10.7901268,45.08,0.982512708,0.348095975,1.05,1.21320955879689,1.27775243389722,1.03434886499403,1.19538863376033,1.0151313889691,1.17292105193531,1.23532057426736,2.8638159
"31","bumblebee scene 4.mkv",1920,1080,240.323,24,5762,1095.494629,259.594182,7,0.10222,0.79566,"faster",117.17,45.05310059,10.78826046,45.09,0.982518427,0.350032066,1.06666666666668,1.22010705042078,1.35195432107372,1.03421196734369,1.19426855950658,1.03138109048027,1.17974563140528,1.30723136432673,2.9460359
"32","bumblebee scene 4.mkv",1920,1080,240.323,24,5762,1095.494629,259.594182,7,0.10222,0.79566,"fast",147.69,48.07702637,11.5123558,45.36,0.982987047,0.358172425,1.51666666666667,1.78529371326013,1.66393862351314,1.07219484269215,1.62883061550857,1.41454389284181,1.66508328726659,1.55189948436535,2.8434673
"33","bumblebee scene 4.mkv",1920,1080,240.323,24,5762,1095.494629,259.594182,7,0.10222,0.79566,"medium",224.82,47.05175781,11.26684761,45.39,0.982920226,0.364661553,1.56666666666667,1.70470317508935,1.91263847477525,1.16818498606133,1.48149015090659,1.34111179766902,1.45927502529968,1.63727363182772,2.9954033
"34","bumblebee scene 4.mkv",1920,1080,240.323,24,5762,1095.494629,259.594182,7,0.10222,0.79566,"slow",409.58,46.97119141,11.24757671,45.58,0.983132307,0.364314255,1.88333333333333,1.96048686473484,1.89932806373949,1.39812325766627,1.46992482040052,1.3470438482491,1.40222748887481,1.35848399154008,2.7945343
"35","bumblebee scene 4.mkv",1920,1080,240.323,24,5762,1095.494629,259.594182,7,0.10222,0.79566,"slower",893.2,43.70129395,10.46455765,45.65,0.983165069,0.366941008,2,2,2,2,1,1,1,1,3
"36","bumblebee scene 5.mkv",1920,1080,241.574,24,5792,1095.494629,306.4209423,8,0.10642,0.86911,"superfast",87.37,42.17834473,10.15247726,42.89,0.973375757,0.506210937,1,1,1,1,2,1,1,1,1.5
"37","bumblebee scene 5.mkv",1920,1080,241.574,24,5792,1095.494629,306.4209423,8,0.10642,0.86911,"veryfast",111.48,36.83325195,8.865854263,43.09,0.974431548,0.510363063,1.20408163265306,1.33527498944118,1.12953424337529,1.03337578559761,1.0276422999049,1.16519242025469,1.29214851755887,1.09305274917205,3.4548925
"38","bumblebee scene 5.mkv",1920,1080,241.574,24,5792,1095.494629,306.4209423,8,0.10642,0.86911,"faster",111.6,36.81933594,8.862512589,43.1,0.974390241,0.510520047,1.21428571428572,1.32215761678994,1.13443168715759,1.03354190315346,1.02511684959608,1.17487806791459,1.27924916518225,1.09761557194372,3.46472
"39","bumblebee scene 5.mkv",1920,1080,241.574,24,5792,1095.494629,306.4209423,8,0.10642,0.86911,"fast",143.03,40.22009277,9.681111336,43.49,0.97562775,0.524985768,1.61224489795919,1.71513862999083,1.58572006920887,1.07705085965835,1.64376799821507,1.49690693201861,1.59243977627471,1.47227965605252,2.7751035
"40","bumblebee scene 5.mkv",1920,1080,241.574,24,5792,1095.494629,306.4209423,8,0.10642,0.86911,"medium",214.89,39.43579102,9.49229908,43.64,0.976067692,0.532710298,1.76530612244898,1.85484577790621,1.82670291726785,1.1765275893574,1.50107425543104,1.50043750645334,1.57654252623119,1.5526222536486,3.0841927
"41","bumblebee scene 5.mkv",1920,1080,241.574,24,5792,1095.494629,306.4209423,8,0.10642,0.86911,"slow",362.72,39.11889648,9.416040421,43.8,0.976337545,0.534980688,1.92857142857143,1.94053978526722,1.89753247562345,1.38117057504361,1.44344222611828,1.39633110016881,1.40499647207294,1.37385816778173,2.8925202
"42","bumblebee scene 5.mkv",1920,1080,241.574,24,5792,1095.494629,306.4209423,8,0.10642,0.86911,"slower",809.75,36.68127441,8.829277992,43.87,0.976524787,0.53826521,2,2,2,2,1,1,1,1,3
"43","gravity.falls.s02e18.1080p.bluray.x264-taxes.mkv",1920,1080,1384.95,23.976,33204,640.625,1115.5765,157,0.34283,0.77526,"superfast",485.92,992252,175256922,42.63,0.98925,0.999999982,1,1,1,1,2,1,1,1,1.5
"44","gravity.falls.s02e18.1080p.bluray.x264-taxes.mkv",1920,1080,1384.95,23.976,33204,640.625,1115.5765,157,0.34283,0.77526,"veryfast",615.43,947847,167413698,42.79,0.9906,0.999999983,1.14678899082569,1.41538461538463,1.50000002775557,1.02745408949554,1.76873867222637,1.11614621280912,1.37756482732922,1.45991927336826,2.2352823
"45","gravity.falls.s02e18.1080p.bluray.x264-taxes.mkv",1920,1080,1384.95,23.976,33204,640.625,1115.5765,157,0.34283,0.77526,"faster",616.82,947949,167431830,42.76,0.9906,0.999999983,1.11926605504587,1.41538461538463,1.50000002775557,1.02774874770262,1.76927330318874,1.08904638176191,1.37716987595315,1.45950071076088,2.2188302
"46","gravity.falls.s02e18.1080p.bluray.x264-taxes.mkv",1920,1080,1384.95,23.976,33204,640.625,1115.5765,157,0.34283,0.77526,"fast",748.97,959974,169555629,43.04,0.99105,0.999999983,1.37614678899082,1.55384615384615,1.50000002775557,1.05576247580729,1.83189456412229,1.30346249324551,1.47177626545024,1.42077414392721,2.2905319
"47","gravity.falls.s02e18.1080p.bluray.x264-taxes.mkv",1920,1080,1384.95,23.976,33204,640.625,1115.5765,157,0.34283,0.77526,"medium",1104.23,907180,160230964,43.23,0.99195,0.999999983,1.55045871559633,1.83076923076922,1.50000002775557,1.13107202591296,1.55695221784425,1.37078689957419,1.61861418974754,1.32617551613906,2.7718106
"48","gravity.falls.s02e18.1080p.bluray.x264-taxes.mkv",1920,1080,1384.95,23.976,33204,640.625,1115.5765,157,0.34283,0.77526,"slow",1988.14,873310,154248671,43.52,0.99225,0.999999984,1.81651376146789,1.9230769230769,2,1.3184470876534,1.38056135838252,1.37776766203107,1.45859241609736,1.51693611274128,3.1532798
"49","gravity.falls.s02e18.1080p.bluray.x264-taxes.mkv",1920,1080,1384.95,23.976,33204,640.625,1115.5765,157,0.34283,0.77526,"slower",5203.25,800236,141341939,43.72,0.9925,0.999999984,2,2,2,2,1,1,1,1,3
"50","gravity.falls.s02e19.1080p.bluray.x264-taxes.mkv",1920,1080,1324.896,23.976,31764,677.9785,1115.6447,209,0.12441,0.44138,"superfast",437.21,809480,136774126,42.63,0.9903,0.999999982,1,1,1,1,2,1,1,1,1.5
"51","gravity.falls.s02e19.1080p.bluray.x264-taxes.mkv",1920,1080,1324.896,23.976,31764,677.9785,1115.6447,209,0.12441,0.44138,"veryfast",548.84,776776,131248268,42.73,0.99185,0.999999983,1.09090909090909,1.47692307692308,1.50000002775557,1.02825096105908,1.79020313042741,1.0609366119974,1.43634495162726,1.45878786848943,2.2098439
"52","gravity.falls.s02e19.1080p.bluray.x264-taxes.mkv",1920,1080,1324.896,23.976,31764,677.9785,1115.6447,209,0.12441,0.44138,"faster",549.93,777664,131398375,42.8,0.99185,0.999999983,1.15454545454545,1.47692307692308,1.50000002775557,1.02852681475033,1.79590215105026,1.12252343642175,1.43595972000166,1.45839661761244,2.2366919
"53","gravity.falls.s02e19.1080p.bluray.x264-taxes.mkv",1920,1080,1324.896,23.976,31764,677.9785,1115.6447,209,0.12441,0.44138,"fast",667.66,796080,134510012,43.04,0.9922,0.999999983,1.37272727272727,1.58461538461537,1.50000002775557,1.05832154417329,1.91403976910817,1.29707958822627,1.49729105803398,1.41733864912228,2.2004294
"54","gravity.falls.s02e19.1080p.bluray.x264-taxes.mkv",1920,1080,1324.896,23.976,31764,677.9785,1115.6447,209,0.12441,0.44138,"medium",990.99,737583,124625969,43.19,0.99305,0.999999983,1.50909090909091,1.84615384615383,1.50000002775557,1.14014885976256,1.53877835628851,1.32359112248306,1.61922176244451,1.31561770632999,2.76741
"55","gravity.falls.s02e19.1080p.bluray.x264-taxes.mkv",1920,1080,1324.896,23.976,31764,677.9785,1115.6447,209,0.12441,0.44138,"slow",1629.53,704307,119003477,43.52,0.99335,0.999999984,1.80909090909091,1.93846153846151,2,1.30174850747968,1.32531264276548,1.38973918440936,1.48912138352635,1.5363950782415,3.3314823
"56","gravity.falls.s02e19.1080p.bluray.x264-taxes.mkv",1920,1080,1324.896,23.976,31764,677.9785,1115.6447,209,0.12441,0.44138,"slower",4388.58,653595,110435039,43.73,0.99355,0.999999984,2,2,2,2,1,1,1,1,3
"57","Hanna.S01E01.Forest.1080p.AMZN.WEB-DL.DDP5.1.H.264-NTG.mkv",1920,1080,2893.824,23.976,69382,909.9595947,2793.483319,7,0.08482,0.91085,"superfast",994.74,47.21081543,136.1260576,46.52,0.985756235,0.722891591,1,1,1,1,2,1,1,1,1.5
"58","Hanna.S01E01.Forest.1080p.AMZN.WEB-DL.DDP5.1.H.264-NTG.mkv",1920,1080,2893.824,23.976,69382,909.9595947,2793.483319,7,0.08482,0.91085,"veryfast",1274.72,41.78442383,120.4797287,47.11,0.986562671,0.747582586,1.24789915966386,1.39220374230483,1.36835242599529,1.03230212955464,1.00018032288372,1.20885070749805,1.34863980461366,1.32553482824416,3.8823253
"59","Hanna.S01E01.Forest.1080p.AMZN.WEB-DL.DDP5.1.H.264-NTG.mkv",1920,1080,2893.824,23.976,69382,909.9595947,2793.483319,7,0.08482,0.91085,"faster",1273.11,41.78344727,120.4769068,47.29,0.986602518,0.75012492,1.3235294117647,1.41158301421188,1.40628021694054,1.0321163790418,1,1.28234512952255,1.3676587668557,1.36252097679731,4.0125249
"60","Hanna.S01E01.Forest.1080p.AMZN.WEB-DL.DDP5.1.H.264-NTG.mkv",1920,1080,2893.824,23.976,69382,909.9595947,2793.483319,7,0.08482,0.91085,"fast",1631.45,44.41174316,128.0552292,48.19,0.987274834,0.768423355,1.70168067226891,1.73855855996065,1.67926528393226,1.07345913604091,1.48426413016609,1.5852309744598,1.61958522834203,1.56434951974573,3.2131516
"61","Hanna.S01E01.Forest.1080p.AMZN.WEB-DL.DDP5.1.H.264-NTG.mkv",1920,1080,2893.824,23.976,69382,909.9595947,2793.483319,7,0.08482,0.91085,"medium",2471.49,45.40124512,130.908452,48.06,0.987452958,0.771895101,1.64705882352941,1.82518775235073,1.73105850091438,1.17037706200375,1.6665885793624,1.40728904982942,1.55948694792933,1.47906051572021,2.6676269
"62","Hanna.S01E01.Forest.1080p.AMZN.WEB-DL.DDP5.1.H.264-NTG.mkv",1920,1080,2893.824,23.976,69382,909.9595947,2793.483319,7,0.08482,0.91085,"slow",4325,45.83520508,132.159749,48.56,0.987701396,0.783780295,1.85714285714286,1.94601360006923,1.90836767955722,1.3842220514702,1.74654799799105,1.34165096934438,1.40585363309474,1.37865718692339,2.3624669
"63","Hanna.S01E01.Forest.1080p.AMZN.WEB-DL.DDP5.1.H.264-NTG.mkv",1920,1080,2893.824,23.976,69382,909.9595947,2793.483319,7,0.08482,0.91085,"slower",9662.28,43.52197266,125.4896936,48.9,0.987812401,0.789922492,2,2,2,2,1.3203232471886,1,1,1,2.2721709
"64","Hanna.S01E07.1080p.AMZN.WEB-DL.DDP5.1.H.264.1-NTb.mkv",1920,1080,2999.424,23.976,71914,820.79,2404.197,14,0.14997,0.93259,"superfast",1027.62,51,149,46.32,0.987966178,0.71893927,1,1,1,1,1.9375,1,1,1,1.5483871
"65","Hanna.S01E07.1080p.AMZN.WEB-DL.DDP5.1.H.264.1-NTb.mkv",1920,1080,2999.424,23.976,71914,820.79,2404.197,14,0.14997,0.93259,"veryfast",1306.78,45.875,134,47.16,0.98882479,0.749416573,1.37837837837838,1.38226384651962,1.45423005187265,1.03145702267101,1,1.33634106713336,1.34010803759926,1.40987944229305,4.0863285
"66","Hanna.S01E07.1080p.AMZN.WEB-DL.DDP5.1.H.264.1-NTb.mkv",1920,1080,2999.424,23.976,71914,820.79,2404.197,14,0.14997,0.93259,"faster",1303.47,45.875,134,46.99,0.988814552,0.746883628,1.3018018018018,1.3777057722548,1.41647934477299,1.03108403676672,1,1.26255645066914,1.3361721480773,1.37377681572377,3.9725054
"67","Hanna.S01E07.1080p.AMZN.WEB-DL.DDP5.1.H.264.1-NTb.mkv",1920,1080,2999.424,23.976,71914,820.79,2404.197,14,0.14997,0.93259,"fast",1690.09,49,143,48.2,0.98962783,0.767142645,1.84684684684685,1.739786405381,1.71841729324563,1.07465014260231,1.5625,1.71855636884263,1.61893283814957,1.59904812284713,3.1593839
"68","Hanna.S01E07.1080p.AMZN.WEB-DL.DDP5.1.H.264.1-NTb.mkv",1920,1080,2999.424,23.976,71914,820.79,2404.197,14,0.14997,0.93259,"medium",2563.09,50.875,147,47.72,0.989812987,0.765238494,1.63063063063063,1.82222041169588,1.69003805616211,1.17302376630123,1.8125,1.39010877483951,1.55343861228122,1.44075346528666,2.4189246
"69","Hanna.S01E07.1080p.AMZN.WEB-DL.DDP5.1.H.264.1-NTb.mkv",1920,1080,2999.424,23.976,71914,820.79,2404.197,14,0.14997,0.93259,"slow",4329.02,51.25,150,48.44,0.990156051,0.781311531,1.95495495495495,1.97495641380442,1.92958866306001,1.37201681704422,2,1.42487681686481,1.4394549609524,1.4063884925383,2.1353601
"70","Hanna.S01E07.1080p.AMZN.WEB-DL.DDP5.1.H.264.1-NTb.mkv",1920,1080,2999.424,23.976,71914,820.79,2404.197,14,0.14997,0.93259,"slower",9901.95,49.25,144,48.54,0.990212302,0.786035894,2,2,2,2,1.625,1,1,1,1.8461538
"71","Hanna.S01E08.1080p.AMZN.WEB-DL.DDP5.1.H.264.1-NTb.mkv",1920,1080,2906.976,23.976,69697,854.5456543,2648.970993,16,0.22686,0.91719,"superfast",1117.1,88.02539063,254.9613514,46.21,0.98599061,0.717151613,1,1,1,1,1.63074578225072,1,1,1,1.8396491
"72","Hanna.S01E08.1080p.AMZN.WEB-DL.DDP5.1.H.264.1-NTb.mkv",1920,1080,2906.976,23.976,69697,854.5456543,2648.970993,16,0.22686,0.91719,"veryfast",1444.43,81.79296875,236.9095268,46.87,0.98701233,0.741686908,1.31132075471698,1.34804955376472,1.39814034103836,1.03049642284497,1.00577547486053,1.27251364065555,1.30815549077119,1.35676389557802,3.9148231
"73","Hanna.S01E08.1080p.AMZN.WEB-DL.DDP5.1.H.264.1-NTb.mkv",1920,1080,2906.976,23.976,69697,854.5456543,2648.970993,16,0.22686,0.91719,"faster",1443.08,81.73535156,236.7427063,46.93,0.986977931,0.744365412,1.33962264150943,1.33633151300996,1.44160509237037,1.03037064711149,1,1.30013665011216,1.29694252913375,1.39911312148858,3.9961923
"74","Hanna.S01E08.1080p.AMZN.WEB-DL.DDP5.1.H.264.1-NTb.mkv",1920,1080,2906.976,23.976,69697,854.5456543,2648.970993,16,0.22686,0.91719,"fast",1854.42,85.60522461,247.95156,47.91,0.987924803,0.763244569,1.80188679245283,1.65888404900054,1.74796187375395,1.06869404726745,1.38806053668285,1.68606421740636,1.55225347539097,1.63560551144017,3.5113189
"75","Hanna.S01E08.1080p.AMZN.WEB-DL.DDP5.1.H.264.1-NTb.mkv",1920,1080,2906.976,23.976,69697,854.5456543,2648.970993,16,0.22686,0.91719,"medium",2734.15,90.48815918,262.0947323,47.62,0.988362307,0.760618506,1.66509433962264,1.8079200588372,1.70534809558629,1.15065603690912,1.87770980680724,1.44708260871372,1.57120807682339,1.48206591794988,2.3967264
"76","Hanna.S01E08.1080p.AMZN.WEB-DL.DDP5.1.H.264.1-NTb.mkv",1920,1080,2906.976,23.976,69697,854.5456543,2648.970993,16,0.22686,0.91719,"slow",5126.99,91.7076416,265.6269979,48.11,0.988776369,0.77255397,1.89622641509434,1.94897053678704,1.89902784174018,1.37359026365389,2,1.38048912056947,1.41888785058987,1.38252861278194,2.0909528
"77","Hanna.S01E08.1080p.AMZN.WEB-DL.DDP5.1.H.264.1-NTb.mkv",1920,1080,2906.976,23.976,69697,854.5456543,2648.970993,16,0.22686,0.91719,"slower",11850.49,88.65039063,256.7716722,48.33,0.988926169,0.778776353,2,2,2,2,1.69342070691462,1,1,1,1.7715621
"78","Love.Death.and.Robots.S01E01.Sonnies.Edge.1080p.NF.WEB-DL.DDP5.1.x264-NTG.mkv",1920,1080,1034.432,24,24826,817.5930176,881.7144146,9,0.16213,0.86142,"superfast",395.05,78.32092285,80.72407436,45.52,0.98795,0.614400244,1,1,1,1,2,1,1,1,1.5
"79","Love.Death.and.Robots.S01E01.Sonnies.Edge.1080p.NF.WEB-DL.DDP5.1.x264-NTG.mkv",1920,1080,1034.432,24,24826,817.5930176,881.7144146,9,0.16213,0.86142,"veryfast",513.76,72.26464844,74.48196888,49.24,0.9887,0.661250244,1.54148471615721,1.41666666666668,1.50923777984763,1.03201801704607,1.18817963324056,1.49366066356998,1.37271505270963,1.46241417777521,3.6432117
"80","Love.Death.and.Robots.S01E01.Sonnies.Edge.1080p.NF.WEB-DL.DDP5.1.x264-NTG.mkv",1920,1080,1034.432,24,24826,817.5930176,881.7144146,9,0.16213,0.86142,"faster",513.57,72.2019043,74.41723347,49.26,0.9887,0.661700049,1.54439592430859,1.41666666666668,1.5141269516633,1.03196677095695,1.1797604348696,1.49655586572468,1.3727832199025,1.46722452144388,3.6758002
"81","Love.Death.and.Robots.S01E01.Sonnies.Edge.1080p.NF.WEB-DL.DDP5.1.x264-NTG.mkv",1920,1080,1034.432,24,24826,817.5930176,881.7144146,9,0.16213,0.86142,"fast",644.08,75.49731445,77.81390572,49.35,0.9891,0.67085025,1.55749636098981,1.63888888888887,1.61358539440395,1.06716743985327,1.62151646103605,1.45946765505135,1.53573734325534,1.51202644884462,2.7796396
"82","Love.Death.and.Robots.S01E01.Sonnies.Edge.1080p.NF.WEB-DL.DDP5.1.x264-NTG.mkv",1920,1080,1034.432,24,24826,817.5930176,881.7144146,9,0.16213,0.86142,"medium",952.9,75.03320313,77.33542442,49.71,0.9893,0.676750293,1.6098981077147,1.74999999999997,1.67771612649201,1.15046121480203,1.55928731965129,1.3993501797379,1.5211290719619,1.45829872828934,2.8081919
"83","Love.Death.and.Robots.S01E01.Sonnies.Edge.1080p.NF.WEB-DL.DDP5.1.x264-NTG.mkv",1920,1080,1034.432,24,24826,817.5930176,881.7144146,9,0.16213,0.86142,"slow",1855.61,74.75964355,77.0535326,51.57,0.9895,0.698050439,1.8806404657933,1.86111111111113,1.90923883854047,1.39393677850901,1.5226257282328,1.34915764817174,1.33514743265604,1.36967391059345,2.6624921
"84","Love.Death.and.Robots.S01E01.Sonnies.Edge.1080p.NF.WEB-DL.DDP5.1.x264-NTG.mkv",1920,1080,1034.432,24,24826,817.5930176,881.7144146,9,0.16213,0.86142,"slower",4102.65,70.86083984,73.03505135,52.39,0.98975,0.706400488,2,2,2,2,1,1,1,1,3
"85","Love.Death.and.Robots.S01E02.Three.Robots.1080p.NF.WEB-DL.DDP5.1.x264-NTG.mkv",1920,1080,696.448,24,16714,490.7226563,361.4448538,6,0.14999,0.92136,"superfast",226.06,60.93725586,42.28456402,42.06,0.9864,0.6855,1,1,1,1,1.63793070482018,1,1,1,1.8315793
"86","Love.Death.and.Robots.S01E02.Three.Robots.1080p.NF.WEB-DL.DDP5.1.x264-NTG.mkv",1920,1080,696.448,24,16714,490.7226563,361.4448538,6,0.14999,0.92136,"veryfast",284.29,57.06640625,39.59859276,45.8,0.98885,0.73875,1.53735632183908,1.56976744186046,1.52879815381222,1.02942633057751,1.00498857522519,1.49341072418132,1.52489536670372,1.48509719287495,4.4810492
"87","Love.Death.and.Robots.S01E02.Three.Robots.1080p.NF.WEB-DL.DDP5.1.x264-NTG.mkv",1920,1080,696.448,24,16714,490.7226563,361.4448538,6,0.14999,0.92136,"faster",284.88,57.03588867,39.5774231,45.8,0.98885,0.73875,1.53735632183908,1.56976744186046,1.52879815381222,1.02972448505185,1,1.49297831036976,1.52445383658272,1.48466718622821,4.5020993
"88","Love.Death.and.Robots.S01E02.Three.Robots.1080p.NF.WEB-DL.DDP5.1.x264-NTG.mkv",1920,1080,696.448,24,16714,490.7226563,361.4448538,6,0.14999,0.92136,"fast",373.35,60.31811523,41.85499954,45.86,0.9895,0.745506316,1.54597701149425,1.72093023255814,1.59589162662672,1.07443249580562,1.53670495426261,1.43887774944396,1.60171089321695,1.48533447457776,2.9452128
"89","Love.Death.and.Robots.S01E02.Three.Robots.1080p.NF.WEB-DL.DDP5.1.x264-NTG.mkv",1920,1080,696.448,24,16714,490.7226563,361.4448538,6,0.14999,0.92136,"medium",547.27,62.22558594,43.17854881,46.18,0.98995,0.753449999,1.59195402298851,1.82558139534883,1.6747762257792,1.16232237068181,1.84859589146411,1.36963209445472,1.57063258988808,1.44088788792457,2.3699893
"90","Love.Death.and.Robots.S01E02.Three.Robots.1080p.NF.WEB-DL.DDP5.1.x264-NTG.mkv",1920,1080,696.448,24,16714,490.7226563,361.4448538,6,0.14999,0.92136,"slow",905.87,63.15148926,43.8210516,48.68,0.99045,0.781050049,1.95114942528736,1.94186046511629,1.94885801892708,1.34353964949162,2,1.45224551134434,1.44533171451327,1.45054001172537,2.1740586
"91","Love.Death.and.Robots.S01E02.Three.Robots.1080p.NF.WEB-DL.DDP5.1.x264-NTG.mkv",1920,1080,696.448,24,16714,490.7226563,361.4448538,6,0.14999,0.92136,"slower",2204.9,60.18041992,41.75938988,49.02,0.9907,0.786200049,2,2,2,2,1.5141747869777,1,1,1,1.9812772
"92","Love.Death.and.Robots.S01E03.The.Witness.1080p.NF.WEB-DL.DDP5.1.x264-NTG.mkv",1920,1080,726.432,24,17434,831.2988281,611.453145,32,0.25827,0.89424,"superfast",302.8,139.3083496,100.8306828,42.19,0.97485,0.629400049,1,1,1,1,2,1,1,1,1.5
"93","Love.Death.and.Robots.S01E03.The.Witness.1080p.NF.WEB-DL.DDP5.1.x264-NTG.mkv",1920,1080,726.432,24,17434,831.2988281,611.453145,32,0.25827,0.89424,"veryfast",395.54,127.4399414,92.24041557,46.16,0.977,0.68175,1.53794037940379,1.55128205128205,1.56411555343036,1.02915316255544,1.00870082494193,1.49437463281462,1.50733837073398,1.51980833401569,4.4825197
"94","Love.Death.and.Robots.S01E03.The.Witness.1080p.NF.WEB-DL.DDP5.1.x264-NTG.mkv",1920,1080,726.432,24,17434,831.2988281,611.453145,32,0.25827,0.89424,"faster",396.65,127.3358154,92.16501713,46.16,0.97705,0.6818,1.53794037940379,1.56410256410256,1.56465434624932,1.02950209516744,1,1.49386813938796,1.51928060316202,1.51981657307345,4.5329653
"95","Love.Death.and.Robots.S01E03.The.Witness.1080p.NF.WEB-DL.DDP5.1.x264-NTG.mkv",1920,1080,726.432,24,17434,831.2988281,611.453145,32,0.25827,0.89424,"fast",480.21,130.1043701,94.1688776,46.39,0.97745,0.68622473,1.56910569105691,1.66666666666668,1.61233460124574,1.05576949071556,1.23124137790559,1.48621996075434,1.5786274194541,1.52716536651666,3.7295796
"96","Love.Death.and.Robots.S01E03.The.Witness.1080p.NF.WEB-DL.DDP5.1.x264-NTG.mkv",1920,1080,726.432,24,17434,831.2988281,611.453145,32,0.25827,0.89424,"medium",717.72,131.3205566,95.04916286,46.57,0.9779,0.692248486,1.59349593495935,1.78205128205128,1.67724573076465,1.13043163907165,1.33282448686945,1.40963493932989,1.57643436405828,1.48372150317914,3.353623
"97","Love.Death.and.Robots.S01E03.The.Witness.1080p.NF.WEB-DL.DDP5.1.x264-NTG.mkv",1920,1080,726.432,24,17434,831.2988281,611.453145,32,0.25827,0.89424,"slow",1444.36,133.1176758,96.34990692,49.27,0.9784,0.718750098,1.95934959349594,1.91025641025642,1.96282329549201,1.35885361491042,1.48292767680708,1.44191366310277,1.40578528054499,1.44447001056946,2.8943886
"98","Love.Death.and.Robots.S01E03.The.Witness.1080p.NF.WEB-DL.DDP5.1.x264-NTG.mkv",1920,1080,726.432,24,17434,831.2988281,611.453145,32,0.25827,0.89424,"slower",3483.93,127.3392334,92.16744709,49.57,0.97875,0.722200098,2,2,2,2,1.00028041238752,1,1,1,2.999159
"99","Love.Death.and.Robots.S01E04.Suits.1080p.NF.WEB-DL.DDP5.1.x264-NTG.mkv",1920,1080,1042.432,24,25018,654.296875,693.225563,21,0.21593,0.85895,"superfast",409.43,88.92236328,92.35955334,43.17,0.9909,0.675800049,1,1,1,1,2,1,1,1,1.5
"100","Love.Death.and.Robots.S01E04.Suits.1080p.NF.WEB-DL.DDP5.1.x264-NTG.mkv",1920,1080,1042.432,24,25018,654.296875,693.225563,21,0.21593,0.85895,"veryfast",535.12,82.70007324,85.89683247,47.09,0.9921,0.723850098,1.53551912568306,1.42105263157894,1.48461904433303,1.03153682097604,1.47370981477512,1.48857422678345,1.37760727749334,1.43923029614036,2.9214787
"101","Love.Death.and.Robots.S01E04.Suits.1080p.NF.WEB-DL.DDP5.1.x264-NTG.mkv",1920,1080,1042.432,24,25018,654.296875,693.225563,21,0.21593,0.85895,"faster",536.47,82.64819336,85.84291363,47.05,0.9921,0.723450098,1.53005464480874,1.42105263157894,1.48058475879602,1.03187554886463,1.46931894646106,1.48278990280587,1.37715505822627,1.43484818535055,2.9229822
"102","Love.Death.and.Robots.S01E04.Suits.1080p.NF.WEB-DL.DDP5.1.x264-NTG.mkv",1920,1080,1042.432,24,25018,654.296875,693.225563,21,0.21593,0.85895,"fast",661.34,85.89575195,89.21595955,47.18,0.992599902,0.732525368,1.54781420765027,1.59645684210527,1.57211533505962,1.06320662401204,1.74400216390424,1.45579812304926,1.50154899908448,1.47865457151423,2.5435758
"103","Love.Death.and.Robots.S01E04.Suits.1080p.NF.WEB-DL.DDP5.1.x264-NTG.mkv",1920,1080,1042.432,24,25018,654.296875,693.225563,21,0.21593,0.85895,"medium",983.27,82.85327148,86.05593204,47.47,0.9931,0.742200095,1.58743169398907,1.77192982456139,1.66969186308611,1.14398193451261,1.48666605160614,1.38763703000729,1.54891416647792,1.45954390774316,2.9570159
"104","Love.Death.and.Robots.S01E04.Suits.1080p.NF.WEB-DL.DDP5.1.x264-NTG.mkv",1920,1080,1042.432,24,25018,654.296875,693.225563,21,0.21593,0.85895,"slow",1932.29,82.66870117,85.86418152,50.37,0.9935,0.772099951,1.98360655737705,1.9122807017544,1.97125325463464,1.3821001129093,1.4710508921837,1.43521192050378,1.38360505428878,1.42627385398673,2.8857539
"105","Love.Death.and.Robots.S01E04.Suits.1080p.NF.WEB-DL.DDP5.1.x264-NTG.mkv",1920,1080,1042.432,24,25018,654.296875,693.225563,21,0.21593,0.85895,"slower",4394.93,77.0994873,80.0797863,50.49,0.99375,0.774950195,2,2,2,2,1,1,1,1,3
"106","Love.Death.and.Robots.S01E05.Sucker.of.Souls.1080p.NF.WEB-DL.DDP5.1.x264-NTG.mkv",1920,1080,780.448,24,18730,515.1367188,424.6321201,34,0.23666,0.80546,"superfast",293.23,118.6116943,92.23251343,42.19,0.9865,0.650700049,1,1,1,1,2,1,1,1,1.5
"107","Love.Death.and.Robots.S01E05.Sucker.of.Souls.1080p.NF.WEB-DL.DDP5.1.x264-NTG.mkv",1920,1080,780.448,24,18730,515.1367188,424.6321201,34,0.23666,0.80546,"veryfast",371.66,111.2330322,86.49474335,46.18,0.98865,0.703550049,1.54359673024523,1.46739130434783,1.48844709857756,1.02914919870365,1.59630669369818,1.49987653120616,1.42582951645514,1.44628893502755,2.7388189
"108","Love.Death.and.Robots.S01E05.Sucker.of.Souls.1080p.NF.WEB-DL.DDP5.1.x264-NTG.mkv",1920,1080,780.448,24,18730,515.1367188,424.6321201,34,0.23666,0.80546,"faster",373.16,111.1634521,86.44073296,46.18,0.98865,0.703950049,1.54359673024523,1.46739130434783,1.49214395457436,1.0297066868849,1.59250667511784,1.49906449079685,1.42505756545781,1.4490961101636,2.7461223
"109","Love.Death.and.Robots.S01E05.Sucker.of.Souls.1080p.NF.WEB-DL.DDP5.1.x264-NTG.mkv",1920,1080,780.448,24,18730,515.1367188,424.6321201,34,0.23666,0.80546,"fast",464.03,113.8225098,88.50843239,46.3,0.989349805,0.714858852,1.55994550408719,1.61952282608696,1.59296463904559,1.06347932090506,1.73798417032885,1.46683200455616,1.52285314274723,1.49788021988985,2.5820519
"110","Love.Death.and.Robots.S01E05.Sucker.of.Souls.1080p.NF.WEB-DL.DDP5.1.x264-NTG.mkv",1920,1080,780.448,24,18730,515.1367188,424.6321201,34,0.23666,0.80546,"medium",671.16,108.0953369,84.05501938,46.55,0.99005,0.722500049,1.59400544959128,1.77173913043478,1.66358565142609,1.14046100556002,1.42465460200038,1.39768518329003,1.55352889910057,1.45869577593247,3.0954239
"111","Love.Death.and.Robots.S01E05.Sucker.of.Souls.1080p.NF.WEB-DL.DDP5.1.x264-NTG.mkv",1920,1080,780.448,24,18730,515.1367188,424.6321201,34,0.23666,0.80546,"slow",1225.26,109.3840332,85.05709553,49.32,0.9907,0.753450146,1.97138964577657,1.91304347826088,1.94963078066628,1.34639713971397,1.49515785126262,1.46419625207713,1.42086121682291,1.44803544449037,2.8980839
"112","Love.Death.and.Robots.S01E05.Sucker.of.Souls.1080p.NF.WEB-DL.DDP5.1.x264-NTG.mkv",1920,1080,780.448,24,18730,515.1367188,424.6321201,34,0.23666,0.80546,"slower",2983.87,100.333374,78.0193224,49.53,0.9911,0.758900098,2,2,2,2,1,1,1,1,3
"113","Love.Death.and.Robots.S01E06.When.the.Yogurt.Took.Over.1080p.NF.WEB-DL.DDP5.1.x264-NTG.mkv",1920,1080,380.448,24,9130,402.0966797,169.9555578,22,0.30209,0.86962,"superfast",120.33,53.00146484,20.08987236,43.97,0.9904,0.689900195,1,1,1,1,2,1,1,1,1.5
"114","Love.Death.and.Robots.S01E06.When.the.Yogurt.Took.Over.1080p.NF.WEB-DL.DDP5.1.x264-NTG.mkv",1920,1080,380.448,24,9130,402.0966797,169.9555578,22,0.30209,0.86962,"veryfast",154.11,48.82470703,18.50669575,47.68,0.99195,0.743199438,1.51671309192201,1.52542372881358,1.53272502334728,1.03309817754262,1.33471393577179,1.46812096361426,1.4765525309918,1.48361990821927,3.3177846
"115","Love.Death.and.Robots.S01E06.When.the.Yogurt.Took.Over.1080p.NF.WEB-DL.DDP5.1.x264-NTG.mkv",1920,1080,380.448,24,9130,402.0966797,169.9555578,22,0.30209,0.86962,"faster",154.17,48.78027344,18.48989391,47.79,0.992,0.744000122,1.53203342618384,1.54237288135595,1.5407278462503,1.0331569664903,1.32765342847602,1.48286608509088,1.49287371752957,1.49128147631259,3.3645989
"116","Love.Death.and.Robots.S01E06.When.the.Yogurt.Took.Over.1080p.NF.WEB-DL.DDP5.1.x264-NTG.mkv",1920,1080,380.448,24,9130,402.0966797,169.9555578,22,0.30209,0.86962,"fast",194.04,51.05371094,19.35160732,47.86,0.9924,0.750250244,1.54178272980501,1.67796610169491,1.60319770887805,1.07222222222222,1.68976459119183,1.43793207961089,1.56494247826469,1.49521029843549,2.6619595
"117","Love.Death.and.Robots.S01E06.When.the.Yogurt.Took.Over.1080p.NF.WEB-DL.DDP5.1.x264-NTG.mkv",1920,1080,380.448,24,9130,402.0966797,169.9555578,22,0.30209,0.86962,"medium",290.18,50.12609863,19.00001907,48.28,0.9928,0.758600244,1.60027855153203,1.81355932203392,1.68665581624648,1.16642171271801,1.54201937970126,1.37195538636112,1.55480586674604,1.44600859008035,2.8357425
"118","Love.Death.and.Robots.S01E06.When.the.Yogurt.Took.Over.1080p.NF.WEB-DL.DDP5.1.x264-NTG.mkv",1920,1080,380.448,24,9130,402.0966797,169.9555578,22,0.30209,0.86962,"slow",488.74,49.4119873,18.72933483,50.48,0.99315,0.782650342,1.9066852367688,1.93220338983052,1.92703613494171,1.36097393689986,1.42827183470802,1.40097116122003,1.41972108167762,1.41592434850829,2.9662537
"119","Love.Death.and.Robots.S01E06.When.the.Yogurt.Took.Over.1080p.NF.WEB-DL.DDP5.1.x264-NTG.mkv",1920,1080,380.448,24,9130,402.0966797,169.9555578,22,0.30209,0.86962,"slower",1140.93,46.7232666,17.71017933,51.15,0.99335,0.789950391,2,2,2,2,1,1,1,1,3
"120","Love.Death.and.Robots.S01E07.Beyond.the.Aquila.Rift.1080p.NF.WEB-DL.DDP5.1.x264-NTG.mkv",1920,1080,996.448,24,23914,562.3924561,601.0414085,10,0.14313,0.88018,"superfast",350.33,58.96948242,58.54604912,43.67,0.9901,0.672700146,1,1,1,1,2,1,1,1,1.5
"121","Love.Death.and.Robots.S01E07.Beyond.the.Aquila.Rift.1080p.NF.WEB-DL.DDP5.1.x264-NTG.mkv",1920,1080,996.448,24,23914,562.3924561,601.0414085,10,0.14313,0.88018,"veryfast",449.66,53.67053223,53.28517342,47.51,0.99145,0.723500043,1.52602739726027,1.5294117647059,1.52397999300052,1.03214074234663,1.00543022594327,1.47850708207755,1.48178606071561,1.47652343374767,4.4128538
"122","Love.Death.and.Robots.S01E07.Beyond.the.Aquila.Rift.1080p.NF.WEB-DL.DDP5.1.x264-NTG.mkv",1920,1080,996.448,24,23914,562.3924561,601.0414085,10,0.14313,0.88018,"faster",449.47,53.64160156,53.2564497,47.59,0.99155,0.724700146,1.53698630136986,1.56862745098041,1.5363585606488,1.03207926302472,1,1.48921343198527,1.51987110600713,1.48860520280796,4.4976897
"123","Love.Death.and.Robots.S01E07.Beyond.the.Aquila.Rift.1080p.NF.WEB-DL.DDP5.1.x264-NTG.mkv",1920,1080,996.448,24,23914,562.3924561,601.0414085,10,0.14313,0.88018,"fast",580.04,57.24194336,56.8309269,47.58,0.992,0.730961174,1.53561643835616,1.74509803921568,1.60093848307691,1.07432850019576,1.67575574560238,1.42937326718629,1.6243616723355,1.49017594039922,2.7115592
"124","Love.Death.and.Robots.S01E07.Beyond.the.Aquila.Rift.1080p.NF.WEB-DL.DDP5.1.x264-NTG.mkv",1920,1080,996.448,24,23914,562.3924561,601.0414085,10,0.14313,0.88018,"medium",845.84,58.12243652,57.70515919,47.82,0.99215,0.737850195,1.56849315068493,1.80392156862743,1.67199589438151,1.16033483580167,1.84102956325566,1.35175908047375,1.55465604665838,1.44095983572391,2.3613825
"125","Love.Death.and.Robots.S01E07.Beyond.the.Aquila.Rift.1080p.NF.WEB-DL.DDP5.1.x264-NTG.mkv",1920,1080,996.448,24,23914,562.3924561,601.0414085,10,0.14313,0.88018,"slow",1520.27,58.47912598,58.0593462,50.69,0.9925,0.766200194,1.96164383561644,1.94117647058824,1.96441444549756,1.37856377832498,1.9079886998324,1.42296197423664,1.40811509856067,1.4249717542154,2.2306468
"126","Love.Death.and.Robots.S01E07.Beyond.the.Aquila.Rift.1080p.NF.WEB-DL.DDP5.1.x264-NTG.mkv",1920,1080,996.448,24,23914,562.3924561,601.0414085,10,0.14313,0.88018,"slower",3440.8,55.63903809,55.23952675,50.97,0.99265,0.769650216,2,2,2,2,1.37490117729936,1,1,1,2.181975
"127","Love.Death.and.Robots.S01E08.Good.Hunting.1080p.NF.WEB-DL.DDP5.1.x264-NTG.mkv",1920,1080,1032.448,24,24778,289.3066406,342.2180662,18,0.25317,0.89664,"superfast",344.18,60.08642578,61.81027794,42.52,0.99085,0.6825,1,1,1,1,2,1,1,1,1.5
"128","Love.Death.and.Robots.S01E08.Good.Hunting.1080p.NF.WEB-DL.DDP5.1.x264-NTG.mkv",1920,1080,1032.448,24,24778,289.3066406,342.2180662,18,0.25317,0.89664,"veryfast",435.28,55.68334961,57.28091335,46.4,0.9927,0.734448486,1.52861035422343,1.5,1.50386433012423,1.03349129263155,1.60795732080657,1.47907424583247,1.45139103802277,1.45513014076295,2.7274327
"129","Love.Death.and.Robots.S01E08.Good.Hunting.1080p.NF.WEB-DL.DDP5.1.x264-NTG.mkv",1920,1080,1032.448,24,24778,289.3066406,342.2180662,18,0.25317,0.89664,"faster",435.77,55.68115234,57.27866268,46.4,0.99275,0.734499268,1.52861035422343,1.51351351351351,1.50435688034816,1.03367143240531,1.60776251231208,1.47881648491187,1.4642114177342,1.45535305822237,2.7357156
"130","Love.Death.and.Robots.S01E08.Good.Hunting.1080p.NF.WEB-DL.DDP5.1.x264-NTG.mkv",1920,1080,1032.448,24,24778,289.3066406,342.2180662,18,0.25317,0.89664,"fast",552.72,59.3001709,61.00150299,46.61,0.9934,0.744776692,1.55722070844687,1.68918918918917,1.60404077410327,1.07666601718313,1.92999585439367,1.4463358958064,1.56890731408852,1.48982205113142,2.3342357
"131","Love.Death.and.Robots.S01E08.Good.Hunting.1080p.NF.WEB-DL.DDP5.1.x264-NTG.mkv",1920,1080,1032.448,24,24778,289.3066406,342.2180662,18,0.25317,0.89664,"medium",785.39,54.12780762,55.6807127,46.9,0.994,0.75404917,1.59673024523161,1.85135135135134,1.69397738777208,1.16220299914342,1.46945070743786,1.37388239955365,1.59296728085872,1.45755723313449,3.0109257
"132","Love.Death.and.Robots.S01E08.Good.Hunting.1080p.NF.WEB-DL.DDP5.1.x264-NTG.mkv",1920,1080,1032.448,24,24778,289.3066406,342.2180662,18,0.25317,0.89664,"slow",1288.81,53.66955566,55.20937538,49.54,0.99435,0.780800195,1.95640326975477,1.94594594594592,1.95344380016688,1.34727639691042,1.42865373866555,1.45211723016985,1.44435540502927,1.44992059880699,3.0423
"133","Love.Death.and.Robots.S01E08.Good.Hunting.1080p.NF.WEB-DL.DDP5.1.x264-NTG.mkv",1920,1080,1032.448,24,24778,289.3066406,342.2180662,18,0.25317,0.89664,"slower",3064.29,48.85534668,50.2570343,49.86,0.99455,0.785600146,2,2,2,2,1,1,1,1,3
"134","Love.Death.and.Robots.S01E09.The.Dump.1080p.NF.WEB-DL.DDP5.1.x264-NTG.mkv",1920,1080,634.432,24,15226,525.706665,359.9583921,6,0.16281,0.87744,"superfast",227.83,66.88464355,42.27960491,42.56,0.9894,0.677200049,1,1,1,1,2,1,1,1,1.5
"135","Love.Death.and.Robots.S01E09.The.Dump.1080p.NF.WEB-DL.DDP5.1.x264-NTG.mkv",1920,1080,634.432,24,15226,525.706665,359.9583921,6,0.16281,0.87744,"veryfast",299.03,61.32678223,38.76632309,46.48,0.99115,0.730050097,1.52901484480432,1.60344827586208,1.53330018163471,1.03327398226945,1.1875806863586,1.47977677851332,1.55181326867469,1.48392411688042,3.8022799
"136","Love.Death.and.Robots.S01E09.The.Dump.1080p.NF.WEB-DL.DDP5.1.x264-NTG.mkv",1920,1080,634.432,24,15226,525.706665,359.9583921,6,0.16281,0.87744,"faster",298.6,61.28356934,38.73895359,46.48,0.99115,0.730150097,1.52901484480432,1.60344827586208,1.53430926337033,1.03307302984844,1.18125170065693,1.480064623339,1.55211512597256,1.48518954521097,3.8242225
"137","Love.Death.and.Robots.S01E09.The.Dump.1080p.NF.WEB-DL.DDP5.1.x264-NTG.mkv",1920,1080,634.432,24,15226,525.706665,359.9583921,6,0.16281,0.87744,"fast",374.18,63.9050293,40.39605904,46.72,0.99155,0.737140406,1.56140350877193,1.74137931034486,1.60484719475277,1.06839392282492,1.56444455033285,1.46144926081519,1.629903795915,1.50211187134931,2.9361635
"138","Love.Death.and.Robots.S01E09.The.Dump.1080p.NF.WEB-DL.DDP5.1.x264-NTG.mkv",1920,1080,634.432,24,15226,525.706665,359.9583921,6,0.16281,0.87744,"medium",565.31,63.49682617,40.13802624,46.87,0.991799973,0.744249545,1.58164642375169,1.82757689655174,1.67658421796165,1.15771493730752,1.50477645622221,1.36617950825624,1.57860699353341,1.44818397338888,2.9193509
"139","Love.Death.and.Robots.S01E09.The.Dump.1080p.NF.WEB-DL.DDP5.1.x264-NTG.mkv",1920,1080,634.432,24,15226,525.706665,359.9583921,6,0.16281,0.87744,"slow",1063.53,63.5177002,40.15125561,49.49,0.9921,0.770800098,1.93522267206478,1.93103448275863,1.94450099899092,1.3905486935756,1.5078356459616,1.39169716314545,1.38868526624066,1.39836958459248,2.7713578
"140","Love.Death.and.Robots.S01E09.The.Dump.1080p.NF.WEB-DL.DDP5.1.x264-NTG.mkv",1920,1080,634.432,24,15226,525.706665,359.9583921,6,0.16281,0.87744,"slower",2367.64,60.0435791,37.9551363,49.97,0.9923,0.776300049,2,2,2,2,1,1,1,1,3
"141","Love.Death.and.Robots.S01E10.Shape-Shifters.1080p.NF.WEB-DL.DDP5.1.x264-NTG.mkv",1920,1080,970.432,24,23290,654.296875,647.6422443,10,0.18503,0.86892,"superfast",362.45,72.03881836,69.65528393,42.04,0.98605,0.6424,1,1,1,1,2,1,1,1,1.5
"142","Love.Death.and.Robots.S01E10.Shape-Shifters.1080p.NF.WEB-DL.DDP5.1.x264-NTG.mkv",1920,1080,970.432,24,23290,654.296875,647.6422443,10,0.18503,0.86892,"veryfast",479.17,66.6895752,64.48314285,45.9,0.9879,0.693250049,1.54829545454545,1.56923076923078,1.5358277028451,1.03507411781322,1.01408667586783,1.49583051870383,1.5160564274818,1.4837852443744,4.4332228
"143","Love.Death.and.Robots.S01E10.Shape-Shifters.1080p.NF.WEB-DL.DDP5.1.x264-NTG.mkv",1920,1080,970.432,24,23290,654.296875,647.6422443,10,0.18503,0.86892,"faster",471.8,66.61315918,64.40924358,45.9,0.98795,0.6933,1.54829545454545,1.58461538461539,1.536354056902,1.03285944810551,1,1.49903789657476,1.53420234236316,1.48747640322215,4.5207166
"144","Love.Death.and.Robots.S01E10.Shape-Shifters.1080p.NF.WEB-DL.DDP5.1.x264-NTG.mkv",1920,1080,970.432,24,23290,654.296875,647.6422443,10,0.18503,0.86892,"fast",595.84,69.78381348,67.47492504,45.88,0.9884,0.697897003,1.54545454545455,1.72307692307692,1.58479455216017,1.07013321073018,1.58438007629888,1.44417024904782,1.61015180708317,1.48093203375944,2.8624786
"145","Love.Death.and.Robots.S01E10.Shape-Shifters.1080p.NF.WEB-DL.DDP5.1.x264-NTG.mkv",1920,1080,970.432,24,23290,654.296875,647.6422443,10,0.18503,0.86892,"medium",882.57,70.46411133,68.13269997,46.08,0.98875,0.7043,1.57386363636364,1.83076923076925,1.6522655426765,1.15629498078316,1.70976510693442,1.36112641023285,1.58330638910952,1.42893082659359,2.5578739
"146","Love.Death.and.Robots.S01E10.Shape-Shifters.1080p.NF.WEB-DL.DDP5.1.x264-NTG.mkv",1920,1080,970.432,24,23290,654.296875,647.6422443,10,0.18503,0.86892,"slow",1651.49,71.38208008,69.0203352,48.7,0.98915,0.733149817,1.94602272727273,1.95384615384616,1.95626782929399,1.3873538453217,1.87896609868813,1.40268665692961,1.40832575657229,1.41007129211537,2.2464927
"147","Love.Death.and.Robots.S01E10.Shape-Shifters.1080p.NF.WEB-DL.DDP5.1.x264-NTG.mkv",1920,1080,970.432,24,23290,654.296875,647.6422443,10,0.18503,0.86892,"slower",3690.26,68.60974121,66.33977604,49.08,0.9893,0.7373,2,2,2,2,1.36799801968736,1,1,1,2.1929856
"148","Love.Death.and.Robots.S01E11.Helping.Hand.1080p.NF.WEB-DL.DDP5.1.x264-NTG.mkv",1920,1080,604.448,24,14506,424.8046875,274.2544537,6,0.13804,0.90292,"superfast",197.87,50.51794434,30.42370319,42.57,0.9884,0.65165,1,1,1,1,2,1,1,1,1.5
"149","Love.Death.and.Robots.S01E11.Helping.Hand.1080p.NF.WEB-DL.DDP5.1.x264-NTG.mkv",1920,1080,604.448,24,14506,424.8046875,274.2544537,6,0.13804,0.90292,"veryfast",253.57,46.02062988,27.71527481,46.47,0.99015,0.704000049,1.53133514986376,1.63636363636364,1.54333155945519,1.03317687982465,1.00883707780873,1.48216165089144,1.5838175130684,1.49377283753884,4.5198101
"150","Love.Death.and.Robots.S01E11.Helping.Hand.1080p.NF.WEB-DL.DDP5.1.x264-NTG.mkv",1920,1080,604.448,24,14506,424.8046875,274.2544537,6,0.13804,0.90292,"faster",253.53,45.98059082,27.69112682,46.47,0.99015,0.704050049,1.53133514986376,1.63636363636364,1.54385050028699,1.03315305441723,1,1.48219583082735,1.58385403727685,1.49430957367476,4.5603594
"151","Love.Death.and.Robots.S01E11.Helping.Hand.1080p.NF.WEB-DL.DDP5.1.x264-NTG.mkv",1920,1080,604.448,24,14506,424.8046875,274.2544537,6,0.13804,0.90292,"fast",330.06,49.32128906,29.70301914,46.68,0.9906,0.713074756,1.55994550408719,1.80000000000002,1.63751627943336,1.07873701515296,1.73626206465366,1.44608508114093,1.6686179993043,1.5179939655646,2.6682015
"152","Love.Death.and.Robots.S01E11.Helping.Hand.1080p.NF.WEB-DL.DDP5.1.x264-NTG.mkv",1920,1080,604.448,24,14506,424.8046875,274.2544537,6,0.13804,0.90292,"medium",482.7,49.60046387,29.87114716,46.84,0.9907,0.716700049,1.58174386920981,1.83636363636366,1.67514253073204,1.16965476984656,1.79778935510593,1.35231686304952,1.57000482852265,1.43216834053674,2.4221358
"153","Love.Death.and.Robots.S01E11.Helping.Hand.1080p.NF.WEB-DL.DDP5.1.x264-NTG.mkv",1920,1080,604.448,24,14506,424.8046875,274.2544537,6,0.13804,0.90292,"slow",819.49,49.28796387,29.68292618,49.53,0.99105,0.743800098,1.94822888283379,1.96363636363637,1.95640897012891,1.37025874392452,1.72890894537012,1.42179635158096,1.43304056430421,1.42776609074985,2.4770553
"154","Love.Death.and.Robots.S01E11.Helping.Hand.1080p.NF.WEB-DL.DDP5.1.x264-NTG.mkv",1920,1080,604.448,24,14506,424.8046875,274.2544537,6,0.13804,0.90292,"slower",1876.75,46.45507813,27.97687244,49.91,0.99115,0.748000098,2,2,2,2,1.10457003988511,1,1,1,2.7159889
"155","Love.Death.and.Robots.S01E12.Fish.Night.1080p.NF.WEB-DL.DDP5.1.x264-NTG.mkv",1920,1080,614.432,24,14746,528.9412842,350.4987516,16,0.29201,0.90233,"superfast",207.66,76.484375,46.82369328,42.52,0.9884,0.6661,1,1,1,1,1.88375681206415,1,1,1,1.5925623
"156","Love.Death.and.Robots.S01E12.Fish.Night.1080p.NF.WEB-DL.DDP5.1.x264-NTG.mkv",1920,1080,614.432,24,14746,528.9412842,350.4987516,16,0.29201,0.90233,"veryfast",265.88,71.37658691,43.69667149,46.36,0.9904,0.7204,1.52819807427785,1.44943820224718,1.49095797365388,1.03048630420326,1.18266878438766,1.48298727313937,1.40655746353451,1.44684889801291,3.6666171
"157","Love.Death.and.Robots.S01E12.Fish.Night.1080p.NF.WEB-DL.DDP5.1.x264-NTG.mkv",1920,1080,614.432,24,14746,528.9412842,350.4987516,16,0.29201,0.90233,"faster",265.9,71.29919434,43.64929771,46.36,0.9904,0.7204,1.52819807427785,1.44943820224718,1.49095797365388,1.03049677699755,1.1720474353168,1.48297220174759,1.40654316888817,1.44683419389036,3.6998072
"158","Love.Death.and.Robots.S01E12.Fish.Night.1080p.NF.WEB-DL.DDP5.1.x264-NTG.mkv",1920,1080,614.432,24,14746,528.9412842,350.4987516,16,0.29201,0.90233,"fast",348.86,77.33129883,47.34216595,46.57,0.99145,0.733934544,1.55708390646492,1.68539325842698,1.61333168077301,1.07393792774819,2,1.44988259212502,1.56935816761856,1.50225784851068,2.2607493
"159","Love.Death.and.Robots.S01E12.Fish.Night.1080p.NF.WEB-DL.DDP5.1.x264-NTG.mkv",1920,1080,614.432,24,14746,528.9412842,350.4987516,16,0.29201,0.90233,"medium",504.36,75.02893066,45.9326725,46.84,0.99205,0.743999692,1.59422283356259,1.82022471910112,1.70433655492783,1.15536390341989,1.68398717717812,1.37984476479113,1.57545576221763,1.47515129205869,2.6309297
"160","Love.Death.and.Robots.S01E12.Fish.Night.1080p.NF.WEB-DL.DDP5.1.x264-NTG.mkv",1920,1080,614.432,24,14746,528.9412842,350.4987516,16,0.29201,0.90233,"slow",888.01,75.0267334,45.93133163,49.47,0.9926,0.772050146,1.95598349381018,1.94382022471911,1.95795707161128,1.35625828005299,1.68368654994658,1.44219100637214,1.43322275211707,1.44364617006045,2.5652399
"161","Love.Death.and.Robots.S01E12.Fish.Night.1080p.NF.WEB-DL.DDP5.1.x264-NTG.mkv",1920,1080,614.432,24,14746,528.9412842,350.4987516,16,0.29201,0.90233,"slower",2117.37,70.0456543,42.88192463,49.79,0.99285,0.776700098,2,2,2,2,1,1,1,1,3
"162","Love.Death.and.Robots.S01E13.Lucky.13.1080p.NF.WEB-DL.DDP5.1.x264-NTG.mkv",1920,1080,888.448,24,21322,755.6152344,680.450242,15,0.17377,0.87726,"superfast",355.41,93.51708984,82.78232479,43.93,0.98665,0.646750195,1,1,1,1,2,1,1,1,1.5
"163","Love.Death.and.Robots.S01E13.Lucky.13.1080p.NF.WEB-DL.DDP5.1.x264-NTG.mkv",1920,1080,888.448,24,21322,755.6152344,680.450242,15,0.17377,0.87726,"veryfast",468.79,85.65771484,75.8250227,47.76,0.98805,0.697300244,1.53716690042076,1.50909090909091,1.53463744482597,1.03249772131871,1.23262725282093,1.48878478729956,1.46159248386862,1.48633494596572,3.5993949
"164","Love.Death.and.Robots.S01E13.Lucky.13.1080p.NF.WEB-DL.DDP5.1.x264-NTG.mkv",1920,1080,888.448,24,21322,755.6152344,680.450242,15,0.17377,0.87726,"faster",468.95,85.55566406,75.73477364,47.8,0.98805,0.697450244,1.54277699859747,1.50909090909091,1.53622390454877,1.03254358157106,1.2226730107589,1.49415194296213,1.46152756748027,1.48780538852543,3.6342381
"165","Love.Death.and.Robots.S01E13.Lucky.13.1080p.NF.WEB-DL.DDP5.1.x264-NTG.mkv",1920,1080,888.448,24,21322,755.6152344,680.450242,15,0.17377,0.87726,"fast",577.69,87.97216797,77.87386227,47.88,0.98855,0.703000243,1.55399719495091,1.69090909090912,1.59492290371585,1.06371135557173,1.45860905280916,1.46092000128705,1.58963151239489,1.49939445072351,3.1193732
"166","Love.Death.and.Robots.S01E13.Lucky.13.1080p.NF.WEB-DL.DDP5.1.x264-NTG.mkv",1920,1080,888.448,24,21322,755.6152344,680.450242,15,0.17377,0.87726,"medium",873.33,88.18457031,78.06188774,48.27,0.98895,0.712197461,1.60869565217391,1.83636363636365,1.69219634317438,1.14844963684413,1.4793477845168,1.40075419989205,1.59899361491364,1.4734615161919,3.0237713
"167","Love.Death.and.Robots.S01E13.Lucky.13.1080p.NF.WEB-DL.DDP5.1.x264-NTG.mkv",1920,1080,888.448,24,21322,755.6152344,680.450242,15,0.17377,0.87726,"slow",1699.96,87.64611816,77.58526134,50.54,0.98925,0.735950183,1.92706872370266,1.94545454545455,1.94341458823962,1.38538376432416,1.42677710335121,1.39099993325153,1.40427121751611,1.40279873222542,2.9423446
"168","Love.Death.and.Robots.S01E13.Lucky.13.1080p.NF.WEB-DL.DDP5.1.x264-NTG.mkv",1920,1080,888.448,24,21322,755.6152344,680.450242,15,0.17377,0.87726,"slower",3844.27,83.27502441,73.71593285,51.06,0.9894,0.741300342,2,2,2,2,1,1,1,1,3
"169","Love.Death.and.Robots.S01E14.Zima.Blue.1080p.NF.WEB-DL.DDP5.1.x264-NTG.mkv",1920,1080,624.448,24,14986,542.505249,364.5730247,30,0.31701,0.90323,"superfast",212.46,67.9420166,42.27099991,43.66,0.9897,0.695400049,1,1,1,1,2,1,1,1,1.5
"170","Love.Death.and.Robots.S01E14.Zima.Blue.1080p.NF.WEB-DL.DDP5.1.x264-NTG.mkv",1920,1080,624.448,24,14986,542.505249,364.5730247,30,0.31701,0.90323,"veryfast",275.28,62.92956543,39.15248775,47.61,0.99145,0.750050049,1.53741496598639,1.53030303030304,1.5329102711624,1.03459327297958,1.24026280845341,1.48600904929404,1.47913491250126,1.48165497611219,3.5853683
"171","Love.Death.and.Robots.S01E14.Zima.Blue.1080p.NF.WEB-DL.DDP5.1.x264-NTG.mkv",1920,1080,624.448,24,14986,542.505249,364.5730247,30,0.31701,0.90323,"faster",263.55,62.91210938,39.14157963,47.61,0.99145,0.750150049,1.53741496598639,1.53030303030304,1.53388540432097,1.02813387960087,1.23760535386331,1.49534510679021,1.48842778228174,1.491912128133,3.6164073
"172","Love.Death.and.Robots.S01E14.Zima.Blue.1080p.NF.WEB-DL.DDP5.1.x264-NTG.mkv",1920,1080,624.448,24,14986,542.505249,364.5730247,30,0.31701,0.90323,"fast",335.23,66.32849121,41.26707745,47.83,0.99195,0.758922621,1.56734693877551,1.68181818181818,1.61942966275302,1.06760611467213,1.75542271725792,1.46809475632954,1.57531711246772,1.51687934388645,2.5978308
"173","Love.Death.and.Robots.S01E14.Zima.Blue.1080p.NF.WEB-DL.DDP5.1.x264-NTG.mkv",1920,1080,624.448,24,14986,542.505249,364.5730247,30,0.31701,0.90323,"medium",488.21,65.3605957,40.66493034,48,0.9924,0.766049805,1.59047619047619,1.8181818181818,1.68892919720983,1.15184805832728,1.6087266228456,1.38080381260172,1.57849102148263,1.46627776554358,2.7509787
"174","Love.Death.and.Robots.S01E14.Zima.Blue.1080p.NF.WEB-DL.DDP5.1.x264-NTG.mkv",1920,1080,624.448,24,14986,542.505249,364.5730247,30,0.31701,0.90323,"slow",837.24,65.39770508,40.68805599,50.74,0.9928,0.794200049,1.96326530612245,1.93939393939395,1.96343156067419,1.34404942840151,1.61436053269821,1.46070915595521,1.44294837556718,1.46083285270939,2.7035413
"175","Love.Death.and.Robots.S01E14.Zima.Blue.1080p.NF.WEB-DL.DDP5.1.x264-NTG.mkv",1920,1080,624.448,24,14986,542.505249,364.5730247,30,0.31701,0.90323,"slower",2028.42,61.34448242,38.16627502,51.01,0.993,0.797950146,2,2,2,2,1,1,1,1,3
"176","Love.Death.and.Robots.S01E15.Blindspot.1080p.NF.WEB-DL.DDP5.1.x264-NTG.mkv",1920,1080,524.448,24,12586,334.4726563,193.4730911,21,0.15209,0.83506,"superfast",187.85,53.67578125,28.04692078,42.57,0.99205,0.657800049,1,1,1,1,2,1,1,1,1.5
"177","Love.Death.and.Robots.S01E15.Blindspot.1080p.NF.WEB-DL.DDP5.1.x264-NTG.mkv",1920,1080,524.448,24,12586,334.4726563,193.4730911,21,0.15209,0.83506,"veryfast",242.82,48.85961914,25.53033447,46.46,0.99345,0.707750049,1.53581267217631,1.57142857142858,1.50891467206501,1.03327582553951,1.58541387093527,1.4863530474783,1.52082196504315,1.46032127605148,2.8178739
"178","Love.Death.and.Robots.S01E15.Blindspot.1080p.NF.WEB-DL.DDP5.1.x264-NTG.mkv",1920,1080,524.448,24,12586,334.4726563,193.4730911,21,0.15209,0.83506,"faster",243.42,48.87719727,25.5395546,46.46,0.99345,0.707800049,1.53581267217631,1.57142857142858,1.50942409616118,1.03363903265837,1.58693280870863,1.48583076262747,1.52028756826945,1.46030098368011,2.8144981
"179","Love.Death.and.Robots.S01E15.Blindspot.1080p.NF.WEB-DL.DDP5.1.x264-NTG.mkv",1920,1080,524.448,24,12586,334.4726563,193.4730911,21,0.15209,0.83506,"fast",298.17,50.57409668,26.4262104,46.7,0.9938,0.716181498,1.56887052341598,1.71428571428571,1.59481833778809,1.06678168225431,1.73300178892763,1.47065753894524,1.60696958225146,1.49498099219135,2.6385478
"180","Love.Death.and.Robots.S01E15.Blindspot.1080p.NF.WEB-DL.DDP5.1.x264-NTG.mkv",1920,1080,524.448,24,12586,334.4726563,193.4730911,21,0.15209,0.83506,"medium",444.04,47.38439941,24.75946236,46.81,0.99405,0.724900097,1.58402203856749,1.81632653061222,1.68364762609543,1.15508338630104,1.45841926605369,1.37134864664625,1.57246355730967,1.45759833970691,3.0179323
"181","Love.Death.and.Robots.S01E15.Blindspot.1080p.NF.WEB-DL.DDP5.1.x264-NTG.mkv",1920,1080,524.448,24,12586,334.4726563,193.4730911,21,0.15209,0.83506,"slow",788.51,46.20751953,24.14454079,49.51,0.99435,0.751500146,1.95592286501377,1.93877551020404,1.95466174448879,1.36360664669027,1.35711618243932,1.43437469284941,1.42179969194915,1.43344985097654,3.1608379
"182","Love.Death.and.Robots.S01E15.Blindspot.1080p.NF.WEB-DL.DDP5.1.x264-NTG.mkv",1920,1080,524.448,24,12586,334.4726563,193.4730911,21,0.15209,0.83506,"slower",1839.8,42.05883789,21.97680378,49.83,0.9945,0.755950098,2,2,2,2,1,1,1,1,3
"183","Love.Death.and.Robots.S01E16.Ice.Age.1080p.NF.WEB-DL.DDP5.1.x264-NTG.mkv",1920,1080,630.432,24,15130,526.493042,358.1271877,16,0.13178,0.90877,"superfast",216.41,51.82556152,32.55381393,43.19,0.9883,0.658400049,1,1,1,1,2,1,1,1,1.5
"184","Love.Death.and.Robots.S01E16.Ice.Age.1080p.NF.WEB-DL.DDP5.1.x264-NTG.mkv",1920,1080,630.432,24,15130,526.493042,358.1271877,16,0.13178,0.90877,"veryfast",284.34,46.60705566,29.27581596,47.15,0.98975,0.710800049,1.53950953678474,1.6304347826087,1.55685412023537,1.03485055254004,1.19691431996315,1.48766363704016,1.57552680298309,1.50442410878949,3.8161583
"185","Love.Death.and.Robots.S01E16.Ice.Age.1080p.NF.WEB-DL.DDP5.1.x264-NTG.mkv",1920,1080,630.432,24,15130,526.493042,358.1271877,16,0.13178,0.90877,"faster",283.54,46.59020996,29.26520634,47.15,0.98975,0.710800049,1.53950953678474,1.6304347826087,1.55685412023537,1.03444012353913,1.1943150401678,1.48825388899032,1.57615191590838,1.50502101069795,3.8259811
"186","Love.Death.and.Robots.S01E16.Ice.Age.1080p.NF.WEB-DL.DDP5.1.x264-NTG.mkv",1920,1080,630.432,24,15130,526.493042,358.1271877,16,0.13178,0.90877,"fast",356.56,48.94140625,30.74211216,47.29,0.990099805,0.715920304,1.55858310626703,1.78252391304349,1.61126700369731,1.07190203059748,1.55614623276157,1.4540350347114,1.66295413401718,1.50318495319874,2.9689845
"187","Love.Death.and.Robots.S01E16.Ice.Age.1080p.NF.WEB-DL.DDP5.1.x264-NTG.mkv",1920,1080,630.432,24,15130,526.493042,358.1271877,16,0.13178,0.90877,"medium",544.28,47.80029297,30.02534485,47.49,0.9902,0.721350049,1.5858310626703,1.82608695652172,1.66896883337436,1.16820919566177,1.38054345086615,1.3574889399599,1.56315064399684,1.42865579176418,3.1504227
"188","Love.Death.and.Robots.S01E16.Ice.Age.1080p.NF.WEB-DL.DDP5.1.x264-NTG.mkv",1920,1080,630.432,24,15130,526.493042,358.1271877,16,0.13178,0.90877,"slow",984.7,47.82348633,30.03989887,50.33,0.99045,0.749650098,1.97275204359673,1.93478260869566,1.96971308697193,1.39416062138951,1.38410907999587,1.41501059012165,1.38777597000792,1.41283081500953,3.0457263
"189","Love.Death.and.Robots.S01E16.Ice.Age.1080p.NF.WEB-DL.DDP5.1.x264-NTG.mkv",1920,1080,630.432,24,15130,526.493042,358.1271877,16,0.13178,0.90877,"slower",2165.59,45.32751465,28.4720602,50.53,0.9906,0.752500098,2,2,2,2,1,1,1,1,3
"190","Love.Death.and.Robots.S01E18.The.Secret.War.1080p.NF.WEB-DL.DDP5.1.x264-NTG.mkv",1920,1080,982.432,24,23578,868.3200684,886.0022898,23,0.18962,0.8581,"superfast",416.05,124.852417,122.2144222,45.52,0.9738,0.591650244,1,1,1,1,1.92105443665639,1,1,1,1.5616424
"191","Love.Death.and.Robots.S01E18.The.Secret.War.1080p.NF.WEB-DL.DDP5.1.x264-NTG.mkv",1920,1080,982.432,24,23578,868.3200684,886.0022898,23,0.18962,0.8581,"veryfast",555.76,114.1702881,111.7579546,49.14,0.97475,0.638150293,1.52692867540029,1.28358208955224,1.50653570898694,1.03056529719725,1.0132707593685,1.48164185185835,1.24551262597635,1.46185371570743,4.134145
"192","Love.Death.and.Robots.S01E18.The.Secret.War.1080p.NF.WEB-DL.DDP5.1.x264-NTG.mkv",1920,1080,982.432,24,23578,868.3200684,886.0022898,23,0.18962,0.8581,"faster",552.11,114.0140381,111.605093,49.36,0.97475,0.640650049,1.5589519650655,1.28358208955224,1.53376612497541,1.02976676212625,1,1.51388840891174,1.2464784616877,1.48943059864208,4.2497975
"193","Love.Death.and.Robots.S01E18.The.Secret.War.1080p.NF.WEB-DL.DDP5.1.x264-NTG.mkv",1920,1080,982.432,24,23578,868.3200684,886.0022898,23,0.18962,0.8581,"fast",690.89,117.9332275,115.4414263,49.47,0.9756,0.649300199,1.57496360989811,1.53731343283583,1.6279941947801,1.06012859696294,1.3330532722519,1.4856344922777,1.45011976588494,1.53565727728124,3.3542632
"194","Love.Death.and.Robots.S01E18.The.Secret.War.1080p.NF.WEB-DL.DDP5.1.x264-NTG.mkv",1920,1080,982.432,24,23578,868.3200684,886.0022898,23,0.18962,0.8581,"medium",1029.86,122.5645752,119.9748507,49.64,0.9762,0.652750244,1.59970887918486,1.71641791044776,1.66557632700778,1.13428734573506,1.72662487118639,1.41032066098577,1.51321260604865,1.46839011584708,2.5436465
"195","Love.Death.and.Robots.S01E18.The.Secret.War.1080p.NF.WEB-DL.DDP5.1.x264-NTG.mkv",1920,1080,982.432,24,23578,868.3200684,886.0022898,23,0.18962,0.8581,"slow",2148.49,125.7814941,123.1237707,51.68,0.9768,0.677550439,1.89665211062591,1.89552238805971,1.93573054463751,1.37901756120826,2,1.37536472629407,1.3745455035387,1.40370260618108,2.0768064
"196","Love.Death.and.Robots.S01E18.The.Secret.War.1080p.NF.WEB-DL.DDP5.1.x264-NTG.mkv",1920,1080,982.432,24,23578,868.3200684,886.0022898,23,0.18962,0.8581,"slower",4986.92,122.114502,119.5343609,52.39,0.97715,0.683450384,2,2,2,2,1.68838351992434,1,1,1,1.7768475
"197","Tumbbad cut 1.mkv",1920,816,121.457,24,2914,612.875,81.89019871,2,0.06957,0.89584,"superfast",32.92,55.375,6.54,44.02,0.966412712,0.407463185,1,1,1.14402964517025,1,1.51948051948052,1,1,1.14402964517025,2.0691477
"198","Tumbbad cut 1.mkv",1920,816,121.457,24,2914,612.875,81.89019871,2,0.06957,0.89584,"veryfast",41.13,52,6.14,44.16,0.96730704,0.401763378,1.1590909090909,1.12948197682659,1.02066883044534,1.02583954930287,1,1.12989493325597,1.10103181106067,0.994959524751172,3.2258863
"199","Tumbbad cut 1.mkv",1920,816,121.457,24,2914,612.875,81.89019871,2,0.06957,0.89584,"faster",41.14,52,6.14,44.16,0.967311862,0.400808388,1.1590909090909,1.13018011228948,1,1.02587102256633,1,1.12986026858553,1.1016785613675,0.97478140819144,3.2063202
"200","Tumbbad cut 1.mkv",1920,816,121.457,24,2914,612.875,81.89019871,2,0.06957,0.89584,"fast",56.27,55.5,6.56,44.7,0.970371133,0.42467276,1.77272727272728,1.57310536647841,1.51649615027639,1.07349007018538,1.54545454545454,1.65136811411879,1.46541212645474,1.41267832129506,2.9308261
"201","Tumbbad cut 1.mkv",1920,816,121.457,24,2914,612.875,81.89019871,2,0.06957,0.89584,"medium",76.73,58.25,6.89,44.68,0.97156912,0.432224463,1.75,1.74655149024123,1.67993751498235,1.13788436723004,1.97402597402597,1.53794185982187,1.53491122695786,1.47636927210086,2.3045403
"202","Tumbbad cut 1.mkv",1920,816,121.457,24,2914,612.875,81.89019871,2,0.06957,0.89584,"slow",136.03,58.5,6.91,44.9,0.972540799,0.44659961,2,1.88723244595423,1.99105854867883,1.32452081956378,2,1.50998003992016,1.42484166204029,1.50322933340872,2.2190255
"203","Tumbbad cut 1.mkv",1920,816,121.457,24,2914,612.875,81.89019871,2,0.06957,0.89584,"slower",350.65,57.5,6.79,44.8,0.973319681,0.447012744,1.88636363636363,2,2,2,1.84415584415584,0.943181818181817,1,1,1.5959507
"204","Tumbbad cut 2.mkv",1920,816,123.083,24,2951,458.375,64.48530293,1,0.17339,0.92022,"superfast",36.38,46.25,5.55,41.87,0.979402122,0.398268027,1,1,1,1,1.85454545454545,1,1,1,1.6176471
"205","Tumbbad cut 2.mkv",1920,816,123.083,24,2951,458.375,64.48530293,1,0.17339,0.92022,"veryfast",45.75,42.375,5.08,42.04,0.980230523,0.406489851,1.1734693877551,1.28331688291613,1.21155210912473,1.02834755248987,1,1.14112138927531,1.2479408151543,1.17815431776085,3.5672165
"206","Tumbbad cut 2.mkv",1920,816,123.083,24,2951,458.375,64.48530293,1,0.17339,0.92022,"faster",45.7,42.375,5.08,42.05,0.980140635,0.405680434,1.18367346938775,1.25257478099742,1.19072535906156,1.02819628486719,1,1.15121352489681,1.21822535194165,1.15807203020128,3.5275109
"207","Tumbbad cut 2.mkv",1920,816,123.083,24,2951,458.375,64.48530293,1,0.17339,0.92022,"fast",62.12,46,5.51,42.53,0.981618578,0.421310107,1.6734693877551,1.75803796113323,1.59288554737012,1.07787257215466,1.78181818181818,1.55256700187653,1.63102578778763,1.47780506575648,2.6160906
"208","Tumbbad cut 2.mkv",1920,816,123.083,24,2951,458.375,64.48530293,1,0.17339,0.92022,"medium",82.8,46,5.51,42.49,0.981563738,0.423770077,1.63265306122449,1.73928243348524,1.6561819450896,1.14043686089429,1.78181818181818,1.43160320155227,1.52510190886092,1.45223466715279,2.474405
"209","Tumbbad cut 2.mkv",1920,816,123.083,24,2951,458.375,64.48530293,1,0.17339,0.92022,"slow",161.19,47,5.63,42.69,0.981917293,0.430936032,1.83673469387755,1.86019984007868,1.84056595697588,1.37759423972893,2,1.3332915026118,1.35032492618778,1.33607262856881,2.0098445
"210","Tumbbad cut 2.mkv",1920,816,123.083,24,2951,458.375,64.48530293,1,0.17339,0.92022,"slower",366.92,44.625,5.35,42.85,0.98232606,0.437132324,2,2,2,2,1.49090909090909,1,1,1,2.0121951
"211","Tumbbad cut 3.mkv",1920,816,123.323,24,2932,545.25,75.03220177,1,0.09452,0.92224,"superfast",31.71,25,2.98,44.71,0.982481343,0.540523387,1,1,1,1,2,1,1,1,1.5
"212","Tumbbad cut 3.mkv",1920,816,123.323,24,2932,545.25,75.03220177,1,0.09452,0.92224,"veryfast",39.57,21.625,2.57,44.94,0.983964522,0.547949252,1.22772277227723,1.54885963471008,1.2074789444578,1.03052664284605,1,1.1913547124668,1.50297873952345,1.17171055483152,3.866044
"213","Tumbbad cut 3.mkv",1920,816,123.323,24,2932,545.25,75.03220177,1,0.09452,0.92224,"faster",39.38,21.625,2.57,44.98,0.984118625,0.550029928,1.26732673267326,1.60588641049896,1.26561310933135,1.02978872145409,1,1.23066674383825,1.55943289826616,1.2290026905172,4.0191023
"214","Tumbbad cut 3.mkv",1920,816,123.323,24,2932,545.25,75.03220177,1,0.09452,0.92224,"fast",53.18,24.375,2.9,45.5,0.984995309,0.566615121,1.78217821782178,1.9303087897237,1.72900401897877,1.08338511729066,1.80487804878049,1.64500895330616,1.78173833008804,1.59592742357646,2.7828333
"215","Tumbbad cut 3.mkv",1920,816,123.323,24,2932,545.25,75.03220177,1,0.09452,0.92224,"medium",73.56,23.125,2.75,45.43,0.984799137,0.565616846,1.71287128712871,1.85771411823742,1.7011121783274,1.1625368960696,1.4390243902439,1.47339090304981,1.59798293242833,1.46327586167687,3.1511972
"216","Tumbbad cut 3.mkv",1920,816,123.323,24,2932,545.25,75.03220177,1,0.09452,0.92224,"slow",129.27,23.5,2.79,45.6,0.985078418,0.569773833,1.88118811881188,1.96106379325403,1.81725854981204,1.37890321578375,1.53658536585366,1.36426407399641,1.42219103618479,1.3179014516832,2.6710892
"217","Tumbbad cut 3.mkv",1920,816,123.323,24,2932,545.25,75.03220177,1,0.09452,0.92224,"slower",289.19,22.25,2.64,45.72,0.985183635,0.57631432,2,2,2,2,1.17073170731707,1,1,1,2.5625
"218","Tumbbad cut 4.mkv",1920,816,62.916,24,1504,526.125,37.10638714,1,0.12157,0.92951,"superfast",17.66,50.125,3.07,39.41,0.96514086,0.375202245,1,1,1,1,1.54545454545454,1,1,1,1.9411765
"219","Tumbbad cut 4.mkv",1920,816,62.916,24,1504,526.125,37.10638714,1,0.12157,0.92951,"veryfast",22,46.25,2.83,39.46,0.965909437,0.379201648,1.05434782608696,1.32120604233141,1.10617892433561,1.02715215215215,1,1.02647677257729,1.28628075165217,1.07693774677674,3.3896953
"220","Tumbbad cut 4.mkv",1920,816,62.916,24,1504,526.125,37.10638714,1,0.12157,0.92951,"faster",22.17,46.25,2.83,39.44,0.965837264,0.378739994,1.03260869565218,1.29104328220046,1.09392261379746,1.02821571571572,1,1.00427243025886,1.25561520065057,1.06390380644591,3.3237914
"221","Tumbbad cut 4.mkv",1920,816,62.916,24,1504,526.125,37.10638714,1,0.12157,0.92951,"fast",30,50,3.06,39.97,0.967046362,0.396285794,1.60869565217391,1.79635320348465,1.55974067979576,1.0772022022022,1.52272727272727,1.49340174842304,1.6676100362701,1.44795533893921,3.0267844
"222","Tumbbad cut 4.mkv",1920,816,62.916,24,1504,526.125,37.10638714,1,0.12157,0.92951,"medium",40.19,51.625,3.16,40.04,0.967117009,0.400737261,1.68478260869565,1.8258782130446,1.67792131269909,1.14095345345345,1.75,1.47664447098708,1.60030911648324,1.47063081988168,2.5986197
"223","Tumbbad cut 4.mkv",1920,816,62.916,24,1504,526.125,37.10638714,1,0.12157,0.92951,"slow",75.09,53.5,3.27,40.21,0.967426341,0.407085862,1.86956521739131,1.95515518527572,1.84646837465208,1.3592967967968,2,1.37539146843939,1.43835782581337,1.3583997100584,2.0860745
"224","Tumbbad cut 4.mkv",1920,816,62.916,24,1504,526.125,37.10638714,1,0.12157,0.92951,"slower",177.5,51.75,3.17,40.33,0.967533645,0.412868882,2,2,2,2,1.77272727272727,1,1,1,1.6923077
"225","Tumbbad cut 5.mkv",1920,816,66.235,24,1541,726.125,51.95376873,2,0.22824,0.85747,"superfast",29.76,80.75,5.05,43.62,0.981862928,0.61432791,1,1,1.00015236457891,1,2,1,1,1.00015236457891,1.5000762
"226","Tumbbad cut 5.mkv",1920,816,66.235,24,1541,726.125,51.95376873,2,0.22824,0.85747,"veryfast",42.27,74.375,4.64,43.72,0.982375896,0.615566158,1.09433962264151,1.20882297505407,1.03664465376712,1.04965467968564,1.06818181818182,1.04257108915977,1.15163872314283,0.987605422840186,2.9787206
"227","Tumbbad cut 5.mkv",1920,816,66.235,24,1541,726.125,51.95376873,2,0.22824,0.85747,"faster",45.16,74.125,4.63,43.71,0.982347719,0.61432274,1.08490566037736,1.19735246428516,1,1.06112566484084,1.04545454545454,1.02241015962996,1.1283795161667,0.942395451485,2.9586988
"228","Tumbbad cut 5.mkv",1920,816,66.235,24,1541,726.125,51.95376873,2,0.22824,0.85747,"fast",56.87,77.25,4.83,44.28,0.983719529,0.633811006,1.62264150943396,1.75579947347275,1.5743368361174,1.10760498531396,1.5,1.46500018594085,1.58522171419718,1.4213883622699,2.9810735
"229","Tumbbad cut 5.mkv",1920,816,66.235,24,1541,726.125,51.95376873,2,0.22824,0.85747,"medium",59.79,76.375,4.77,44.42,0.983915823,0.640101937,1.75471698113208,1.83570835095684,1.75973626604989,1.11919504643963,1.36363636363636,1.56783840914429,1.64020414207208,1.57232313674721,3.5056015
"230","Tumbbad cut 5.mkv",1920,816,66.235,24,1541,726.125,51.95376873,2,0.22824,0.85747,"slow",140.49,77.25,4.83,44.61,0.984083872,0.644547366,1.93396226415094,1.90411903570688,1.89074708184256,1.43950940700167,1.5,1.34348706215068,1.32275553493808,1.31346629111703,2.6531393
"231","Tumbbad cut 5.mkv",1920,816,66.235,24,1541,726.125,51.95376873,2,0.22824,0.85747,"slower",281.7,73.75,4.61,44.68,0.984319401,0.648254511,2,2,2,2,1,1,1,1,3
"232","Tumbbad cut 6.mkv",1920,816,62.166,24,1491,1066.25,69.33984566,1,0.17105,0.82503,"superfast",24.89,101.5,6.14,45.4,0.982925538,0.416546277,1,1,1.13311129349872,1,1.68627450980392,1,1,1.13311129349872,1.8580079
"233","Tumbbad cut 6.mkv",1920,816,62.166,24,1491,1066.25,69.33984566,1,0.17105,0.82503,"veryfast",31.09,95.875,5.8,45.72,0.983169206,0.412384158,1.23880597014925,1.08251448595393,1,1.02812556704772,1.01960784313725,1.20491699638061,1.05290104696295,0.972643840451818,3.1683376
"234","Tumbbad cut 6.mkv",1920,816,62.166,24,1491,1066.25,69.33984566,1,0.17105,0.82503,"faster",31.06,95.75,5.79,45.73,0.983172751,0.41416431,1.24626865671642,1.08371494663283,1.05693213849588,1.02798947559427,1,1.21233600761911,1.05420821162235,1.028154629584,3.2946988
"235","Tumbbad cut 6.mkv",1920,816,62.166,24,1491,1066.25,69.33984566,1,0.17105,0.82503,"fast",40.67,101.625,6.15,46.26,0.984475535,0.425266552,1.64179104477612,1.52488306090719,1.4119997839322,1.07158410451824,1.70588235294118,1.53211590005269,1.42301761894159,1.31767518571676,2.5047499
"236","Tumbbad cut 6.mkv",1920,816,62.166,24,1491,1066.25,69.33984566,1,0.17105,0.82503,"medium",51.47,102.5,6.2,46.34,0.984980646,0.430102295,1.70149253731343,1.695931267954,1.5666546618339,1.12057702776266,1.80392156862745,1.51840747682525,1.5134446146376,1.39807851046339,2.4557224
"237","Tumbbad cut 6.mkv",1920,816,62.166,24,1491,1066.25,69.33984566,1,0.17105,0.82503,"slow",108.36,104.125,6.3,46.59,0.985556117,0.441405669,1.88805970149254,1.89080582573917,1.92815483375108,1.37865178733442,2,1.36949715572707,1.37148904684263,1.39858001234605,2.0697831
"238","Tumbbad cut 6.mkv",1920,816,62.166,24,1491,1066.25,69.33984566,1,0.17105,0.82503,"slower",245.33,100.125,6.06,46.74,0.985878571,0.443652121,2,2,2,2,1.52941176470588,1,1,1,1.9615385
"239","Tumbbad cut 7.mkv",1920,816,121.25,24,2910,443.75,61.79137421,1,0.04935,0.32151,"superfast",26.08,77.125,9.09,41.77,0.995415617,0.706001654,1,1,1,1,1.39751552795031,1,1,1,2.1466667
"240","Tumbbad cut 7.mkv",1920,816,121.25,24,2910,443.75,61.79137421,1,0.04935,0.32151,"veryfast",31.63,60.75,7.17,42.6,0.997406529,0.731851973,1.33739837398374,1.68305100911439,1.39495500631836,1.02375652769455,1,1.30636370836677,1.6439953871694,1.36258472457288,4.3129438
"241","Tumbbad cut 7.mkv",1920,816,121.25,24,2910,443.75,61.79137421,1,0.04935,0.32151,"faster",31.72,60.75,7.17,42.62,0.997406505,0.732405901,1.34552845528455,1.68304277508687,1.40341821471203,1.02414176868419,1,1.31381074029749,1.64336894222099,1.3703358828096,4.3275156
"242","Tumbbad cut 7.mkv",1920,816,121.25,24,2910,443.75,61.79137421,1,0.04935,0.32151,"fast",38.97,62.875,7.42,43.04,0.99779645,0.744215278,1.51626016260163,1.81682685281056,1.58384819577536,1.05517507062751,1.05175983436853,1.43697496729135,1.72182503490164,1.50102882437645,4.4305065
"243","Tumbbad cut 7.mkv",1920,816,121.25,24,2910,443.75,61.79137421,1,0.04935,0.32151,"medium",53.84,91.25,10.8,43.5,0.997921181,0.755058087,1.70325203252033,1.85962012313989,1.74951043371926,1.11882544302714,1.75155279503106,1.52235725701048,1.66211819254703,1.56370276044645,2.7108393
"244","Tumbbad cut 7.mkv",1920,816,121.25,24,2910,443.75,61.79137421,1,0.04935,0.32151,"slow",83.55,101.75,12,44.23,0.998330351,0.771452955,2,2,2,1.24599777416317,2,1.60513930399533,1.60513930399533,1.60513930399533,2.407709
"245","Tumbbad cut 7.mkv",1920,816,121.25,24,2910,443.75,61.79137421,1,0.04935,0.32151,"slower",259.7,87.75,10.4,44.15,0.998276969,0.769900136,1.96747967479675,1.98168546426533,1.9762752003967,2,1.66873706004141,0.983739837398374,0.990842732132667,0.988137600198352,1.7754266
