Video Name,Width,Height,Video Length,Frames per Second,Frame Count,Original Bitrate,Original Size,Scene Count,Avg Motion %,Avg PCC,Compression Preset,Compression Duration,Compressed Bitrate,Compressed Size, Average PSNR, Average SSIM, Average VIFp
Playground_2.mp4,1920,1080,43.677,29.970,1309,1587.00927734375,67.70777225494385,1,0.01102,0.99715,superfast,16.95,103.8359375,4.5188703536987305,37.96,0.9650711844873734,0.642256919818041
Playground_2.mp4,1920,1080,43.677,29.970,1309,1587.00927734375,67.70777225494385,1,0.01102,0.99715,veryfast,20.18,103.1961669921875,4.491032600402832,38.42,0.9685681386244367,0.6562141979016343
Playground_2.mp4,1920,1080,43.677,29.970,1309,1587.00927734375,67.70777225494385,1,0.01102,0.99715,faster,20.15,103.229736328125,4.492488861083984,38.42,0.9686413529072044,0.656496928962595
Playground_2.mp4,1920,1080,43.677,29.970,1309,1587.00927734375,67.70777225494385,1,0.01102,0.99715,fast,25.64,106.910888671875,4.652693748474121,38.51,0.9689635058323043,0.6588307097234345
Playground_2.mp4,1920,1080,43.677,29.970,1309,1587.00927734375,67.70777225494385,1,0.01102,0.99715,medium,38.74,133.034912109375,5.7895917892456055,38.68,0.9697519983133721,0.6648381483579607
Playground_2.mp4,1920,1080,43.677,29.970,1309,1587.00927734375,67.70777225494385,1,0.01102,0.99715,slow,67.24,158.0234375,6.877076148986816,39.05,0.9715760246522309,0.6759826960447527
Playground_2.mp4,1920,1080,43.677,29.970,1309,1587.00927734375,67.70777225494385,1,0.01102,0.99715,slower,199.07,163.6932373046875,7.123822212219238,39.19,0.9721244835644361,0.679288063305321
Pontoon_for_docking_boats.mp4,1920,1080,30.964,29.970,928,1505.7828369140625,45.54466247558594,1,0.0356,0.98634,superfast,17.41,341.57080078125,10.538225173950195,37.37,0.956878853525857,0.5688658009113197
Pontoon_for_docking_boats.mp4,1920,1080,30.964,29.970,928,1505.7828369140625,45.54466247558594,1,0.0356,0.98634,veryfast,23.83,332.0703125,10.245110511779785,37.4,0.958121316526731,0.5713583841676222
Pontoon_for_docking_boats.mp4,1920,1080,30.964,29.970,928,1505.7828369140625,45.54466247558594,1,0.0356,0.98634,faster,23.99,332.0556640625,10.244661331176758,37.4,0.9581301249252818,0.5715829447863832
Pontoon_for_docking_boats.mp4,1920,1080,30.964,29.970,928,1505.7828369140625,45.54466247558594,1,0.0356,0.98634,fast,28.58,336.787353515625,10.390642166137695,37.49,0.9588617543196625,0.5757846632568175
Pontoon_for_docking_boats.mp4,1920,1080,30.964,29.970,928,1505.7828369140625,45.54466247558594,1,0.0356,0.98634,medium,42.38,358.13330078125,11.049211502075195,37.81,0.961047968599682,0.5864341279151066
Pontoon_for_docking_boats.mp4,1920,1080,30.964,29.970,928,1505.7828369140625,45.54466247558594,1,0.0356,0.98634,slow,99.23,378.23828125,11.6694974899292,38.35,0.9644800052653968,0.60622772979138
Pontoon_for_docking_boats.mp4,1920,1080,30.964,29.970,928,1505.7828369140625,45.54466247558594,1,0.0356,0.98634,slower,238.63,374.1732177734375,11.544079780578613,38.46,0.9653932353045338,0.6102784245300699
Pontoon_for_docking_boats_2.mp4,1920,1080,36.003,29.970,1079,1552.4638671875,54.5966157913208,1,0.15306,0.93552,superfast,17.50,112.56494140625,4.037935256958008,39.21,0.9758819498491473,0.7197889047449852
Pontoon_for_docking_boats_2.mp4,1920,1080,36.003,29.970,1079,1552.4638671875,54.5966157913208,1,0.15306,0.93552,veryfast,22.19,108.7496337890625,3.9010725021362305,39.72,0.9800001386996511,0.7372153241790533
Pontoon_for_docking_boats_2.mp4,1920,1080,36.003,29.970,1079,1552.4638671875,54.5966157913208,1,0.15306,0.93552,faster,22.31,108.75634765625,3.9013147354125977,39.72,0.9800081930131985,0.7374473027215263
Pontoon_for_docking_boats_2.mp4,1920,1080,36.003,29.970,1079,1552.4638671875,54.5966157913208,1,0.15306,0.93552,fast,30.72,115.2674560546875,4.134882926940918,40.19,0.9812672958047758,0.7494004338043208
Pontoon_for_docking_boats_2.mp4,1920,1080,36.003,29.970,1079,1552.4638671875,54.5966157913208,1,0.15306,0.93552,medium,43.27,129.372802734375,4.640869140625,40.36,0.9815273434467318,0.7525298478560245
Pontoon_for_docking_boats_2.mp4,1920,1080,36.003,29.970,1079,1552.4638671875,54.5966157913208,1,0.15306,0.93552,slow,82.78,139.57080078125,5.006690979003906,40.61,0.9820813840527587,0.758480372212132
Pontoon_for_docking_boats_2.mp4,1920,1080,36.003,29.970,1079,1552.4638671875,54.5966157913208,1,0.15306,0.93552,slower,204.78,135.4703369140625,4.859598159790039,40.72,0.9823144618973592,0.7615163119916052
Promenade.mp4,1920,1080,30.43,29.970,912,1472.7708740234375,43.778401374816895,1,0.00711,0.99618,superfast,11.28,74.511474609375,2.2592029571533203,37.03,0.9663613098808561,0.636295160190282
Promenade.mp4,1920,1080,30.43,29.970,912,1472.7708740234375,43.778401374816895,1,0.00711,0.99618,veryfast,13.45,90.500244140625,2.743983268737793,37.76,0.9699567339570847,0.6556270009378989
Promenade.mp4,1920,1080,30.43,29.970,912,1472.7708740234375,43.778401374816895,1,0.00711,0.99618,faster,13.50,90.4923095703125,2.7437448501586914,37.77,0.9699630569263689,0.6557352020828268
Promenade.mp4,1920,1080,30.43,29.970,912,1472.7708740234375,43.778401374816895,1,0.00711,0.99618,fast,16.55,93.063720703125,2.821704864501953,37.82,0.9702094517963578,0.6570862201442533
Promenade.mp4,1920,1080,30.43,29.970,912,1472.7708740234375,43.778401374816895,1,0.00711,0.99618,medium,25.56,123.427734375,3.742351531982422,38.19,0.9721624120408374,0.6694635024734797
Promenade.mp4,1920,1080,30.43,29.970,912,1472.7708740234375,43.778401374816895,1,0.00711,0.99618,slow,40.69,148.1248779296875,4.49117374420166,38.52,0.9730134529718522,0.6777136430803252
Promenade.mp4,1920,1080,30.43,29.970,912,1472.7708740234375,43.778401374816895,1,0.00711,0.99618,slower,136.60,160.0316162109375,4.852184295654297,38.72,0.9738138065956954,0.6839330985806537
Public_fountain_2.mp4,1920,1080,30.664,29.970,919,1475.4237060546875,44.1938533782959,1,0.026000000000000002,0.9963299999999999,superfast,13.06,78.9969482421875,2.4136219024658203,41.58,0.9788189931974189,0.7715167564126392
Public_fountain_2.mp4,1920,1080,30.664,29.970,919,1475.4237060546875,44.1938533782959,1,0.026000000000000002,0.9963299999999999,veryfast,16.22,73.654541015625,2.2503890991210938,42.32,0.984085356884022,0.7935780943298727
Public_fountain_2.mp4,1920,1080,30.664,29.970,919,1475.4237060546875,44.1938533782959,1,0.026000000000000002,0.9963299999999999,faster,16.19,73.6234130859375,2.2494401931762695,42.34,0.9841624091305805,0.7946996157787254
Public_fountain_2.mp4,1920,1080,30.664,29.970,919,1475.4237060546875,44.1938533782959,1,0.026000000000000002,0.9963299999999999,fast,21.36,76.167724609375,2.3271780014038086,42.49,0.9843789607778964,0.7970908828247357
Public_fountain_2.mp4,1920,1080,30.664,29.970,919,1475.4237060546875,44.1938533782959,1,0.026000000000000002,0.9963299999999999,medium,31.30,85.84716796875,2.622915267944336,42.82,0.9850783606872952,0.8051529874417296
Public_fountain_2.mp4,1920,1080,30.664,29.970,919,1475.4237060546875,44.1938533782959,1,0.026000000000000002,0.9963299999999999,slow,56.01,88.002197265625,2.68875789642334,43.12,0.9856381472171936,0.8111888676859993
Public_fountain_2.mp4,1920,1080,30.664,29.970,919,1475.4237060546875,44.1938533782959,1,0.026000000000000002,0.9963299999999999,slower,138.69,87.4951171875,2.6732654571533203,43.2,0.985516036999194,0.8118297424518706
pumpkin_man 3.mp4,1920,1080,15.382,29.970,461,1498.31298828125,22.513257026672363,1,0.034980000000000004,0.9932899999999999,superfast,5.82,81.876708984375,1.2548828125,37.42,0.9695389686945374,0.6944273416004939
pumpkin_man 3.mp4,1920,1080,15.382,29.970,461,1498.31298828125,22.513257026672363,1,0.034980000000000004,0.9932899999999999,veryfast,6.98,88.746826171875,1.3601751327514648,38.09,0.9732670827766999,0.7119997696099032
pumpkin_man 3.mp4,1920,1080,15.382,29.970,461,1498.31298828125,22.513257026672363,1,0.034980000000000004,0.9932899999999999,faster,6.98,88.705078125,1.3595352172851562,38.09,0.9733080168693742,0.7120923222701677
pumpkin_man 3.mp4,1920,1080,15.382,29.970,461,1498.31298828125,22.513257026672363,1,0.034980000000000004,0.9932899999999999,fast,8.89,92.2064208984375,1.4132003784179688,38.16,0.973575855038759,0.7139117290482848
pumpkin_man 3.mp4,1920,1080,15.382,29.970,461,1498.31298828125,22.513257026672363,1,0.034980000000000004,0.9932899999999999,medium,13.22,106.8345947265625,1.6373987197875977,38.64,0.9756059075108172,0.7272783685953461
pumpkin_man 3.mp4,1920,1080,15.382,29.970,461,1498.31298828125,22.513257026672363,1,0.034980000000000004,0.9932899999999999,slow,21.02,120.9581298828125,1.8538627624511719,39.08,0.9768534758366598,0.7378729251423191
pumpkin_man 3.mp4,1920,1080,15.382,29.970,461,1498.31298828125,22.513257026672363,1,0.034980000000000004,0.9932899999999999,slower,66.89,125.771240234375,1.9276304244995117,39.23,0.9775309085939076,0.742367909847804
Rabbits.mp4,1920,1080,40.941,29.970,1227,1331.381103515625,53.24601650238037,2,0.07853,0.9633700000000001,superfast,15.52,36.1341552734375,1.4740266799926758,40.58,0.98395,0.8472500000000001
Rabbits.mp4,1920,1080,40.941,29.970,1227,1331.381103515625,53.24601650238037,2,0.07853,0.9633700000000001,veryfast,19.52,34.7713623046875,1.4184379577636719,40.91,0.9863999999999999,0.8544499999999999
Rabbits.mp4,1920,1080,40.941,29.970,1227,1331.381103515625,53.24601650238037,2,0.07853,0.9633700000000001,faster,19.53,34.6939697265625,1.4152803421020508,40.95,0.9863999999999999,0.8545499999999999
Rabbits.mp4,1920,1080,40.941,29.970,1227,1331.381103515625,53.24601650238037,2,0.07853,0.9633700000000001,fast,27.58,37.558837890625,1.532144546508789,41.24,0.98685,0.85805
Rabbits.mp4,1920,1080,40.941,29.970,1227,1331.381103515625,53.24601650238037,2,0.07853,0.9633700000000001,medium,41.44,38.3538818359375,1.5645761489868164,53.28,0.9872000000000001,0.8135281887638919
Rabbits.mp4,1920,1080,40.941,29.970,1227,1331.381103515625,53.24601650238037,2,0.07853,0.9633700000000001,slow,63.48,41.2470703125,1.6826047897338867,53.74,0.9874,0.8282
Rabbits.mp4,1920,1080,40.941,29.970,1227,1331.381103515625,53.24601650238037,2,0.07853,0.9633700000000001,slower,160.51,37.7822265625,1.5412559509277344,59.5,0.9879,0.8627505095398751
Reflection 2.mp4,1920,1080,30.931,29.970,927,1479.6197509765625,44.70530414581299,1,0.04321,0.97446,superfast,22.39,723.1844482421875,22.2880802154541,34.3,0.9264093799113489,0.48694924578101695
Reflection 2.mp4,1920,1080,30.931,29.970,927,1479.6197509765625,44.70530414581299,1,0.04321,0.97446,veryfast,28.98,668.9375,20.616223335266113,34.39,0.9302988322230976,0.49127122562560155
Reflection 2.mp4,1920,1080,30.931,29.970,927,1479.6197509765625,44.70530414581299,1,0.04321,0.97446,faster,29.11,669.3250732421875,20.6281681060791,34.4,0.9304881205533906,0.49156512310830325
Reflection 2.mp4,1920,1080,30.931,29.970,927,1479.6197509765625,44.70530414581299,1,0.04321,0.97446,fast,37.41,680.254638671875,20.965009689331055,34.57,0.9331156502444027,0.4997757555780221
Reflection 2.mp4,1920,1080,30.931,29.970,927,1479.6197509765625,44.70530414581299,1,0.04321,0.97446,medium,49.93,752.0301513671875,23.177088737487793,34.89,0.9373245022810701,0.5119161462835604
Reflection 2.mp4,1920,1080,30.931,29.970,927,1479.6197509765625,44.70530414581299,1,0.04321,0.97446,slow,108.72,804.95654296875,24.80824375152588,35.55,0.9437061263226795,0.537309759394555
Reflection 2.mp4,1920,1080,30.931,29.970,927,1479.6197509765625,44.70530414581299,1,0.04321,0.97446,slower,357.13,790.414306640625,24.36006259918213,35.8,0.9463834244399955,0.54480094804791
Reflection.mp4,1920,1080,30.43,29.970,912,1541.08203125,45.80841636657715,1,0.0277,0.97009,superfast,16.42,391.28271484375,11.863754272460938,36.65,0.9635370065957258,0.48709248290739293
Reflection.mp4,1920,1080,30.43,29.970,912,1541.08203125,45.80841636657715,1,0.0277,0.97009,veryfast,21.83,354.825927734375,10.758380889892578,36.7,0.9653908685643733,0.486980358785821
Reflection.mp4,1920,1080,30.43,29.970,912,1541.08203125,45.80841636657715,1,0.0277,0.97009,faster,21.88,354.727783203125,10.755404472351074,36.69,0.965412392394751,0.48693870343919093
Reflection.mp4,1920,1080,30.43,29.970,912,1541.08203125,45.80841636657715,1,0.0277,0.97009,fast,28.53,356.634033203125,10.813200950622559,37.12,0.9685285449616918,0.5061319079144115
Reflection.mp4,1920,1080,30.43,29.970,912,1541.08203125,45.80841636657715,1,0.0277,0.97009,medium,37.30,375.4052734375,11.382349014282227,37.41,0.9702051755098576,0.5165433530598899
Reflection.mp4,1920,1080,30.43,29.970,912,1541.08203125,45.80841636657715,1,0.0277,0.97009,slow,77.26,384.098388671875,11.645926475524902,37.99,0.9733366813659289,0.538037893237119
Reflection.mp4,1920,1080,30.43,29.970,912,1541.08203125,45.80841636657715,1,0.0277,0.97009,slower,243.31,368.2552490234375,11.165560722351074,38.05,0.9737048833772615,0.5387574021795514
Restaurant.mp4,1920,1080,49.049,29.970,1470,1511.71240234375,72.42868518829346,1,0.09390000000000001,0.98307,superfast,30.06,685.25439453125,33.48972702026367,32.74,0.9351391839158211,0.5739000409950872
Restaurant.mp4,1920,1080,49.049,29.970,1470,1511.71240234375,72.42868518829346,1,0.09390000000000001,0.98307,veryfast,34.64,662.461669921875,32.37580490112305,33.02,0.9443446081188802,0.5881907097593854
Restaurant.mp4,1920,1080,49.049,29.970,1470,1511.71240234375,72.42868518829346,1,0.09390000000000001,0.98307,faster,34.94,662.8046875,32.39256763458252,33.03,0.9443585488359723,0.5883392952400381
Restaurant.mp4,1920,1080,49.049,29.970,1470,1511.71240234375,72.42868518829346,1,0.09390000000000001,0.98307,fast,45.16,681.5504150390625,33.30870723724365,33.25,0.9463751494564256,0.5957291081492777
Restaurant.mp4,1920,1080,49.049,29.970,1470,1511.71240234375,72.42868518829346,1,0.09390000000000001,0.98307,medium,67.54,840.5174560546875,41.077741622924805,33.79,0.9505831027734597,0.6114109224567138
Restaurant.mp4,1920,1080,49.049,29.970,1470,1511.71240234375,72.42868518829346,1,0.09390000000000001,0.98307,slow,132.22,919.1483154296875,44.92057800292969,34.49,0.9556177209525263,0.6325918450348278
Restaurant.mp4,1920,1080,49.049,29.970,1470,1511.71240234375,72.42868518829346,1,0.09390000000000001,0.98307,slower,512.30,897.55908203125,43.86546993255615,34.69,0.9572531025894858,0.638404568568851
Roe_deer.mp4,1920,1080,26.994,29.970,809,1604.3973388671875,42.304012298583984,1,0.04346,0.99553,superfast,10.36,67.3248291015625,1.8107385635375977,41.45,0.9750493383438996,0.5893993903698751
Roe_deer.mp4,1920,1080,26.994,29.970,809,1604.3973388671875,42.304012298583984,1,0.04346,0.99553,veryfast,12.62,55.1959228515625,1.484527587890625,41.9,0.9792507494730209,0.6048741968910448
Roe_deer.mp4,1920,1080,26.994,29.970,809,1604.3973388671875,42.304012298583984,1,0.04346,0.99553,faster,12.62,55.200439453125,1.4846477508544922,41.9,0.9791738103141988,0.6044056057645446
Roe_deer.mp4,1920,1080,26.994,29.970,809,1604.3973388671875,42.304012298583984,1,0.04346,0.99553,fast,17.31,58.6971435546875,1.5786933898925781,42.16,0.979970783290713,0.6138946367670959
Roe_deer.mp4,1920,1080,26.994,29.970,809,1604.3973388671875,42.304012298583984,1,0.04346,0.99553,medium,25.39,69.8863525390625,1.879633903503418,42.37,0.9803239909385059,0.6171684994242879
Roe_deer.mp4,1920,1080,26.994,29.970,809,1604.3973388671875,42.304012298583984,1,0.04346,0.99553,slow,43.02,74.8099365234375,2.012056350708008,42.67,0.9810565821953223,0.6281113190582562
Roe_deer.mp4,1920,1080,26.994,29.970,809,1604.3973388671875,42.304012298583984,1,0.04346,0.99553,slower,105.20,70.1065673828125,1.8855552673339844,42.69,0.9810197881035543,0.6296266064368725
Rooster_1.mp4,1920,1080,21.355,29.970,640,1565.7572021484375,32.66104316711426,1,0.14353,0.7647499999999999,superfast,10.04,104.114013671875,2.215226173400879,41.46,0.9718424786377655,0.6322199893590438
Rooster_1.mp4,1920,1080,21.355,29.970,640,1565.7572021484375,32.66104316711426,1,0.14353,0.7647499999999999,veryfast,13.20,96.0528564453125,2.0437116622924805,42.0,0.9763752121466348,0.6502347223855658
Rooster_1.mp4,1920,1080,21.355,29.970,640,1565.7572021484375,32.66104316711426,1,0.14353,0.7647499999999999,faster,13.09,95.989501953125,2.042361259460449,42.02,0.9764451530361039,0.6510967618354588
Rooster_1.mp4,1920,1080,21.355,29.970,640,1565.7572021484375,32.66104316711426,1,0.14353,0.7647499999999999,fast,17.72,99.9967041015625,2.127621650695801,42.4,0.9777079727157343,0.664960538485674
Rooster_1.mp4,1920,1080,21.355,29.970,640,1565.7572021484375,32.66104316711426,1,0.14353,0.7647499999999999,medium,26.48,107.78173828125,2.2932634353637695,42.53,0.9781088722381447,0.672120596810575
Rooster_1.mp4,1920,1080,21.355,29.970,640,1565.7572021484375,32.66104316711426,1,0.14353,0.7647499999999999,slow,50.45,111.435791015625,2.3710107803344727,42.83,0.9788093361394623,0.682629009769005
Rooster_1.mp4,1920,1080,21.355,29.970,640,1565.7572021484375,32.66104316711426,1,0.14353,0.7647499999999999,slower,120.34,108.438720703125,2.3072423934936523,43.01,0.9793834177216674,0.6880510501206203
Roses.mp4,1920,1080,30.964,29.970,928,1526.921142578125,46.183852195739746,1,0.11528000000000001,0.97375,superfast,14.78,114.7420654296875,3.540048599243164,40.21,0.9723860012828227,0.7177994023218275
Roses.mp4,1920,1080,30.964,29.970,928,1526.921142578125,46.183852195739746,1,0.11528000000000001,0.97375,veryfast,19.39,103.700927734375,3.199406623840332,40.79,0.9781932773367168,0.7409968442166068
Roses.mp4,1920,1080,30.964,29.970,928,1526.921142578125,46.183852195739746,1,0.11528000000000001,0.97375,faster,19.34,103.7308349609375,3.200328826904297,40.8,0.9781933034000316,0.740926679099061
Roses.mp4,1920,1080,30.964,29.970,928,1526.921142578125,46.183852195739746,1,0.11528000000000001,0.97375,fast,25.36,106.3475341796875,3.2810583114624023,41.31,0.9796797385876872,0.7526530048474578
Roses.mp4,1920,1080,30.964,29.970,928,1526.921142578125,46.183852195739746,1,0.11528000000000001,0.97375,medium,36.76,110.572265625,3.4114036560058594,41.56,0.9804542068107108,0.7580634352786253
Roses.mp4,1920,1080,30.964,29.970,928,1526.921142578125,46.183852195739746,1,0.11528000000000001,0.97375,slow,69.00,112.5484619140625,3.4723711013793945,41.89,0.9812027768558566,0.7660798929883226
Roses.mp4,1920,1080,30.964,29.970,928,1526.921142578125,46.183852195739746,1,0.11528000000000001,0.97375,slower,163.51,107.941650390625,3.330242156982422,42.0,0.9814073530458409,0.7682478086587547
Rotating_orange.mp4,1920,1080,61.528,29.970,1844,1571.576904296875,94.45297622680664,1,0.1674,0.92812,superfast,30.53,163.6690673828125,10.033880233764648,38.7,0.9670822343708676,0.631858446020271
Rotating_orange.mp4,1920,1080,61.528,29.970,1844,1571.576904296875,94.45297622680664,1,0.1674,0.92812,veryfast,40.29,158.2991943359375,9.704678535461426,39.14,0.9744322884613104,0.6508845319786694
Rotating_orange.mp4,1920,1080,61.528,29.970,1844,1571.576904296875,94.45297622680664,1,0.1674,0.92812,faster,40.44,158.13232421875,9.694449424743652,39.14,0.9745033811731887,0.6510338765812392
Rotating_orange.mp4,1920,1080,61.528,29.970,1844,1571.576904296875,94.45297622680664,1,0.1674,0.92812,fast,53.39,173.7830810546875,10.65392780303955,40.14,0.9778200706428057,0.6778434251986382
Rotating_orange.mp4,1920,1080,61.528,29.970,1844,1571.576904296875,94.45297622680664,1,0.1674,0.92812,medium,78.04,179.557373046875,11.00793170928955,40.89,0.9810407233944197,0.7010389389524014
Rotating_orange.mp4,1920,1080,61.528,29.970,1844,1571.576904296875,94.45297622680664,1,0.1674,0.92812,slow,149.19,183.8162841796875,11.269023895263672,41.18,0.981816849311413,0.7093982638444365
Rotating_orange.mp4,1920,1080,61.528,29.970,1844,1571.576904296875,94.45297622680664,1,0.1674,0.92812,slower,398.30,179.8441162109375,11.025508880615234,41.29,0.9820121740711654,0.7123949867676245
Ruins_2.mp4,1920,1080,30.998,29.970,929,1462.09765625,44.27133655548096,1,0.00596,0.99725,superfast,11.23,84.6085205078125,2.613142967224121,36.72,0.967099925124406,0.6907620645933628
Ruins_2.mp4,1920,1080,30.998,29.970,929,1462.09765625,44.27133655548096,1,0.00596,0.99725,veryfast,13.46,101.5692138671875,3.1369781494140625,37.33,0.9706473503581311,0.7072602645509626
Ruins_2.mp4,1920,1080,30.998,29.970,929,1462.09765625,44.27133655548096,1,0.00596,0.99725,faster,13.56,101.657958984375,3.1397171020507812,37.34,0.9706532613120128,0.707387156638322
Ruins_2.mp4,1920,1080,30.998,29.970,929,1462.09765625,44.27133655548096,1,0.00596,0.99725,fast,16.94,104.3861083984375,3.2239789962768555,37.39,0.9708973628909527,0.7086816360301115
Ruins_2.mp4,1920,1080,30.998,29.970,929,1462.09765625,44.27133655548096,1,0.00596,0.99725,medium,26.28,151.046142578125,4.665078163146973,37.87,0.9735715979902508,0.7230056714072538
Ruins_2.mp4,1920,1080,30.998,29.970,929,1462.09765625,44.27133655548096,1,0.00596,0.99725,slow,42.10,176.5076904296875,5.45146369934082,38.23,0.974613899427924,0.7311808517257548
Ruins_2.mp4,1920,1080,30.998,29.970,929,1462.09765625,44.27133655548096,1,0.00596,0.99725,slower,152.80,189.6783447265625,5.858237266540527,38.47,0.9756121530753166,0.737688400716573
Ruin_boat.mp4,1920,1080,30.564,29.970,916,1461.486083984375,43.63358402252197,1,0.02024,0.99164,superfast,13.75,227.55224609375,6.929805755615234,35.76,0.9638657218445705,0.6438723879158533
Ruin_boat.mp4,1920,1080,30.564,29.970,916,1461.486083984375,43.63358402252197,1,0.02024,0.99164,veryfast,16.95,241.0712890625,7.341510772705078,36.29,0.9683413211066534,0.6609878108129774
Ruin_boat.mp4,1920,1080,30.564,29.970,916,1461.486083984375,43.63358402252197,1,0.02024,0.99164,faster,17.01,241.0792236328125,7.341752052307129,36.29,0.9683151354151174,0.660983901418438
Ruin_boat.mp4,1920,1080,30.564,29.970,916,1461.486083984375,43.63358402252197,1,0.02024,0.99164,fast,21.35,246.105224609375,7.494811058044434,36.37,0.9688799158628518,0.6631270307622702
Ruin_boat.mp4,1920,1080,30.564,29.970,916,1461.486083984375,43.63358402252197,1,0.02024,0.99164,medium,31.56,288.2630615234375,8.77867317199707,36.81,0.9713282494643432,0.675746550200137
Ruin_boat.mp4,1920,1080,30.564,29.970,916,1461.486083984375,43.63358402252197,1,0.02024,0.99164,slow,58.55,322.8704833984375,9.83259391784668,37.33,0.9734631520102053,0.6908559590340817
Ruin_boat.mp4,1920,1080,30.564,29.970,916,1461.486083984375,43.63358402252197,1,0.02024,0.99164,slower,186.84,332.6412353515625,10.130148887634277,37.53,0.9743878752713389,0.6965836516343458
Santa_Claus.mp4,1920,1080,18.018,29.970,540,1587.5313720703125,27.940999031066895,1,0.5428499999999999,0.7288899999999999,superfast,14.61,391.99365234375,7.037447929382324,38.17,0.9685085326888996,0.6448246458922677
Santa_Claus.mp4,1920,1080,18.018,29.970,540,1587.5313720703125,27.940999031066895,1,0.5428499999999999,0.7288899999999999,veryfast,18.50,367.8785400390625,6.604509353637695,38.23,0.9704018409794233,0.6487430006453725
Santa_Claus.mp4,1920,1080,18.018,29.970,540,1587.5313720703125,27.940999031066895,1,0.5428499999999999,0.7288899999999999,faster,18.47,367.488037109375,6.597499847412109,38.22,0.9702014089330723,0.647861119760287
Santa_Claus.mp4,1920,1080,18.018,29.970,540,1587.5313720703125,27.940999031066895,1,0.5428499999999999,0.7288899999999999,fast,23.10,375.55322265625,6.7422943115234375,38.41,0.9716493303410145,0.6556688454796076
Santa_Claus.mp4,1920,1080,18.018,29.970,540,1587.5313720703125,27.940999031066895,1,0.5428499999999999,0.7288899999999999,medium,31.91,377.234619140625,6.7724809646606445,38.74,0.9724843614138416,0.6637938258893761
Santa_Claus.mp4,1920,1080,18.018,29.970,540,1587.5313720703125,27.940999031066895,1,0.5428499999999999,0.7288899999999999,slow,77.97,386.5877685546875,6.940397262573242,39.24,0.9738486264566473,0.6755187327040884
Santa_Claus.mp4,1920,1080,18.018,29.970,540,1587.5313720703125,27.940999031066895,1,0.5428499999999999,0.7288899999999999,slower,181.69,365.3458251953125,6.559040069580078,39.51,0.9753192713727876,0.6832618080276226
Scallions.mp4,1920,1080,27.361,29.970,820,1089.014892578125,29.108476638793945,1,0.26728999999999997,0.94839,superfast,12.08,78.4481201171875,2.1385936737060547,40.77,0.9708952341580817,0.7178561812551234
Scallions.mp4,1920,1080,27.361,29.970,820,1089.014892578125,29.108476638793945,1,0.26728999999999997,0.94839,veryfast,15.48,71.2547607421875,1.942495346069336,41.45,0.9775845123565181,0.7414703752096925
Scallions.mp4,1920,1080,27.361,29.970,820,1089.014892578125,29.108476638793945,1,0.26728999999999997,0.94839,faster,15.42,71.2257080078125,1.941701889038086,41.47,0.9776341634246137,0.7419836529835276
Scallions.mp4,1920,1080,27.361,29.970,820,1089.014892578125,29.108476638793945,1,0.26728999999999997,0.94839,fast,21.50,76.3369140625,2.081040382385254,41.88,0.9785403039413034,0.7521884491512093
Scallions.mp4,1920,1080,27.361,29.970,820,1089.014892578125,29.108476638793945,1,0.26728999999999997,0.94839,medium,32.50,82.858642578125,2.258831024169922,42.01,0.9788958683372846,0.7555084715055973
Scallions.mp4,1920,1080,27.361,29.970,820,1089.014892578125,29.108476638793945,1,0.26728999999999997,0.94839,slow,57.96,84.41845703125,2.3013525009155273,42.3,0.9796640476188192,0.762590036892999
Scallions.mp4,1920,1080,27.361,29.970,820,1089.014892578125,29.108476638793945,1,0.26728999999999997,0.94839,slower,141.44,80.5621337890625,2.196225166320801,42.34,0.979721845654771,0.7640004027333909
smartphone_scroll_touch_android_399.mp4,1920,1080,12.94,50.000,647,411.2762451171875,5.200611114501953,1,0.03173,0.98488,superfast,7.53,33.0130615234375,0.4256467819213867,46.43,0.9929570857013672,0.7199612911007318
smartphone_scroll_touch_android_399.mp4,1920,1080,12.94,50.000,647,411.2762451171875,5.200611114501953,1,0.03173,0.98488,veryfast,9.61,24.291015625,0.31319141387939453,46.9,0.9934748662974658,0.7334504639875365
smartphone_scroll_touch_android_399.mp4,1920,1080,12.94,50.000,647,411.2762451171875,5.200611114501953,1,0.03173,0.98488,faster,9.64,24.30859375,0.3134174346923828,46.89,0.993511389537028,0.7340967080865681
smartphone_scroll_touch_android_399.mp4,1920,1080,12.94,50.000,647,411.2762451171875,5.200611114501953,1,0.03173,0.98488,fast,12.30,28.3126220703125,0.36504268646240234,47.35,0.993837366174846,0.743757114726423
smartphone_scroll_touch_android_399.mp4,1920,1080,12.94,50.000,647,411.2762451171875,5.200611114501953,1,0.03173,0.98488,medium,20.47,25.6318359375,0.3304777145385742,46.96,0.9933134614152619,0.7387620222204038
smartphone_scroll_touch_android_399.mp4,1920,1080,12.94,50.000,647,411.2762451171875,5.200611114501953,1,0.03173,0.98488,slow,30.33,25.4288330078125,0.3278627395629883,47.18,0.9934138514799986,0.7457680411614769
smartphone_scroll_touch_android_399.mp4,1920,1080,12.94,50.000,647,411.2762451171875,5.200611114501953,1,0.03173,0.98488,slower,66.88,21.84521484375,0.2816581726074219,47.28,0.9934386967658496,0.7444736872676836
Smoke_2.mp4,1920,1080,30.898,29.970,926,1493.5908203125,45.078633308410645,1,0.035769999999999996,0.99529,superfast,12.23,59.5985107421875,1.8347692489624023,39.58,0.9571620158921319,0.5879331888559803
Smoke_2.mp4,1920,1080,30.898,29.970,926,1493.5908203125,45.078633308410645,1,0.035769999999999996,0.99529,veryfast,15.71,54.5875244140625,1.6805057525634766,40.34,0.9655314640659082,0.6123368109840235
Smoke_2.mp4,1920,1080,30.898,29.970,926,1493.5908203125,45.078633308410645,1,0.035769999999999996,0.99529,faster,15.75,54.6068115234375,1.6810989379882812,40.32,0.9652927555618183,0.6109989763842224
Smoke_2.mp4,1920,1080,30.898,29.970,926,1493.5908203125,45.078633308410645,1,0.035769999999999996,0.99529,fast,21.67,59.6768798828125,1.8371810913085938,40.73,0.9672376363677686,0.6273671318398686
Smoke_2.mp4,1920,1080,30.898,29.970,926,1493.5908203125,45.078633308410645,1,0.035769999999999996,0.99529,medium,33.16,62.7708740234375,1.93243408203125,40.95,0.9682417889181776,0.6346133109637733
Smoke_2.mp4,1920,1080,30.898,29.970,926,1493.5908203125,45.078633308410645,1,0.035769999999999996,0.99529,slow,54.53,67.2904052734375,2.0715675354003906,41.25,0.9697371797850487,0.6474093472758559
Smoke_2.mp4,1920,1080,30.898,29.970,926,1493.5908203125,45.078633308410645,1,0.035769999999999996,0.99529,slower,137.23,65.6422119140625,2.0208263397216797,41.34,0.9701161045055011,0.650185703309591
Snail.mp4,1920,1080,65.832,29.970,1973,1715.892822265625,110.33854389190674,1,0.0401,0.9933,superfast,28.80,63.758544921875,4.182202339172363,41.55,0.9755414405687075,0.7093790829682558
Snail.mp4,1920,1080,65.832,29.970,1973,1715.892822265625,110.33854389190674,1,0.0401,0.9933,veryfast,38.09,56.18701171875,3.6855545043945312,42.01,0.978878369166539,0.7266539487453785
Snail.mp4,1920,1080,65.832,29.970,1973,1715.892822265625,110.33854389190674,1,0.0401,0.9933,faster,37.97,56.1639404296875,3.684041976928711,42.0,0.9788435963702731,0.72664681638602
Snail.mp4,1920,1080,65.832,29.970,1973,1715.892822265625,110.33854389190674,1,0.0401,0.9933,fast,49.22,58.16845703125,3.8155202865600586,42.1,0.9790993339729863,0.7291459407316059
Snail.mp4,1920,1080,65.832,29.970,1973,1715.892822265625,110.33854389190674,1,0.0401,0.9933,medium,73.95,58.607666015625,3.844334602355957,42.31,0.9798558210326656,0.7358080345544553
Snail.mp4,1920,1080,65.832,29.970,1973,1715.892822265625,110.33854389190674,1,0.0401,0.9933,slow,135.17,59.6507568359375,3.9127578735351562,42.55,0.980208286661106,0.7417524444907245
Snail.mp4,1920,1080,65.832,29.970,1973,1715.892822265625,110.33854389190674,1,0.0401,0.9933,slower,304.65,58.666015625,3.848163604736328,42.68,0.9805666141628463,0.7450667031439577
Snowing.mp4,1920,1080,30.597,29.970,917,1474.2021484375,44.06116771697998,1,0.038650000000000004,0.99512,superfast,12.95,85.9957275390625,2.621715545654297,38.37,0.9713501893969598,0.7249752570701379
Snowing.mp4,1920,1080,30.597,29.970,917,1474.2021484375,44.06116771697998,1,0.038650000000000004,0.99512,veryfast,15.84,85.2613525390625,2.5993270874023438,39.21,0.9786905108345596,0.7518508082919452
Snowing.mp4,1920,1080,30.597,29.970,917,1474.2021484375,44.06116771697998,1,0.038650000000000004,0.99512,faster,15.85,85.203857421875,2.5975723266601562,39.2,0.9787314604675627,0.7517618307063622
Snowing.mp4,1920,1080,30.597,29.970,917,1474.2021484375,44.06116771697998,1,0.038650000000000004,0.99512,fast,20.44,88.61669921875,2.7016210556030273,39.4,0.9792229275461034,0.7565834864287042
Snowing.mp4,1920,1080,30.597,29.970,917,1474.2021484375,44.06116771697998,1,0.038650000000000004,0.99512,medium,31.59,110.19091796875,3.359342575073242,39.64,0.9798402152898513,0.7621678322369574
Snowing.mp4,1920,1080,30.597,29.970,917,1474.2021484375,44.06116771697998,1,0.038650000000000004,0.99512,slow,51.61,124.6181640625,3.7991809844970703,39.97,0.9805786333572438,0.7698089837490698
Snowing.mp4,1920,1080,30.597,29.970,917,1474.2021484375,44.06116771697998,1,0.038650000000000004,0.99512,slower,148.73,126.9088134765625,3.869013786315918,40.1,0.9809021227598362,0.7724097015660065
Snowing_5.mp4,1920,1080,30.497,29.970,914,1650.8302001953125,49.17743396759033,1,0.02374,0.9581399999999999,superfast,16.54,214.400390625,6.514966011047363,41.04,0.9751959534247807,0.6164918620405048
Snowing_5.mp4,1920,1080,30.497,29.970,914,1650.8302001953125,49.17743396759033,1,0.02374,0.9581399999999999,veryfast,21.11,201.5791015625,6.125368118286133,41.15,0.9765998613847944,0.6268798885543934
Snowing_5.mp4,1920,1080,30.497,29.970,914,1650.8302001953125,49.17743396759033,1,0.02374,0.9581399999999999,faster,21.25,201.462646484375,6.121829986572266,41.14,0.9766312268931581,0.6264828066885111
Snowing_5.mp4,1920,1080,30.497,29.970,914,1650.8302001953125,49.17743396759033,1,0.02374,0.9581399999999999,fast,25.02,202.70947265625,6.159719467163086,41.29,0.9773699644936853,0.6317457402604474
Snowing_5.mp4,1920,1080,30.497,29.970,914,1650.8302001953125,49.17743396759033,1,0.02374,0.9581399999999999,medium,38.05,201.222900390625,6.114546775817871,41.62,0.9783671050294045,0.6415373745313386
Snowing_5.mp4,1920,1080,30.497,29.970,914,1650.8302001953125,49.17743396759033,1,0.02374,0.9581399999999999,slow,75.11,207.8297119140625,6.315305709838867,42.13,0.9794385910373709,0.65494225781264
Snowing_5.mp4,1920,1080,30.497,29.970,914,1650.8302001953125,49.17743396759033,1,0.02374,0.9581399999999999,slower,194.27,195.31494140625,5.93502140045166,42.38,0.9805412924665986,0.6589872958275164
Snowy_road_in_the_park.mp4,1920,1080,48.582,29.970,1456,1475.9010009765625,70.0398998260498,1,0.04968,0.9948600000000001,superfast,19.31,198.6397705078125,9.615486145019531,34.62,0.9563443937746064,0.6057401845513908
Snowy_road_in_the_park.mp4,1920,1080,48.582,29.970,1456,1475.9010009765625,70.0398998260498,1,0.04968,0.9948600000000001,veryfast,22.90,217.630859375,10.534781455993652,35.26,0.9625984118624031,0.6260524511102863
Snowy_road_in_the_park.mp4,1920,1080,48.582,29.970,1456,1475.9010009765625,70.0398998260498,1,0.04968,0.9948600000000001,faster,23.00,217.69384765625,10.53783130645752,35.27,0.9627478829784919,0.6264204287022874
Snowy_road_in_the_park.mp4,1920,1080,48.582,29.970,1456,1475.9010009765625,70.0398998260498,1,0.04968,0.9948600000000001,fast,28.46,221.7689208984375,10.735092163085938,35.34,0.9631606606053023,0.6285049649818297
Snowy_road_in_the_park.mp4,1920,1080,48.582,29.970,1456,1475.9010009765625,70.0398998260498,1,0.04968,0.9948600000000001,medium,45.19,319.757568359375,15.47839069366455,35.82,0.9659409309418281,0.6429992408280388
Snowy_road_in_the_park.mp4,1920,1080,48.582,29.970,1456,1475.9010009765625,70.0398998260498,1,0.04968,0.9948600000000001,slow,76.03,348.47216796875,16.868374824523926,36.45,0.9685713194530854,0.6606410824678166
Snowy_road_in_the_park.mp4,1920,1080,48.582,29.970,1456,1475.9010009765625,70.0398998260498,1,0.04968,0.9948600000000001,slower,289.95,356.5906982421875,17.26136016845703,36.69,0.9698400630066566,0.6679266196907234
Snow_3.mp4,1920,1080,26.527,29.970,795,1616.5804443359375,41.887545585632324,1,0.07472000000000001,0.98618,superfast,10.41,45.9534912109375,1.214559555053711,41.35,0.9809453145960245,0.719727206651899
Snow_3.mp4,1920,1080,26.527,29.970,795,1616.5804443359375,41.887545585632324,1,0.07472000000000001,0.98618,veryfast,12.72,44.0703125,1.164790153503418,41.85,0.9832234226470502,0.7326008103574738
Snow_3.mp4,1920,1080,26.527,29.970,795,1616.5804443359375,41.887545585632324,1,0.07472000000000001,0.98618,faster,12.72,44.015625,1.1633424758911133,41.85,0.9831984193659074,0.7327263816202212
Snow_3.mp4,1920,1080,26.527,29.970,795,1616.5804443359375,41.887545585632324,1,0.07472000000000001,0.98618,fast,16.83,48.1917724609375,1.273721694946289,42.05,0.9836445164506981,0.7376951840514856
Snow_3.mp4,1920,1080,26.527,29.970,795,1616.5804443359375,41.887545585632324,1,0.07472000000000001,0.98618,medium,25.89,53.69189453125,1.419093132019043,42.35,0.9843483896081089,0.747085562917075
Snow_3.mp4,1920,1080,26.527,29.970,795,1616.5804443359375,41.887545585632324,1,0.07472000000000001,0.98618,slow,38.58,56.249267578125,1.4866819381713867,42.54,0.9846202565293252,0.7512589866233828
Snow_3.mp4,1920,1080,26.527,29.970,795,1616.5804443359375,41.887545585632324,1,0.07472000000000001,0.98618,slower,103.53,55.567138671875,1.4686546325683594,42.64,0.984794513304093,0.7539485349523625
Snow_4.mp4,1920,1080,30.43,29.970,912,1547.0765380859375,45.98655700683594,1,0.00096,0.9971899999999999,superfast,10.89,14.9854736328125,0.4543638229370117,45.54,0.9874907581410516,0.7961189190907247
Snow_4.mp4,1920,1080,30.43,29.970,912,1547.0765380859375,45.98655700683594,1,0.00096,0.9971899999999999,veryfast,13.38,10.685546875,0.3239860534667969,45.99,0.9888797449574076,0.8063599326030455
Snow_4.mp4,1920,1080,30.43,29.970,912,1547.0765380859375,45.98655700683594,1,0.00096,0.9971899999999999,faster,13.26,10.6583251953125,0.3231639862060547,45.99,0.9888403063761265,0.8061179785322081
Snow_4.mp4,1920,1080,30.43,29.970,912,1547.0765380859375,45.98655700683594,1,0.00096,0.9971899999999999,fast,16.70,11.8172607421875,0.3583030700683594,46.14,0.9888797205373847,0.8080804020405935
Snow_4.mp4,1920,1080,30.43,29.970,912,1547.0765380859375,45.98655700683594,1,0.00096,0.9971899999999999,medium,27.99,11.47314453125,0.3478660583496094,46.17,0.9889301318571284,0.8093658633730362
Snow_4.mp4,1920,1080,30.43,29.970,912,1547.0765380859375,45.98655700683594,1,0.00096,0.9971899999999999,slow,34.86,10.9427490234375,0.331787109375,46.22,0.9890297450084429,0.810466671099727
Snow_4.mp4,1920,1080,30.43,29.970,912,1547.0765380859375,45.98655700683594,1,0.00096,0.9971899999999999,slower,84.59,9.701416015625,0.29415130615234375,46.22,0.9887796130583011,0.808978864320379
Snow_5.mp4,1920,1080,30.43,29.970,912,1598.8292236328125,47.52449893951416,2,0.11741,0.9651099999999999,superfast,12.62,44.106201171875,1.3373069763183594,41.98,0.9908445960702604,0.7427794331523521
Snow_5.mp4,1920,1080,30.43,29.970,912,1598.8292236328125,47.52449893951416,2,0.11741,0.9651099999999999,veryfast,16.02,36.2535400390625,1.0992136001586914,43.38,0.9929465762445615,0.7907329365828535
Snow_5.mp4,1920,1080,30.43,29.970,912,1598.8292236328125,47.52449893951416,2,0.11741,0.9651099999999999,faster,15.95,36.3880615234375,1.1032905578613281,43.4,0.9929966184060722,0.7914526179012841
Snow_5.mp4,1920,1080,30.43,29.970,912,1598.8292236328125,47.52449893951416,2,0.11741,0.9651099999999999,fast,21.41,40.2940673828125,1.2217235565185547,43.95,0.993296767578151,0.8006952092847169
Snow_5.mp4,1920,1080,30.43,29.970,912,1598.8292236328125,47.52449893951416,2,0.11741,0.9651099999999999,medium,32.81,41.68310546875,1.2638378143310547,43.95,0.9933466984722805,0.7976457781465225
Snow_5.mp4,1920,1080,30.43,29.970,912,1598.8292236328125,47.52449893951416,2,0.11741,0.9651099999999999,slow,51.72,42.6534423828125,1.2932624816894531,44.3,0.9935968830808284,0.8060791511308647
Snow_5.mp4,1920,1080,30.43,29.970,912,1598.8292236328125,47.52449893951416,2,0.11741,0.9651099999999999,slower,123.25,38.953125,1.181065559387207,44.38,0.9935468455907828,0.8067119496682236
soft_drink_beverage_glass_refreshing_365.mp4,1920,1080,22.082,29.970,661,255.8511962890625,5.52747917175293,1,0.06795,0.98785,superfast,8.04,50.961669921875,1.1199016571044922,44.13,0.9881183030826368,0.7496308674007746
soft_drink_beverage_glass_refreshing_365.mp4,1920,1080,22.082,29.970,661,255.8511962890625,5.52747917175293,1,0.06795,0.98785,veryfast,10.43,45.79052734375,1.0062637329101562,44.63,0.9897433235027573,0.7624798606976382
soft_drink_beverage_glass_refreshing_365.mp4,1920,1080,22.082,29.970,661,255.8511962890625,5.52747917175293,1,0.06795,0.98785,faster,10.43,45.8095703125,1.0066843032836914,44.64,0.9897435127118843,0.7625825450119799
soft_drink_beverage_glass_refreshing_365.mp4,1920,1080,22.082,29.970,661,255.8511962890625,5.52747917175293,1,0.06795,0.98785,fast,13.25,49.7625732421875,1.0935516357421875,44.88,0.9899991677761452,0.7671791598100113
soft_drink_beverage_glass_refreshing_365.mp4,1920,1080,22.082,29.970,661,255.8511962890625,5.52747917175293,1,0.06795,0.98785,medium,19.92,48.6182861328125,1.0684070587158203,45.11,0.990292246945505,0.7712442741416992
soft_drink_beverage_glass_refreshing_365.mp4,1920,1080,22.082,29.970,661,255.8511962890625,5.52747917175293,1,0.06795,0.98785,slow,34.03,50.6226806640625,1.1124534606933594,45.47,0.9906512796447027,0.7787586004996259
soft_drink_beverage_glass_refreshing_365.mp4,1920,1080,22.082,29.970,661,255.8511962890625,5.52747917175293,1,0.06795,0.98785,slower,81.04,47.537353515625,1.044651985168457,45.63,0.9907790320304348,0.7810578168033568
Super_8mm_film_France_70s_6.mp4,1280,720,58.267,23.976,1397,1014.7864990234375,57.75927925109863,1,0.10428000000000001,0.97844,superfast,12.84,41.060546875,2.3838443756103516,42.12,0.9805952413314121,0.7205403278894362
Super_8mm_film_France_70s_6.mp4,1280,720,58.267,23.976,1397,1014.7864990234375,57.75927925109863,1,0.10428000000000001,0.97844,veryfast,17.47,33.787841796875,1.96160888671875,42.41,0.982856281141613,0.7329949586672921
Super_8mm_film_France_70s_6.mp4,1280,720,58.267,23.976,1397,1014.7864990234375,57.75927925109863,1,0.10428000000000001,0.97844,faster,17.41,33.7818603515625,1.9612646102905273,42.39,0.9827128598848145,0.7323128142249762
Super_8mm_film_France_70s_6.mp4,1280,720,58.267,23.976,1397,1014.7864990234375,57.75927925109863,1,0.10428000000000001,0.97844,fast,22.68,35.108154296875,2.0382633209228516,42.59,0.9833416341451078,0.7380209064701297
Super_8mm_film_France_70s_6.mp4,1280,720,58.267,23.976,1397,1014.7864990234375,57.75927925109863,1,0.10428000000000001,0.97844,medium,27.93,35.5537109375,2.064133644104004,42.68,0.9835157115038861,0.7423588458127144
Super_8mm_film_France_70s_6.mp4,1280,720,58.267,23.976,1397,1014.7864990234375,57.75927925109863,1,0.10428000000000001,0.97844,slow,62.44,36.5885009765625,2.124211311340332,43.0,0.9839856469727432,0.7498470010806868
Super_8mm_film_France_70s_6.mp4,1280,720,58.267,23.976,1397,1014.7864990234375,57.75927925109863,1,0.10428000000000001,0.97844,slower,127.12,33.880126953125,1.9669675827026367,43.09,0.9843158226178179,0.7526046514802728
Synthesizer_Korg_MS2000R.mp4,1920,1080,18.285,29.970,548,1494.2899169921875,26.68998622894287,1,0.16164,0.96226,superfast,7.89,85.5728759765625,1.5590505599975586,39.55,0.9762403339866572,0.7200119723393017
Synthesizer_Korg_MS2000R.mp4,1920,1080,18.285,29.970,548,1494.2899169921875,26.68998622894287,1,0.16164,0.96226,veryfast,9.48,71.6585693359375,1.3055477142333984,40.16,0.9808880391059944,0.7375880653663328
Synthesizer_Korg_MS2000R.mp4,1920,1080,18.285,29.970,548,1494.2899169921875,26.68998622894287,1,0.16164,0.96226,faster,9.54,71.8570556640625,1.309164047241211,40.17,0.9809427204963197,0.7378186893999895
Synthesizer_Korg_MS2000R.mp4,1920,1080,18.285,29.970,548,1494.2899169921875,26.68998622894287,1,0.16164,0.96226,fast,13.23,77.7508544921875,1.4165420532226562,40.51,0.9816574055512158,0.745691306046232
Synthesizer_Korg_MS2000R.mp4,1920,1080,18.285,29.970,548,1494.2899169921875,26.68998622894287,1,0.16164,0.96226,medium,19.25,92.0743408203125,1.6775035858154297,40.84,0.9820641038647165,0.7519168723560576
Synthesizer_Korg_MS2000R.mp4,1920,1080,18.285,29.970,548,1494.2899169921875,26.68998622894287,1,0.16164,0.96226,slow,31.22,101.351318359375,1.8465194702148438,41.12,0.9826166479847132,0.7578229069878284
Synthesizer_Korg_MS2000R.mp4,1920,1080,18.285,29.970,548,1494.2899169921875,26.68998622894287,1,0.16164,0.96226,slower,83.80,98.275390625,1.7904787063598633,41.23,0.9827926203542201,0.7603025140906476
Synthesizer_Korg_MS2000R_2.mp4,1920,1080,20.888,29.970,626,1582.6903076171875,32.29201316833496,1,0.07144,0.9349200000000001,superfast,7.86,26.898193359375,0.5597944259643555,44.4,0.9841724510109239,0.7071622728703509
Synthesizer_Korg_MS2000R_2.mp4,1920,1080,20.888,29.970,626,1582.6903076171875,32.29201316833496,1,0.07144,0.9349200000000001,veryfast,9.70,17.7813720703125,0.3700599670410156,44.99,0.9864732459897909,0.7182788551486303
Synthesizer_Korg_MS2000R_2.mp4,1920,1080,20.888,29.970,626,1582.6903076171875,32.29201316833496,1,0.07144,0.9349200000000001,faster,9.69,17.8115234375,0.37068843841552734,45.01,0.9865255948264413,0.7192303932005037
Synthesizer_Korg_MS2000R_2.mp4,1920,1080,20.888,29.970,626,1582.6903076171875,32.29201316833496,1,0.07144,0.9349200000000001,fast,13.13,21.0841064453125,0.4387931823730469,45.37,0.9872381435205397,0.7316923739467517
Synthesizer_Korg_MS2000R_2.mp4,1920,1080,20.888,29.970,626,1582.6903076171875,32.29201316833496,1,0.07144,0.9349200000000001,medium,20.22,20.3731689453125,0.4239988327026367,45.25,0.9869261810085541,0.7262316275863906
Synthesizer_Korg_MS2000R_2.mp4,1920,1080,20.888,29.970,626,1582.6903076171875,32.29201316833496,1,0.07144,0.9349200000000001,slow,28.76,20.464111328125,0.4258918762207031,45.39,0.987138095016707,0.7294391118734159
Synthesizer_Korg_MS2000R_2.mp4,1920,1080,20.888,29.970,626,1582.6903076171875,32.29201316833496,1,0.07144,0.9349200000000001,slower,67.16,17.912841796875,0.37279510498046875,45.44,0.9870255690765739,0.7304465227224748
Synthesizer_Korg_MS2000R_3.mp4,1920,1080,24.658,29.970,739,1593.21484375,38.37438106536865,1,0.12875999999999999,0.91354,superfast,10.01,47.447509765625,1.1657381057739258,41.78,0.9769065609649553,0.6762546052454352
Synthesizer_Korg_MS2000R_3.mp4,1920,1080,24.658,29.970,739,1593.21484375,38.37438106536865,1,0.12875999999999999,0.91354,veryfast,12.30,30.4752197265625,0.7487459182739258,42.41,0.9805308461432044,0.6934518696971207
Synthesizer_Korg_MS2000R_3.mp4,1920,1080,24.658,29.970,739,1593.21484375,38.37438106536865,1,0.12875999999999999,0.91354,faster,12.35,30.5203857421875,0.7498531341552734,42.43,0.9805726813219842,0.6942650545777033
Synthesizer_Korg_MS2000R_3.mp4,1920,1080,24.658,29.970,739,1593.21484375,38.37438106536865,1,0.12875999999999999,0.91354,fast,16.77,34.8665771484375,0.8566360473632812,42.61,0.9809403586054303,0.6994280572052285
Synthesizer_Korg_MS2000R_3.mp4,1920,1080,24.658,29.970,739,1593.21484375,38.37438106536865,1,0.12875999999999999,0.91354,medium,25.02,38.1529541015625,0.9373798370361328,42.68,0.9811700150162804,0.701447069048728
Synthesizer_Korg_MS2000R_3.mp4,1920,1080,24.658,29.970,739,1593.21484375,38.37438106536865,1,0.12875999999999999,0.91354,slow,38.82,39.43115234375,0.968785285949707,42.84,0.9814938243769086,0.7052579508635444
Synthesizer_Korg_MS2000R_3.mp4,1920,1080,24.658,29.970,739,1593.21484375,38.37438106536865,1,0.12875999999999999,0.91354,slower,92.36,36.6099853515625,0.8994693756103516,42.88,0.98143386397337,0.7073332142843637
Toy_3.mp4,1920,1080,29.329,29.970,879,1638.988525390625,46.955132484436035,1,0.01468,0.9943899999999999,superfast,11.44,32.1895751953125,0.9406795501708984,45.06,0.9882609349363165,0.6116381789989641
Toy_3.mp4,1920,1080,29.329,29.970,879,1638.988525390625,46.955132484436035,1,0.01468,0.9943899999999999,veryfast,14.86,27.2015380859375,0.7949123382568359,45.28,0.9890478958798254,0.6225793806682279
Toy_3.mp4,1920,1080,29.329,29.970,879,1638.988525390625,46.955132484436035,1,0.01468,0.9943899999999999,faster,14.86,27.232421875,0.7958192825317383,45.28,0.9889820552590713,0.622769414783251
Toy_3.mp4,1920,1080,29.329,29.970,879,1638.988525390625,46.955132484436035,1,0.01468,0.9943899999999999,fast,18.88,30.8917236328125,0.9027519226074219,45.52,0.9892238836783736,0.6260281509415622
Toy_3.mp4,1920,1080,29.329,29.970,879,1638.988525390625,46.955132484436035,1,0.01468,0.9943899999999999,medium,31.02,28.2564697265625,0.82574462890625,45.42,0.9890535660331781,0.6281891899236373
Toy_3.mp4,1920,1080,29.329,29.970,879,1638.988525390625,46.955132484436035,1,0.01468,0.9943899999999999,slow,49.27,28.6728515625,0.8379096984863281,45.57,0.9890930006787177,0.6329497634282524
Toy_3.mp4,1920,1080,29.329,29.970,879,1638.988525390625,46.955132484436035,1,0.01468,0.9943899999999999,slower,108.55,26.5648193359375,0.7763080596923828,45.71,0.9892247437061039,0.6358789158777568
Tree.mp4,1920,1080,35.335,29.970,1059,1320.07763671875,45.56565761566162,1,0.21894,0.97411,superfast,28.06,1500.0411376953125,52.81264400482178,31.85,0.9615389599831629,0.5385273915504492
Tree.mp4,1920,1080,35.335,29.970,1059,1320.07763671875,45.56565761566162,1,0.21894,0.97411,veryfast,35.34,1388.8668212890625,48.89847755432129,31.59,0.9619826868361587,0.5303678180667972
Tree.mp4,1920,1080,35.335,29.970,1059,1320.07763671875,45.56565761566162,1,0.21894,0.97411,faster,35.59,1388.6181640625,48.88972282409668,31.6,0.9620370067464077,0.5305852926232677
Tree.mp4,1920,1080,35.335,29.970,1059,1320.07763671875,45.56565761566162,1,0.21894,0.97411,fast,43.64,1405.73046875,49.49220657348633,31.69,0.962968658975382,0.5340988712551655
Tree.mp4,1920,1080,35.335,29.970,1059,1320.07763671875,45.56565761566162,1,0.21894,0.97411,medium,58.60,1642.579833984375,57.83107089996338,32.42,0.969097579305092,0.5591804919754801
Tree.mp4,1920,1080,35.335,29.970,1059,1320.07763671875,45.56565761566162,1,0.21894,0.97411,slow,127.10,1764.9393310546875,62.139039039611816,33.51,0.9749256514738047,0.5945040295338611
Tree.mp4,1920,1080,35.335,29.970,1059,1320.07763671875,45.56565761566162,1,0.21894,0.97411,slower,483.21,1713.1470947265625,60.31556701660156,33.86,0.9768189299126473,0.6046266335825489
Tree_4.mp4,1920,1080,33.534,29.970,1005,1510.9259033203125,49.49205207824707,1,0.19732,0.9704999999999999,superfast,15.57,201.36865234375,6.728123664855957,42.95,0.9823155638233061,0.6926817401350492
Tree_4.mp4,1920,1080,33.534,29.970,1005,1510.9259033203125,49.49205207824707,1,0.19732,0.9704999999999999,veryfast,18.69,193.707763671875,6.47215461730957,43.27,0.9844233308305568,0.7021531432462016
Tree_4.mp4,1920,1080,33.534,29.970,1005,1510.9259033203125,49.49205207824707,1,0.19732,0.9704999999999999,faster,18.74,193.66259765625,6.470648765563965,43.24,0.9844360299223119,0.7020980356464925
Tree_4.mp4,1920,1080,33.534,29.970,1005,1510.9259033203125,49.49205207824707,1,0.19732,0.9704999999999999,fast,26.05,201.2022705078125,6.722561836242676,43.58,0.9852457556458069,0.7085491655355719
Tree_4.mp4,1920,1080,33.534,29.970,1005,1510.9259033203125,49.49205207824707,1,0.19732,0.9704999999999999,medium,39.59,238.064208984375,7.954192161560059,43.72,0.9860306602467233,0.7146396618690745
Tree_4.mp4,1920,1080,33.534,29.970,1005,1510.9259033203125,49.49205207824707,1,0.19732,0.9704999999999999,slow,71.86,282.3074951171875,9.432445526123047,43.92,0.9869839627418883,0.7219346843158292
Tree_4.mp4,1920,1080,33.534,29.970,1005,1510.9259033203125,49.49205207824707,1,0.19732,0.9704999999999999,slower,206.56,267.7017822265625,8.944442749023438,43.94,0.9869910783941895,0.7214801041468624
Tree_6.mp4,1920,1080,35.502,29.970,1064,1372.3812255859375,47.59415817260742,1,0.13724,0.9763299999999999,superfast,26.67,1359.02587890625,48.073994636535645,32.07,0.9601357241631416,0.5383780506214721
Tree_6.mp4,1920,1080,35.502,29.970,1064,1372.3812255859375,47.59415817260742,1,0.13724,0.9763299999999999,veryfast,33.95,1264.742431640625,44.73882579803467,31.96,0.9616023671042735,0.5369303244640429
Tree_6.mp4,1920,1080,35.502,29.970,1064,1372.3812255859375,47.59415817260742,1,0.13724,0.9763299999999999,faster,34.08,1264.11865234375,44.716758728027344,31.96,0.961601919889808,0.5369130900926842
Tree_6.mp4,1920,1080,35.502,29.970,1064,1372.3812255859375,47.59415817260742,1,0.13724,0.9763299999999999,fast,41.44,1278.8011474609375,45.23613357543945,32.04,0.9625648349550716,0.5401458912387505
Tree_6.mp4,1920,1080,35.502,29.970,1064,1372.3812255859375,47.59415817260742,1,0.13724,0.9763299999999999,medium,56.34,1472.475341796875,52.08714008331299,32.71,0.9674552907578471,0.5609285074692953
Tree_6.mp4,1920,1080,35.502,29.970,1064,1372.3812255859375,47.59415817260742,1,0.13724,0.9763299999999999,slow,120.84,1589.5611572265625,56.22891807556152,33.73,0.9725581131433076,0.5932254071952814
Tree_6.mp4,1920,1080,35.502,29.970,1064,1372.3812255859375,47.59415817260742,1,0.13724,0.9763299999999999,slower,447.36,1566.8814697265625,55.42665100097656,34.12,0.9743630985059264,0.6036754120802612
Tree_branches.mp4,1920,1080,30.063,29.970,901,1472.3267822265625,43.23734474182129,1,0.051879999999999996,0.99676,superfast,12.86,69.5638427734375,2.083751678466797,40.0,0.9774160755949546,0.7820754305614275
Tree_branches.mp4,1920,1080,30.063,29.970,901,1472.3267822265625,43.23734474182129,1,0.051879999999999996,0.99676,veryfast,15.45,68.902587890625,2.0639419555664062,41.03,0.9848666791433592,0.8122444566766227
Tree_branches.mp4,1920,1080,30.063,29.970,901,1472.3267822265625,43.23734474182129,1,0.051879999999999996,0.99676,faster,15.51,68.7789306640625,2.060238838195801,41.01,0.9848273221278221,0.8119054094297797
Tree_branches.mp4,1920,1080,30.063,29.970,901,1472.3267822265625,43.23734474182129,1,0.051879999999999996,0.99676,fast,21.61,73.8924560546875,2.213414192199707,41.28,0.9852429977747821,0.8162627703943455
Tree_branches.mp4,1920,1080,30.063,29.970,901,1472.3267822265625,43.23734474182129,1,0.051879999999999996,0.99676,medium,30.59,85.662109375,2.5659656524658203,41.57,0.9857049249788851,0.8220319954135313
Tree_branches.mp4,1920,1080,30.063,29.970,901,1472.3267822265625,43.23734474182129,1,0.051879999999999996,0.99676,slow,51.39,90.051025390625,2.6974334716796875,41.81,0.9860456812216727,0.8258703175252426
Tree_branches.mp4,1920,1080,30.063,29.970,901,1472.3267822265625,43.23734474182129,1,0.051879999999999996,0.99676,slower,134.06,89.149169921875,2.6704187393188477,41.89,0.9860766379713877,0.8268529531766764
Valentines_Day.mp4,1920,1080,30.797,29.970,923,1446.8365478515625,43.52643013000488,1,0.01348,0.9968,superfast,11.98,64.87060546875,1.990610122680664,40.98,0.977993581459732,0.6930452239808964
Valentines_Day.mp4,1920,1080,30.797,29.970,923,1446.8365478515625,43.52643013000488,1,0.01348,0.9968,veryfast,14.67,59.3665771484375,1.8217124938964844,41.68,0.9821754855335236,0.7126052971490933
Valentines_Day.mp4,1920,1080,30.797,29.970,923,1446.8365478515625,43.52643013000488,1,0.01348,0.9968,faster,14.76,59.3067626953125,1.8198785781860352,41.69,0.9821645352513109,0.7129099299300579
Valentines_Day.mp4,1920,1080,30.797,29.970,923,1446.8365478515625,43.52643013000488,1,0.01348,0.9968,fast,18.36,61.9671630859375,1.9015140533447266,41.85,0.9825899532263003,0.7168600892727839
Valentines_Day.mp4,1920,1080,30.797,29.970,923,1446.8365478515625,43.52643013000488,1,0.01348,0.9968,medium,28.00,67.9154052734375,2.084040641784668,42.14,0.9832281485681742,0.7242708816982224
Valentines_Day.mp4,1920,1080,30.797,29.970,923,1446.8365478515625,43.52643013000488,1,0.01348,0.9968,slow,46.22,69.66943359375,2.1378660202026367,42.38,0.9833512467988446,0.727545807749569
Valentines_Day.mp4,1920,1080,30.797,29.970,923,1446.8365478515625,43.52643013000488,1,0.01348,0.9968,slower,126.89,69.460693359375,2.1314573287963867,42.46,0.9835036552316777,0.7296330852029995
Valentines_Day_2.mp4,1920,1080,30.531,29.970,915,1453.790771484375,43.35651111602783,1,0.0079,0.9969199999999999,superfast,11.50,51.2191162109375,1.5580759048461914,40.57,0.9753892396779212,0.717051192031446
Valentines_Day_2.mp4,1920,1080,30.531,29.970,915,1453.790771484375,43.35651111602783,1,0.0079,0.9969199999999999,veryfast,14.13,46.947021484375,1.4281206130981445,41.2,0.9800961777061897,0.7362700652306402
Valentines_Day_2.mp4,1920,1080,30.531,29.970,915,1453.790771484375,43.35651111602783,1,0.0079,0.9969199999999999,faster,14.03,46.9207763671875,1.4273195266723633,41.21,0.9801335446686052,0.7363390719271026
Valentines_Day_2.mp4,1920,1080,30.531,29.970,915,1453.790771484375,43.35651111602783,1,0.0079,0.9969199999999999,fast,17.50,49.9847412109375,1.5205268859863281,41.39,0.9805209578860381,0.7401077599505506
Valentines_Day_2.mp4,1920,1080,30.531,29.970,915,1453.790771484375,43.35651111602783,1,0.0079,0.9969199999999999,medium,27.44,54.517822265625,1.6584224700927734,41.72,0.9814841387279606,0.7484786882773069
Valentines_Day_2.mp4,1920,1080,30.531,29.970,915,1453.790771484375,43.35651111602783,1,0.0079,0.9969199999999999,slow,42.13,56.342041015625,1.713913917541504,41.89,0.9816403373812146,0.7512950927814146
Valentines_Day_2.mp4,1920,1080,30.531,29.970,915,1453.790771484375,43.35651111602783,1,0.0079,0.9969199999999999,slower,121.19,56.194580078125,1.709427833557129,41.98,0.981808474782184,0.7538582829657976
Valentines_Day_3_from_darker_to_lighter.mp4,1920,1080,20.32,29.970,609,1459.77783203125,28.976009368896484,1,0.07812999999999999,0.99603,superfast,7.93,58.6646728515625,1.1877641677856445,40.82,0.9758527735827723,0.7172068488422666
Valentines_Day_3_from_darker_to_lighter.mp4,1920,1080,20.32,29.970,609,1459.77783203125,28.976009368896484,1,0.07812999999999999,0.99603,veryfast,9.70,52.7403564453125,1.067814826965332,41.49,0.9804296793890678,0.737479189229347
Valentines_Day_3_from_darker_to_lighter.mp4,1920,1080,20.32,29.970,609,1459.77783203125,28.976009368896484,1,0.07812999999999999,0.99603,faster,9.73,52.7081298828125,1.0671625137329102,41.46,0.980388719458545,0.7367902987390575
Valentines_Day_3_from_darker_to_lighter.mp4,1920,1080,20.32,29.970,609,1459.77783203125,28.976009368896484,1,0.07812999999999999,0.99603,fast,12.18,56.658447265625,1.1471443176269531,41.71,0.9809258873995801,0.7422822909398423
Valentines_Day_3_from_darker_to_lighter.mp4,1920,1080,20.32,29.970,609,1459.77783203125,28.976009368896484,1,0.07812999999999999,0.99603,medium,18.78,62.210693359375,1.2595596313476562,42.05,0.9818209119167061,0.7511223054069169
Valentines_Day_3_from_darker_to_lighter.mp4,1920,1080,20.32,29.970,609,1459.77783203125,28.976009368896484,1,0.07812999999999999,0.99603,slow,30.08,64.1795654296875,1.299422264099121,42.21,0.9819700135648133,0.7539928045184668
Valentines_Day_3_from_darker_to_lighter.mp4,1920,1080,20.32,29.970,609,1459.77783203125,28.976009368896484,1,0.07812999999999999,0.99603,slower,84.33,64.272705078125,1.3013067245483398,42.32,0.9821582942338599,0.7567234722812883