Video Name,Width,Height,Video Length,Frames per Second,Frame Count,Original Bitrate,Original Size,Scene Count,Avg Motion ,Avg PCC,Compression Preset,Compression Duration,Compressed Bitrate,Compressed Size, Average PSNR, Average SSIM, Average VIFp
1080-60fps View.MOV,1920,1080,10.75,60,645,2839.228516,31.61633968,1,0.0666,0.94,superfast,11.91,1190.526611,12.75196743,31.36447029,0.933180889,0.525328266
1080-60fps View.MOV,1920,1080,10.75,60,645,2839.228516,31.61633968,1,0.0666,0.94,veryfast,15.57,1205.922363,12.91687489,31.68459954,0.936750144,0.543396121
1080-60fps View.MOV,1920,1080,10.75,60,645,2839.228516,31.61633968,1,0.0666,0.94,faster,16.41,1206.881226,12.92714691,31.68445676,0.936719404,0.543373788
1080-60fps View.MOV,1920,1080,10.75,60,645,2839.228516,31.61633968,1,0.0666,0.94,fast,19.36,1229.886108,13.17355633,31.85761226,0.939585457,0.549888085
1080-60fps View.MOV,1920,1080,10.75,60,645,2839.228516,31.61633968,1,0.0666,0.94,medium,28.08,1340.415161,14.3574543,32.68667528,0.949993005,0.577091413
1080-60fps View.MOV,1920,1080,10.75,60,645,2839.228516,31.61633968,1,0.0666,0.94,slow,55.8,1473.757568,15.78571129,33.54849285,0.958588574,0.607870876
1080-60fps View.MOV,1920,1080,10.75,60,645,2839.228516,31.61633968,1,0.0666,0.94,slower,217.52,1463.349731,15.67423153,33.95057608,0.962138952,0.620476635
1080-60fps Walking.MOV,1920,1080,11,60,660,4880.441406,54.27044964,1,0.4596,0.67,superfast,22.3,2182.655029,23.92254829,31.09718175,0.887367935,0.455570501
1080-60fps Walking.MOV,1920,1080,11,60,660,4880.441406,54.27044964,1,0.4596,0.67,veryfast,26.65,1860.764404,20.39453125,30.23789098,0.868054304,0.423064657
1080-60fps Walking.MOV,1920,1080,11,60,660,4880.441406,54.27044964,1,0.4596,0.67,faster,26.02,1861.18689,20.39916229,30.24184613,0.868125554,0.423149708
1080-60fps Walking.MOV,1920,1080,11,60,660,4880.441406,54.27044964,1,0.4596,0.67,fast,31.27,1884.202637,20.65142155,30.34512139,0.872382112,0.428838059
1080-60fps Walking.MOV,1920,1080,11,60,660,4880.441406,54.27044964,1,0.4596,0.67,medium,41.25,2074.512207,22.73727226,31.54753678,0.897037238,0.471975714
1080-60fps Walking.MOV,1920,1080,11,60,660,4880.441406,54.27044964,1,0.4596,0.67,slow,100.2,2193.508545,24.04150677,32.26929103,0.907959812,0.500611065
1080-60fps Walking.MOV,1920,1080,11,60,660,4880.441406,54.27044964,1,0.4596,0.67,slower,317.04,2184.938721,23.94757748,32.7626866,0.916812746,0.518318215
160416_30_Smartphone2.mov,1920,1080,11.4,25,285,744.5205078,8.478028297,1,0.2605,0.97,superfast,3.64,27.83935547,0.316223145,44.1162062,0.981986077,0.714932213
160416_30_Smartphone2.mov,1920,1080,11.4,25,285,744.5205078,8.478028297,1,0.2605,0.97,veryfast,4.72,21.98449707,0.24971962,44.6652567,0.984178115,0.731521357
160416_30_Smartphone2.mov,1920,1080,11.4,25,285,744.5205078,8.478028297,1,0.2605,0.97,faster,4.75,22.00585938,0.249960899,44.65388,0.984169874,0.731572605
160416_30_Smartphone2.mov,1920,1080,11.4,25,285,744.5205078,8.478028297,1,0.2605,0.97,fast,6.53,25.61523438,0.290960312,44.9338441,0.984508538,0.736802206
160416_30_Smartphone2.mov,1920,1080,11.4,25,285,744.5205078,8.478028297,1,0.2605,0.97,medium,9.7,30.20324707,0.343074799,44.86194481,0.984120605,0.730586773
160416_30_Smartphone2.mov,1920,1080,11.4,25,285,744.5205078,8.478028297,1,0.2605,0.97,slow,15.47,31.32250977,0.355788231,44.94007817,0.984157773,0.731872738
160416_30_Smartphone2.mov,1920,1080,11.4,25,285,744.5205078,8.478028297,1,0.2605,0.97,slower,35.52,28.43896484,0.323034286,44.95816909,0.984049685,0.731319185
161212_068_Vietnam_1080p96fps.mp4,1920,1080,32.48,25,812,5331.632935,170.3689117,1,0.2236,0.94,superfast,14.12,162.0141602,5.243226051,40.84536715,0.973051863,0.526901736
161212_068_Vietnam_1080p96fps.mp4,1920,1080,32.48,25,812,5331.632935,170.3689117,1,0.2236,0.94,veryfast,19.36,147.1971436,4.763707161,40.69304923,0.973023427,0.52186978
161212_068_Vietnam_1080p96fps.mp4,1920,1080,32.48,25,812,5331.632935,170.3689117,1,0.2236,0.94,faster,19.47,146.9918213,4.757061005,40.69303204,0.973037535,0.521797117
161212_068_Vietnam_1080p96fps.mp4,1920,1080,32.48,25,812,5331.632935,170.3689117,1,0.2236,0.94,fast,24.41,152.335083,4.929985046,41.01470508,0.97435041,0.534224246
161212_068_Vietnam_1080p96fps.mp4,1920,1080,32.48,25,812,5331.632935,170.3689117,1,0.2236,0.94,medium,37.11,154.8243408,5.010545731,41.5529815,0.97614533,0.553146732
161212_068_Vietnam_1080p96fps.mp4,1920,1080,32.48,25,812,5331.632935,170.3689117,1,0.2236,0.94,slow,78.44,160.5129395,5.194643021,42.02663309,0.977307188,0.570626873
161212_068_Vietnam_1080p96fps.mp4,1920,1080,32.48,25,812,5331.632935,170.3689117,1,0.2236,0.94,slower,181.79,155.397583,5.029092789,42.12672536,0.977666344,0.573802383
171124_B1_HD_001.mp4,1920,1080,19.2,25,480,3680.15271,69.75031185,1,0.2745,0.8,superfast,12.14,338.6887207,6.479351044,38.61975867,0.959620108,0.630305495
171124_B1_HD_001.mp4,1920,1080,19.2,25,480,3680.15271,69.75031185,1,0.2745,0.8,veryfast,15.69,320.9060059,6.139155388,38.48625103,0.960262449,0.629583821
171124_B1_HD_001.mp4,1920,1080,19.2,25,480,3680.15271,69.75031185,1,0.2745,0.8,faster,15.85,320.5712891,6.132752419,38.49209472,0.960309385,0.629809202
171124_B1_HD_001.mp4,1920,1080,19.2,25,480,3680.15271,69.75031185,1,0.2745,0.8,fast,19.59,328.6102295,6.2865448,38.85621611,0.962860133,0.645014728
171124_B1_HD_001.mp4,1920,1080,19.2,25,480,3680.15271,69.75031185,1,0.2745,0.8,medium,27.39,345.1856689,6.603644371,39.35000762,0.965760657,0.662173383
171124_B1_HD_001.mp4,1920,1080,19.2,25,480,3680.15271,69.75031185,1,0.2745,0.8,slow,64.19,366.0167236,7.002157211,40.04230284,0.969031002,0.683703397
171124_B1_HD_001.mp4,1920,1080,19.2,25,480,3680.15271,69.75031185,1,0.2745,0.8,slower,146.82,360.7255859,6.900934219,40.14294872,0.969691486,0.687875561
180301_03_B_CausewayBay_02.mp4,1920,1080,15.52,25,388,3885.625366,58.90541935,1,0.3227,0.9,superfast,7.05,101.5126953,1.56979084,41.90761842,0.972746748,0.678978568
180301_03_B_CausewayBay_02.mp4,1920,1080,15.52,25,388,3885.625366,58.90541935,1,0.3227,0.9,veryfast,9.71,94.24035645,1.457331657,41.97715407,0.974268126,0.682685925
180301_03_B_CausewayBay_02.mp4,1920,1080,15.52,25,388,3885.625366,58.90541935,1,0.3227,0.9,faster,9.69,94.27197266,1.457818985,41.97821068,0.974286306,0.682722663
180301_03_B_CausewayBay_02.mp4,1920,1080,15.52,25,388,3885.625366,58.90541935,1,0.3227,0.9,fast,12.55,98.67749023,1.525946617,42.21965092,0.974976455,0.689450781
180301_03_B_CausewayBay_02.mp4,1920,1080,15.52,25,388,3885.625366,58.90541935,1,0.3227,0.9,medium,18.33,96.13244629,1.486591339,42.50652204,0.975664465,0.696008982
180301_03_B_CausewayBay_02.mp4,1920,1080,15.52,25,388,3885.625366,58.90541935,1,0.3227,0.9,slow,37.93,95.10339355,1.470677376,42.78593592,0.976149535,0.704131666
180301_03_B_CausewayBay_02.mp4,1920,1080,15.52,25,388,3885.625366,58.90541935,1,0.3227,0.9,slower,83.55,92.65344238,1.43279171,42.89183114,0.976426293,0.707650481
180301_03_B_CausewayBay_03.mp4,1920,1080,30.44,25,761,3809.698242,113.2665501,1,0.2882,0.95,superfast,13.19,87.28100586,2.6472435,41.13411042,0.960735272,0.518288786
180301_03_B_CausewayBay_03.mp4,1920,1080,30.44,25,761,3809.698242,113.2665501,1,0.2882,0.95,veryfast,18.11,79.81970215,2.420940399,41.08291768,0.960889866,0.517012255
180301_03_B_CausewayBay_03.mp4,1920,1080,30.44,25,761,3809.698242,113.2665501,1,0.2882,0.95,faster,17.78,79.78845215,2.419994354,41.08609544,0.96091522,0.517077597
180301_03_B_CausewayBay_03.mp4,1920,1080,30.44,25,761,3809.698242,113.2665501,1,0.2882,0.95,fast,23.43,85.68188477,2.598742485,41.45249929,0.962874572,0.529804954
180301_03_B_CausewayBay_03.mp4,1920,1080,30.44,25,761,3809.698242,113.2665501,1,0.2882,0.95,medium,34.17,83.23657227,2.524577141,41.62838711,0.963558281,0.536987699
180301_03_B_CausewayBay_03.mp4,1920,1080,30.44,25,761,3809.698242,113.2665501,1,0.2882,0.95,slow,67.75,82.22302246,2.493833542,41.80293154,0.963777038,0.54310389
180301_03_B_CausewayBay_03.mp4,1920,1080,30.44,25,761,3809.698242,113.2665501,1,0.2882,0.95,slower,150.3,81.83288574,2.482002258,41.87773985,0.964130487,0.545801417
180626_07_DMZ_08.mp4,1920,1080,8.56,25,214,4242.866333,35.80779743,1,0.2749,0.94,superfast,4.34,444.8372803,3.794063568,33.52871247,0.959503819,0.611321219
180626_07_DMZ_08.mp4,1920,1080,8.56,25,214,4242.866333,35.80779743,1,0.2749,0.94,veryfast,4.97,424.4672852,3.620325089,33.96721766,0.968915056,0.632801679
180626_07_DMZ_08.mp4,1920,1080,8.56,25,214,4242.866333,35.80779743,1,0.2749,0.94,faster,4.98,424.6865234,3.622195244,33.96383774,0.968865921,0.632692791
180626_07_DMZ_08.mp4,1920,1080,8.56,25,214,4242.866333,35.80779743,1,0.2749,0.94,fast,6.84,419.2156982,3.575533867,34.54986109,0.972105391,0.650818186
180626_07_DMZ_08.mp4,1920,1080,8.56,25,214,4242.866333,35.80779743,1,0.2749,0.94,medium,10,499.0093994,4.256103516,34.93114,0.974011358,0.662214981
180626_07_DMZ_08.mp4,1920,1080,8.56,25,214,4242.866333,35.80779743,1,0.2749,0.94,slow,19.03,586.8424072,5.005239487,35.55941231,0.976759898,0.68056093
180626_07_DMZ_08.mp4,1920,1080,8.56,25,214,4242.866333,35.80779743,1,0.2749,0.94,slower,63.78,499.1306152,4.257137299,35.56637983,0.977945433,0.684530288
720-120fps View.MOV,1280,720,10.625,120,1275,3466.872314,37.75668812,1,0.0819,0.92,superfast,10.02,899.5216064,9.522920609,29.67143235,0.907993954,0.480041254
720-120fps View.MOV,1280,720,10.625,120,1275,3466.872314,37.75668812,1,0.0819,0.92,veryfast,14.12,923.3747559,9.775444984,30.1870951,0.918852487,0.501859839
720-120fps View.MOV,1280,720,10.625,120,1275,3466.872314,37.75668812,1,0.0819,0.92,faster,14.22,923.8287354,9.780251503,30.19132284,0.918902166,0.50201556
720-120fps View.MOV,1280,720,10.625,120,1275,3466.872314,37.75668812,1,0.0819,0.92,fast,16.98,946.3514404,10.01869106,30.27008012,0.920530346,0.504413968
720-120fps View.MOV,1280,720,10.625,120,1275,3466.872314,37.75668812,1,0.0819,0.92,medium,25.52,1205.669922,12.76400661,31.160166,0.933076703,0.534908686
720-120fps View.MOV,1280,720,10.625,120,1275,3466.872314,37.75668812,1,0.0819,0.92,slow,51.69,1390.94397,14.72543907,31.9799549,0.943562885,0.564869151
720-120fps View.MOV,1280,720,10.625,120,1275,3466.872314,37.75668812,1,0.0819,0.92,slower,179,1173.751343,12.42609596,31.7597607,0.941293732,0.55734254
720-120fps Walking.MOV,1280,720,10.125,120,1215,5566.698608,56.74141026,1,0.426,0.6,superfast,16.83,2251.003906,22.70915318,27.16676332,0.892552245,0.419097141
720-120fps Walking.MOV,1280,720,10.125,120,1215,5566.698608,56.74141026,1,0.426,0.6,veryfast,20.61,1965.627808,19.8301487,27.14892883,0.893596004,0.41970908
720-120fps Walking.MOV,1280,720,10.125,120,1215,5566.698608,56.74141026,1,0.426,0.6,faster,20.75,1965.599731,19.82986546,27.14899428,0.893596521,0.419730603
720-120fps Walking.MOV,1280,720,10.125,120,1215,5566.698608,56.74141026,1,0.426,0.6,fast,26,1999.579224,20.17266655,27.33784554,0.899214612,0.42754818
720-120fps Walking.MOV,1280,720,10.125,120,1215,5566.698608,56.74141026,1,0.426,0.6,medium,35.56,2511.311523,25.33525467,28.75212213,0.923770655,0.473884979
720-120fps Walking.MOV,1280,720,10.125,120,1215,5566.698608,56.74141026,1,0.426,0.6,slow,79.5,2760.029785,27.8444376,29.49165636,0.933272609,0.499791155
720-120fps Walking.MOV,1280,720,10.125,120,1215,5566.698608,56.74141026,1,0.426,0.6,slower,276.32,2540.615234,25.63088417,28.79683761,0.924648415,0.477573634
bars_100.avi,720,576,4.04,25,101,2983.59375,14.73564529,1,0,0.97,superfast,0.28,2.904052734,0.01169014,48.73272741,0.99592552,0.825237637
bars_100.avi,720,576,4.04,25,101,2983.59375,14.73564529,1,0,0.97,veryfast,0.37,2.554199219,0.010281563,50.42525676,0.997299314,0.85884951
bars_100.avi,720,576,4.04,25,101,2983.59375,14.73564529,1,0,0.97,faster,0.38,2.554199219,0.010281563,50.42525676,0.997299314,0.85884951
bars_100.avi,720,576,4.04,25,101,2983.59375,14.73564529,1,0,0.97,fast,0.44,2.919189453,0.011751175,51.20374286,0.997622598,0.87683252
bars_100.avi,720,576,4.04,25,101,2983.59375,14.73564529,1,0,0.97,medium,0.58,2.597290039,0.010455132,50.84747715,0.997424422,0.867141088
bars_100.avi,720,576,4.04,25,101,2983.59375,14.73564529,1,0,0.97,slow,0.78,2.485229492,0.010004044,50.31935071,0.996897814,0.84530102
bars_100.avi,720,576,4.04,25,101,2983.59375,14.73564529,1,0,0.97,slower,1.66,2.489746094,0.010022163,50.81423064,0.997226363,0.864293647
bb1.mkv,1280,720,172.714,29.97,5176,447.0131836,75.39593601,2,0.11812,0.93483,superfast,31.41,26.03283691,4.47978878,43.72,0.979022629,0.593911714
bb1.mkv,1280,720,172.714,29.97,5176,447.0131836,75.39593601,2,0.11812,0.93483,veryfast,41.88,23.12365723,3.97918129,44.81,0.980345448,0.60328854
bb1.mkv,1280,720,172.714,29.97,5176,447.0131836,75.39593601,2,0.11812,0.93483,faster,41.93,23.11437988,3.977581024,44.8,0.980354715,0.603399027
bb1.mkv,1280,720,172.714,29.97,5176,447.0131836,75.39593601,2,0.11812,0.93483,fast,55.97,24.8996582,4.284805298,45.14,0.981402984,0.615720152
bb1.mkv,1280,720,172.714,29.97,5176,447.0131836,75.39593601,2,0.11812,0.93483,medium,72.36,24.10070801,4.147326469,44.65,0.981181262,0.615988366
bb1.mkv,1280,720,172.714,29.97,5176,447.0131836,75.39593601,2,0.11812,0.93483,slow,134.01,24.47839355,4.212312698,44.98,0.981547169,0.623492297
bb1.mkv,1280,720,172.714,29.97,5176,447.0131836,75.39593601,2,0.11812,0.93483,slower,318.43,23.36193848,4.020196915,45.02,0.981789173,0.627425591
bb2.mkv,1280,720,252.925,29.97,7580,1749.949585,432.2324352,24,0.28749,0.80082,superfast,81.17,131.1088867,33.04023552,43.74,0.871155096,0.402741215
bb2.mkv,1280,720,252.925,29.97,7580,1749.949585,432.2324352,24,0.28749,0.80082,veryfast,106.95,119.9260254,30.22208023,44.8,0.872931501,0.402560293
bb2.mkv,1280,720,252.925,29.97,7580,1749.949585,432.2324352,24,0.28749,0.80082,faster,107.54,119.828125,30.19741821,44.75,0.872960808,0.40266079
bb2.mkv,1280,720,252.925,29.97,7580,1749.949585,432.2324352,24,0.28749,0.80082,fast,134.01,121.993042,30.74299717,45.1,0.874157223,0.406375524
bb2.mkv,1280,720,252.925,29.97,7580,1749.949585,432.2324352,24,0.28749,0.80082,medium,163.79,118.4677734,29.85460472,44.8,0.874482861,0.409703983
bb2.mkv,1280,720,252.925,29.97,7580,1749.949585,432.2324352,24,0.28749,0.80082,slow,378,120.9338379,30.47605705,45.07,0.875725707,0.417412745
bb2.mkv,1280,720,252.925,29.97,7580,1749.949585,432.2324352,24,0.28749,0.80082,slower,926.6,120.2794189,30.31113434,45.07,0.877030731,0.421960906
bb3.mkv,1280,720,289.608,29.97,8679,398.5480957,112.7174883,4,0.33707,0.9309,superfast,65.16,61.98706055,17.88597298,43.82,0.982852921,0.699487352
bb3.mkv,1280,720,289.608,29.97,8679,398.5480957,112.7174883,4,0.33707,0.9309,veryfast,88.45,58.39001465,16.84808636,44.54,0.984777889,0.715960389
bb3.mkv,1280,720,289.608,29.97,8679,398.5480957,112.7174883,4,0.33707,0.9309,faster,88.42,58.35473633,16.83789063,44.49,0.984761904,0.715581612
bb3.mkv,1280,720,289.608,29.97,8679,398.5480957,112.7174883,4,0.33707,0.9309,fast,119.39,61.67932129,17.7971735,44.87,0.986005514,0.725316283
bb3.mkv,1280,720,289.608,29.97,8679,398.5480957,112.7174883,4,0.33707,0.9309,medium,150.98,65.00622559,18.75716972,44.77,0.986433408,0.731537846
bb3.mkv,1280,720,289.608,29.97,8679,398.5480957,112.7174883,4,0.33707,0.9309,slow,320.09,67.3807373,19.44228077,45.11,0.987002561,0.739707798
bb3.mkv,1280,720,289.608,29.97,8679,398.5480957,112.7174883,4,0.33707,0.9309,slower,792.71,64.96313477,18.74468327,45.15,0.987200888,0.742143232
bb4.mkv,1280,720,166.982,29.97,5004,490.7335205,80.02311134,3,0.0745,0.95767,superfast,28.71,24.45861816,4.069018364,43.84,0.976507932,0.717622564
bb4.mkv,1280,720,166.982,29.97,5004,490.7335205,80.02311134,3,0.0745,0.95767,veryfast,38.81,21.390625,3.558614731,44.54,0.977692594,0.723444253
bb4.mkv,1280,720,166.982,29.97,5004,490.7335205,80.02311134,3,0.0745,0.95767,faster,37.94,21.37731934,3.556404114,44.46,0.977705449,0.723558153
bb4.mkv,1280,720,166.982,29.97,5004,490.7335205,80.02311134,3,0.0745,0.95767,fast,49.16,22.60705566,3.760978699,44.92,0.978551017,0.729618617
bb4.mkv,1280,720,166.982,29.97,5004,490.7335205,80.02311134,3,0.0745,0.95767,medium,64.92,22.41271973,3.728658676,44.66,0.978863562,0.734476724
bb4.mkv,1280,720,166.982,29.97,5004,490.7335205,80.02311134,3,0.0745,0.95767,slow,121.29,22.73046875,3.781517029,45.04,0.979037035,0.737385456
bb4.mkv,1280,720,166.982,29.97,5004,490.7335205,80.02311134,3,0.0745,0.95767,slower,296.6,22.14575195,3.684252739,44.98,0.979527678,0.742764961
bb5.mkv,1280,720,289.443,29.97,8674,358.5378418,101.3439989,2,0.09707,0.94576,superfast,55.4,31.76049805,9.1590271,43.74,0.975053718,0.59275483
bb5.mkv,1280,720,289.443,29.97,8674,358.5378418,101.3439989,2,0.09707,0.94576,veryfast,74.48,28.58691406,8.243812561,44.8,0.9768081,0.602168492
bb5.mkv,1280,720,289.443,29.97,8674,358.5378418,101.3439989,2,0.09707,0.94576,faster,74.54,28.57324219,8.239877701,44.75,0.976841297,0.602449043
bb5.mkv,1280,720,289.443,29.97,8674,358.5378418,101.3439989,2,0.09707,0.94576,fast,103.25,31.75183105,9.15651226,45.1,0.979074529,0.625537237
bb5.mkv,1280,720,289.443,29.97,8674,358.5378418,101.3439989,2,0.09707,0.94576,medium,132.92,31.71911621,9.147094727,44.8,0.979143279,0.628765727
bb5.mkv,1280,720,289.443,29.97,8674,358.5378418,101.3439989,2,0.09707,0.94576,slow,252.16,32.25476074,9.301551819,45.18,0.979623788,0.636357202
bb5.mkv,1280,720,289.443,29.97,8674,358.5378418,101.3439989,2,0.09707,0.94576,slower,599.77,30.47680664,8.788804054,44.94,0.979919778,0.639901711
Burgos  Spain- A Virtual Day in the Pedestrian Precinct (Short version 720p).mp4,1280,720,325.023,29.97,9741,305.1757813,103.2941685,4,0.3202,0.94195,superfast,72.76,78.38342285,25.38457108,57.13,0.977139051,0.719396974
Burgos  Spain- A Virtual Day in the Pedestrian Precinct (Short version 720p).mp4,1280,720,325.023,29.97,9741,305.1757813,103.2941685,4,0.3202,0.94195,veryfast,97.92,75.00244141,24.289608,67,0.981036941,0.719567894
Burgos  Spain- A Virtual Day in the Pedestrian Precinct (Short version 720p).mp4,1280,720,325.023,29.97,9741,305.1757813,103.2941685,4,0.3202,0.94195,faster,98.3,74.94750977,24.27179813,67,0.981036941,0.719567894
Burgos  Spain- A Virtual Day in the Pedestrian Precinct (Short version 720p).mp4,1280,720,325.023,29.97,9741,305.1757813,103.2941685,4,0.3202,0.94195,fast,136.81,79.21984863,25.65541744,66.55,0.982367117,0.716311666
Burgos  Spain- A Virtual Day in the Pedestrian Precinct (Short version 720p).mp4,1280,720,325.023,29.97,9741,305.1757813,103.2941685,4,0.3202,0.94195,medium,172.48,87.92260742,28.4737978,62.47,0.98355762,1.29463834
Burgos  Spain- A Virtual Day in the Pedestrian Precinct (Short version 720p).mp4,1280,720,325.023,29.97,9741,305.1757813,103.2941685,4,0.3202,0.94195,slow,348.87,93.00415039,30.11945724,62.73,0.984197053,1.284715435
Burgos  Spain- A Virtual Day in the Pedestrian Precinct (Short version 720p).mp4,1280,720,325.023,29.97,9741,305.1757813,103.2941685,4,0.3202,0.94195,slower,1015.69,92.0489502,29.81013298,65.77,0.984869041,0.608325881
byger-20030708-liten.avi,1024,576,121.48,25,3037,374.2772217,44.47452354,5,0.31566,0.95733,superfast,24.69,69.58752441,8.422985077,39.21718554,0.954540844,0.551164487
byger-20030708-liten.avi,1024,576,121.48,25,3037,374.2772217,44.47452354,5,0.31566,0.95733,veryfast,36.17,61.43835449,7.436594963,39.21497363,0.954645073,0.550275969
byger-20030708-liten.avi,1024,576,121.48,25,3037,374.2772217,44.47452354,5,0.31566,0.95733,faster,36.33,61.45629883,7.438759804,39.21973782,0.95468395,0.550486766
byger-20030708-liten.avi,1024,576,121.48,25,3037,374.2772217,44.47452354,5,0.31566,0.95733,fast,43.77,61.93444824,7.496641159,39.31919256,0.955238392,0.552932302
byger-20030708-liten.avi,1024,576,121.48,25,3037,374.2772217,44.47452354,5,0.31566,0.95733,medium,55.75,69.67419434,8.433477402,39.80843627,0.957944026,0.570733984
byger-20030708-liten.avi,1024,576,121.48,25,3037,374.2772217,44.47452354,5,0.31566,0.95733,slow,146.83,70.84558105,8.575261116,40.12744534,0.959197403,0.582091742
byger-20030708-liten.avi,1024,576,121.48,25,3037,374.2772217,44.47452354,5,0.31566,0.95733,slower,335.28,69.35705566,8.395075798,40.23768532,0.960093515,0.585378761
credit-Ralph.Breaks.the.Internet.2018.1080p.BluRay.x264-SPARKS.avi,1920,808,61.248,30,1468,764.5021973,47.17855263,1,0.18853,0.67046,superfast,13.93,51.03991699,3.110690117,15.61513839,0.640049589,0.033324971
credit-Ralph.Breaks.the.Internet.2018.1080p.BluRay.x264-SPARKS.avi,1920,808,61.248,30,1468,764.5021973,47.17855263,1,0.18853,0.67046,veryfast,16.93,48.77587891,2.972705841,15.62420289,0.642167316,0.033996475
credit-Ralph.Breaks.the.Internet.2018.1080p.BluRay.x264-SPARKS.avi,1920,808,61.248,30,1468,764.5021973,47.17855263,1,0.18853,0.67046,faster,16.92,48.84777832,2.977091789,15.62478597,0.642175457,0.033994872
credit-Ralph.Breaks.the.Internet.2018.1080p.BluRay.x264-SPARKS.avi,1920,808,61.248,30,1468,764.5021973,47.17855263,1,0.18853,0.67046,fast,23.25,51.25268555,3.123655319,15.62393354,0.64216736,0.034217219
credit-Ralph.Breaks.the.Internet.2018.1080p.BluRay.x264-SPARKS.avi,1920,808,61.248,30,1468,764.5021973,47.17855263,1,0.18853,0.67046,medium,34.09,66.12207031,4.029889107,15.62660369,0.642061385,0.034240283
credit-Ralph.Breaks.the.Internet.2018.1080p.BluRay.x264-SPARKS.avi,1920,808,61.248,30,1468,764.5021973,47.17855263,1,0.18853,0.67046,slow,56.08,62.33044434,3.798804283,15.62782477,0.642076583,0.034367792
credit-Ralph.Breaks.the.Internet.2018.1080p.BluRay.x264-SPARKS.avi,1920,808,61.248,30,1468,764.5021973,47.17855263,1,0.18853,0.67046,slower,160.94,59.28344727,3.613103867,15.62795237,0.642022195,0.034361842
credit-Robin.Hood.2018.1080p.WEB-DL.DD5.1.H264-FGT.avi,1920,798,60.024,30,1438,1265.165161,75.48967361,1,0.08508,0.33618,superfast,13.11,120.2418213,7.178523064,14.58556316,0.807629649,0.105939259
credit-Robin.Hood.2018.1080p.WEB-DL.DD5.1.H264-FGT.avi,1920,798,60.024,30,1438,1265.165161,75.48967361,1,0.08508,0.33618,veryfast,15.59,88.53015137,5.285315514,14.608066,0.808881288,0.106171931
credit-Robin.Hood.2018.1080p.WEB-DL.DD5.1.H264-FGT.avi,1920,798,60.024,30,1438,1265.165161,75.48967361,1,0.08508,0.33618,faster,15.6,88.61682129,5.290488243,14.60815435,0.808871864,0.106170966
credit-Robin.Hood.2018.1080p.WEB-DL.DD5.1.H264-FGT.avi,1920,798,60.024,30,1438,1265.165161,75.48967361,1,0.08508,0.33618,fast,19.92,85.53283691,5.106376648,14.60618255,0.80915096,0.1062746
credit-Robin.Hood.2018.1080p.WEB-DL.DD5.1.H264-FGT.avi,1920,798,60.024,30,1438,1265.165161,75.48967361,1,0.08508,0.33618,medium,30.34,178.5413818,10.65905285,14.60538912,0.808985817,0.106319624
credit-Robin.Hood.2018.1080p.WEB-DL.DD5.1.H264-FGT.avi,1920,798,60.024,30,1438,1265.165161,75.48967361,1,0.08508,0.33618,slow,50.58,199.4368896,11.9065237,14.60770759,0.809103378,0.106431076
credit-Robin.Hood.2018.1080p.WEB-DL.DD5.1.H264-FGT.avi,1920,798,60.024,30,1438,1265.165161,75.48967361,1,0.08508,0.33618,slower,176.38,198.8581543,11.87197495,14.60830878,0.809028826,0.10647534
fight1-Robin.Hood.2018.1080p.WEB-DL.DD5.1.H264-FGT.avi,1920,798,58.68,30,1406,2130.918457,123.325243,14,0.19698,0.46947,superfast,39.8,150.8930664,8.808013916,17.08946156,0.766809474,0.128054738
fight1-Robin.Hood.2018.1080p.WEB-DL.DD5.1.H264-FGT.avi,1920,798,58.68,30,1406,2130.918457,123.325243,14,0.19698,0.46947,veryfast,47.48,143.0882568,8.352427483,17.08908846,0.766965972,0.128177473
fight1-Robin.Hood.2018.1080p.WEB-DL.DD5.1.H264-FGT.avi,1920,798,58.68,30,1406,2130.918457,123.325243,14,0.19698,0.46947,faster,47.5,143.1140137,8.35392952,17.08919801,0.766979766,0.128177014
fight1-Robin.Hood.2018.1080p.WEB-DL.DD5.1.H264-FGT.avi,1920,798,58.68,30,1406,2130.918457,123.325243,14,0.19698,0.46947,fast,56.23,144.3251953,8.424631119,17.08871468,0.767015724,0.128124436
fight1-Robin.Hood.2018.1080p.WEB-DL.DD5.1.H264-FGT.avi,1920,798,58.68,30,1406,2130.918457,123.325243,14,0.19698,0.46947,medium,73.74,141.8182373,8.27829361,17.09416927,0.767542293,0.128498674
fight1-Robin.Hood.2018.1080p.WEB-DL.DD5.1.H264-FGT.avi,1920,798,58.68,30,1406,2130.918457,123.325243,14,0.19698,0.46947,slow,180.53,143.085083,8.35223484,17.08965788,0.76673706,0.128676871
fight1-Robin.Hood.2018.1080p.WEB-DL.DD5.1.H264-FGT.avi,1920,798,58.68,30,1406,2130.918457,123.325243,14,0.19698,0.46947,slower,363.42,134.9315186,7.876294136,17.09319586,0.767689753,0.128672381
fight2-FRobin.Hood.2018.1080p.WEB-DL.DD5.1.H264-FGT.avi,1920,798,52.8,30,1264,2116.720703,110.1729431,10,0.24131,0.46774,superfast,38.39,202.5357666,10.6284523,16.3508203,0.745284029,0.132687336
fight2-FRobin.Hood.2018.1080p.WEB-DL.DD5.1.H264-FGT.avi,1920,798,52.8,30,1264,2116.720703,110.1729431,10,0.24131,0.46774,veryfast,44.86,193.9841309,10.17968082,16.35083756,0.745564008,0.132826913
fight2-FRobin.Hood.2018.1080p.WEB-DL.DD5.1.H264-FGT.avi,1920,798,52.8,30,1264,2116.720703,110.1729431,10,0.24131,0.46774,faster,44.7,193.7835693,10.16916275,16.35092106,0.745573958,0.132832085
fight2-FRobin.Hood.2018.1080p.WEB-DL.DD5.1.H264-FGT.avi,1920,798,52.8,30,1264,2116.720703,110.1729431,10,0.24131,0.46774,fast,52.47,195.4438477,10.25628757,16.35022686,0.74560383,0.132787116
fight2-FRobin.Hood.2018.1080p.WEB-DL.DD5.1.H264-FGT.avi,1920,798,52.8,30,1264,2116.720703,110.1729431,10,0.24131,0.46774,medium,69.58,192.5786133,10.10593224,16.3557894,0.746173515,0.133098354
fight2-FRobin.Hood.2018.1080p.WEB-DL.DD5.1.H264-FGT.avi,1920,798,52.8,30,1264,2116.720703,110.1729431,10,0.24131,0.46774,slow,172.97,194.7729492,10.22108459,16.34965076,0.745151882,0.133295414
fight2-FRobin.Hood.2018.1080p.WEB-DL.DD5.1.H264-FGT.avi,1920,798,52.8,30,1264,2116.720703,110.1729431,10,0.24131,0.46774,slower,364.55,181.1646729,9.506957054,16.35268974,0.746267625,0.133254318
fight3-Robin.Hood.2018.1080p.WEB-DL.DD5.1.H264-FGT.avi,1920,798,58.128,30,1394,1834.600098,105.4683132,3,0.39492,0.60618,superfast,33.19,137.2452393,7.942980766,16.92015192,0.747377324,0.121052518
fight3-Robin.Hood.2018.1080p.WEB-DL.DD5.1.H264-FGT.avi,1920,798,58.128,30,1394,1834.600098,105.4683132,3,0.39492,0.60618,veryfast,39.82,129.1832275,7.476394653,16.91868068,0.748252366,0.121256725
fight3-Robin.Hood.2018.1080p.WEB-DL.DD5.1.H264-FGT.avi,1920,798,58.128,30,1394,1834.600098,105.4683132,3,0.39492,0.60618,faster,39.75,129.0269775,7.467352867,16.91890071,0.748237369,0.121243919
fight3-Robin.Hood.2018.1080p.WEB-DL.DD5.1.H264-FGT.avi,1920,798,58.128,30,1394,1834.600098,105.4683132,3,0.39492,0.60618,fast,48.73,132.3782959,7.66131115,16.91885942,0.748202659,0.12115946
fight3-Robin.Hood.2018.1080p.WEB-DL.DD5.1.H264-FGT.avi,1920,798,58.128,30,1394,1834.600098,105.4683132,3,0.39492,0.60618,medium,62.19,132.835083,7.687747955,16.92122099,0.748165619,0.12152099
fight3-Robin.Hood.2018.1080p.WEB-DL.DD5.1.H264-FGT.avi,1920,798,58.128,30,1394,1834.600098,105.4683132,3,0.39492,0.60618,slow,145.95,134.1920166,7.766273499,16.91884164,0.747536757,0.121612941
fight3-Robin.Hood.2018.1080p.WEB-DL.DD5.1.H264-FGT.avi,1920,798,58.128,30,1394,1834.600098,105.4683132,3,0.39492,0.60618,slower,315.16,127.3901367,7.372619629,16.92095871,0.748249766,0.121581152
Forest_Slice.mov,1920,1080,10,25,250,4367.943115,42.79103088,1,0.18416,0.95512,superfast,4.16,115.5512695,1.151342392,39.77700494,0.964487386,0.700837016
Forest_Slice.mov,1920,1080,10,25,250,4367.943115,42.79103088,1,0.18416,0.95512,veryfast,5.03,108.8250732,1.084322929,40.16927163,0.971046869,0.718887598
Forest_Slice.mov,1920,1080,10,25,250,4367.943115,42.79103088,1,0.18416,0.95512,faster,5.14,108.8154297,1.084226608,40.17506241,0.971082554,0.719036996
Forest_Slice.mov,1920,1080,10,25,250,4367.943115,42.79103088,1,0.18416,0.95512,fast,7.14,113.0209961,1.126131058,40.36405647,0.971671155,0.72414439
Forest_Slice.mov,1920,1080,10,25,250,4367.943115,42.79103088,1,0.18416,0.95512,medium,10.47,116.9493408,1.165271759,40.59745552,0.972662363,0.730922131
Forest_Slice.mov,1920,1080,10,25,250,4367.943115,42.79103088,1,0.18416,0.95512,slow,19.47,124.2365723,1.237880707,40.94170042,0.973783347,0.740746386
Forest_Slice.mov,1920,1080,10,25,250,4367.943115,42.79103088,1,0.18416,0.95512,slower,47.06,119.005127,1.18575573,41.0002001,0.973990876,0.743179147
FroggerHighway.mp4,1920,1080,51.833,24,1243,5493.125,274.4662342,1,0.09169,0.8476,superfast,17.25,28.43591309,1.468914032,44.58412452,0.985058932,0.587035562
FroggerHighway.mp4,1920,1080,51.833,24,1243,5493.125,274.4662342,1,0.09169,0.8476,veryfast,22.09,24.28442383,1.25445652,44.77310201,0.98579779,0.593498068
FroggerHighway.mp4,1920,1080,51.833,24,1243,5493.125,274.4662342,1,0.09169,0.8476,faster,22.08,24.32495117,1.25655365,44.77379787,0.985809349,0.593625507
FroggerHighway.mp4,1920,1080,51.833,24,1243,5493.125,274.4662342,1,0.09169,0.8476,fast,27.66,26.62426758,1.375321388,45.0214871,0.986224393,0.600172565
FroggerHighway.mp4,1920,1080,51.833,24,1243,5493.125,274.4662342,1,0.09169,0.8476,medium,41.97,24.64746094,1.27321434,45.07319864,0.986278057,0.605206096
FroggerHighway.mp4,1920,1080,51.833,24,1243,5493.125,274.4662342,1,0.09169,0.8476,slow,72.9,23.85925293,1.232496262,45.16231011,0.986221776,0.607262797
FroggerHighway.mp4,1920,1080,51.833,24,1243,5493.125,274.4662342,1,0.09169,0.8476,slower,162.5,24.97766113,1.290271759,45.32239974,0.986604046,0.61123232
gravity.falls.s02e20.1080p.bluray.x264-taxes.mkv,1920,1080,2638.998,23.976,63271,683.3496094,2238.944418,341,0.30173,0.72078,superfast,916.95,108.1756592,284.4375219,42.85,0.98985,0.999999983
gravity.falls.s02e20.1080p.bluray.x264-taxes.mkv,1920,1080,2638.998,23.976,63271,683.3496094,2238.944418,341,0.30173,0.72078,veryfast,1155.17,102.8718262,270.4914598,43.04,0.99125,0.999999984
gravity.falls.s02e20.1080p.bluray.x264-taxes.mkv,1920,1080,2638.998,23.976,63271,683.3496094,2238.944418,341,0.30173,0.72078,faster,1153.66,102.9068604,270.5837011,43.05,0.99125,0.999999984
gravity.falls.s02e20.1080p.bluray.x264-taxes.mkv,1920,1080,2638.998,23.976,63271,683.3496094,2238.944418,341,0.30173,0.72078,fast,1415.87,105.1025391,276.3570747,43.3,0.9917,0.999999984
gravity.falls.s02e20.1080p.bluray.x264-taxes.mkv,1920,1080,2638.998,23.976,63271,683.3496094,2238.944418,341,0.30173,0.72078,medium,2070.93,98.96191406,260.2105799,43.51,0.9925,0.999999984
gravity.falls.s02e20.1080p.bluray.x264-taxes.mkv,1920,1080,2638.998,23.976,63271,683.3496094,2238.944418,341,0.30173,0.72078,slow,3579.13,95.43383789,250.9341545,43.93,0.99275,0.999999985
gravity.falls.s02e20.1080p.bluray.x264-taxes.mkv,1920,1080,2638.998,23.976,63271,683.3496094,2238.944418,341,0.30173,0.72078,slower,9355.45,87.51391602,230.1091404,43.98,0.99305,0.999999985
handheld video.mp4,3840,2160,60.654,30,1821,5862.145508,349.3742352,1,0.42705,0.63138,superfast,233.43,4086.927002,246.9774685,33.43,0.900657995,0.464214584
handheld video.mp4,3840,2160,60.654,30,1821,5862.145508,349.3742352,1,0.42705,0.63138,veryfast,292.12,3812.088135,230.3686666,33.43,0.901920285,0.461001003
handheld video.mp4,3840,2160,60.654,30,1821,5862.145508,349.3742352,1,0.42705,0.63138,faster,293.92,3810.996582,230.3026991,33.44,0.902008678,0.461027311
handheld video.mp4,3840,2160,60.654,30,1821,5862.145508,349.3742352,1,0.42705,0.63138,fast,352.97,3869.003174,233.8081007,33.62,0.90624092,0.470013929
handheld video.mp4,3840,2160,60.654,30,1821,5862.145508,349.3742352,1,0.42705,0.63138,medium,498.87,4282.276855,258.7826929,35.06,0.927061154,0.527395296
handheld video.mp4,3840,2160,60.654,30,1821,5862.145508,349.3742352,1,0.42705,0.63138,slow,1283.9,4486.044922,271.0966167,35.33,0.929273858,0.537714218
handheld video.mp4,3840,2160,60.654,30,1821,5862.145508,349.3742352,1,0.42705,0.63138,slower,3839.34,4389.19873,265.2440872,35.54,0.931823752,0.544768558
HS051.mov,1920,1080,12.44,25,310,3122.967407,38.23340607,1,0.17277,0.89368,superfast,7.71,423.8006592,5.253051758,35.9184184,0.953397322,0.630089949
HS051.mov,1920,1080,12.44,25,310,3122.967407,38.23340607,1,0.17277,0.89368,veryfast,9.47,406.1069336,5.033736229,36.06564642,0.958409032,0.64137426
HS051.mov,1920,1080,12.44,25,310,3122.967407,38.23340607,1,0.17277,0.89368,faster,9.56,405.6120605,5.027602196,36.0711987,0.958480193,0.641578367
HS051.mov,1920,1080,12.44,25,310,3122.967407,38.23340607,1,0.17277,0.89368,fast,11.89,415.8034668,5.153924942,36.33858422,0.959968598,0.649047289
HS051.mov,1920,1080,12.44,25,310,3122.967407,38.23340607,1,0.17277,0.89368,medium,16.27,443.6179199,5.498687744,36.80676679,0.962375006,0.66141454
HS051.mov,1920,1080,12.44,25,310,3122.967407,38.23340607,1,0.17277,0.89368,slow,33.67,459.2790527,5.692809105,37.29169448,0.964651006,0.67462192
HS051.mov,1920,1080,12.44,25,310,3122.967407,38.23340607,1,0.17277,0.89368,slower,102.12,434.1801758,5.381706238,37.41964412,0.965915113,0.67917427
INtensity-Robin.Hood.2018.1080p.WEB-DL.DD5.1.H264-FGT.avi,1920,798,12.6,30,302,1374.126343,17.09268951,1,0.26722,0.92563,superfast,3.86,92.73632813,1.155758858,20.08071476,0.695878323,0.130392865
INtensity-Robin.Hood.2018.1080p.WEB-DL.DD5.1.H264-FGT.avi,1920,798,12.6,30,302,1374.126343,17.09268951,1,0.26722,0.92563,veryfast,4.84,90.91455078,1.133054733,20.12138455,0.699210848,0.132445954
INtensity-Robin.Hood.2018.1080p.WEB-DL.DD5.1.H264-FGT.avi,1920,798,12.6,30,302,1374.126343,17.09268951,1,0.26722,0.92563,faster,4.83,90.82373047,1.131923676,20.12167437,0.699296799,0.132535607
INtensity-Robin.Hood.2018.1080p.WEB-DL.DD5.1.H264-FGT.avi,1920,798,12.6,30,302,1374.126343,17.09268951,1,0.26722,0.92563,fast,6.69,97.18347168,1.211183548,20.13243255,0.698283719,0.132944832
INtensity-Robin.Hood.2018.1080p.WEB-DL.DD5.1.H264-FGT.avi,1920,798,12.6,30,302,1374.126343,17.09268951,1,0.26722,0.92563,medium,8.98,109.1363525,1.360151291,20.13474285,0.697240548,0.133606851
INtensity-Robin.Hood.2018.1080p.WEB-DL.DD5.1.H264-FGT.avi,1920,798,12.6,30,302,1374.126343,17.09268951,1,0.26722,0.92563,slow,16.56,117.4882813,1.46423912,20.13661593,0.696455063,0.134057399
INtensity-Robin.Hood.2018.1080p.WEB-DL.DD5.1.H264-FGT.avi,1920,798,12.6,30,302,1374.126343,17.09268951,1,0.26722,0.92563,slower,47.88,118.2663574,1.473936081,20.13949509,0.696239185,0.134164861
jellyfish-30-mbps-hd-h264.mkv,1920,1080,30.03,29.97,900,3574.299316,106.9487982,1,0.3787,0.94,superfast,21.48,337.7661133,10.1065073,38.19242566,0.947528307,0.533045113
jellyfish-30-mbps-hd-h264.mkv,1920,1080,30.03,29.97,900,3574.299316,106.9487982,1,0.3787,0.94,veryfast,28.61,324.2800293,9.702980042,38.00122377,0.946643741,0.525960048
jellyfish-30-mbps-hd-h264.mkv,1920,1080,30.03,29.97,900,3574.299316,106.9487982,1,0.3787,0.94,faster,28.69,323.8612061,9.690447807,38.0098085,0.94673608,0.526296297
jellyfish-30-mbps-hd-h264.mkv,1920,1080,30.03,29.97,900,3574.299316,106.9487982,1,0.3787,0.94,fast,35.38,336.4366455,10.06672764,38.26096707,0.948762622,0.534476155
jellyfish-30-mbps-hd-h264.mkv,1920,1080,30.03,29.97,900,3574.299316,106.9487982,1,0.3787,0.94,medium,50.1,342.5321045,10.24910831,38.77474827,0.953048276,0.554761279
jellyfish-30-mbps-hd-h264.mkv,1920,1080,30.03,29.97,900,3574.299316,106.9487982,1,0.3787,0.94,slow,117.98,351.3310547,10.51238918,39.28384608,0.956748646,0.574406657
jellyfish-30-mbps-hd-h264.mkv,1920,1080,30.03,29.97,900,3574.299316,106.9487982,1,0.3787,0.94,slower,302.4,344.6551514,10.31263924,39.51626626,0.959576906,0.581650028
jellyfish-3-mbps-hd-h264.mkv,1920,1080,30.03,29.97,900,357.0549316,10.6836586,1,0.3739,0.95,superfast,18.45,267.9804688,8.018406868,39.53570999,0.966192549,0.571292001
jellyfish-3-mbps-hd-h264.mkv,1920,1080,30.03,29.97,900,357.0549316,10.6836586,1,0.3739,0.95,veryfast,26.16,252.7354736,7.562254906,39.34503898,0.96538606,0.563240577
jellyfish-3-mbps-hd-h264.mkv,1920,1080,30.03,29.97,900,357.0549316,10.6836586,1,0.3739,0.95,faster,25.73,252.5529785,7.556792259,39.35181238,0.965439484,0.56351782
jellyfish-3-mbps-hd-h264.mkv,1920,1080,30.03,29.97,900,357.0549316,10.6836586,1,0.3739,0.95,fast,31.87,262.2855225,7.848003387,39.57621908,0.966653767,0.570817568
jellyfish-3-mbps-hd-h264.mkv,1920,1080,30.03,29.97,900,357.0549316,10.6836586,1,0.3739,0.95,medium,46.32,277.4876709,8.302879333,40.53177026,0.972138084,0.610858828
jellyfish-3-mbps-hd-h264.mkv,1920,1080,30.03,29.97,900,357.0549316,10.6836586,1,0.3739,0.95,slow,107.62,287.2203369,8.594092369,41.15166028,0.97521436,0.634900209
jellyfish-3-mbps-hd-h264.mkv,1920,1080,30.03,29.97,900,357.0549316,10.6836586,1,0.3739,0.95,slower,264.03,277.6804199,8.308646202,41.37069954,0.976929875,0.641727422
jellyfish-70-mbps-hd-h264.mkv,1920,1080,30.03,29.97,900,8341.550781,249.5926313,1,0.3775,0.94,superfast,23.19,346.1580811,10.35760689,38.0442421,0.944731994,0.525813811
jellyfish-70-mbps-hd-h264.mkv,1920,1080,30.03,29.97,900,8341.550781,249.5926313,1,0.3775,0.94,veryfast,30.19,332.7827148,9.957393646,37.85785243,0.943793452,0.518850467
jellyfish-70-mbps-hd-h264.mkv,1920,1080,30.03,29.97,900,8341.550781,249.5926313,1,0.3775,0.94,faster,30.28,332.4677734,9.947967529,37.86782252,0.943904213,0.519260993
jellyfish-70-mbps-hd-h264.mkv,1920,1080,30.03,29.97,900,8341.550781,249.5926313,1,0.3775,0.94,fast,36.95,344.6843262,10.31350803,38.11690275,0.945956443,0.527381539
jellyfish-70-mbps-hd-h264.mkv,1920,1080,30.03,29.97,900,8341.550781,249.5926313,1,0.3775,0.94,medium,51.61,351.213623,10.50887394,38.63585218,0.950347902,0.547883273
jellyfish-70-mbps-hd-h264.mkv,1920,1080,30.03,29.97,900,8341.550781,249.5926313,1,0.3775,0.94,slow,119.67,360.7593994,10.79450226,39.14862603,0.954262154,0.56777003
jellyfish-70-mbps-hd-h264.mkv,1920,1080,30.03,29.97,900,8341.550781,249.5926313,1,0.3775,0.94,slower,304.2,351.0640869,10.50440407,39.37834143,0.957090514,0.574785018
mars-20030905.avi,1920,1080,15.24,25,381,1005.489136,14.97538948,1,0.0081,0.98,superfast,4.44,26.87780762,0.408140182,44.22077607,0.991236903,0.554475285
mars-20030905.avi,1920,1080,15.24,25,381,1005.489136,14.97538948,1,0.0081,0.98,veryfast,5.47,24.48486328,0.371803284,44.65340354,0.992341843,0.570855513
mars-20030905.avi,1920,1080,15.24,25,381,1005.489136,14.97538948,1,0.0081,0.98,faster,5.4,24.39831543,0.370488167,44.64409227,0.992329338,0.570617414
mars-20030905.avi,1920,1080,15.24,25,381,1005.489136,14.97538948,1,0.0081,0.98,fast,6.81,25.56591797,0.388216972,44.83209262,0.99255683,0.574158419
mars-20030905.avi,1920,1080,15.24,25,381,1005.489136,14.97538948,1,0.0081,0.98,medium,11.89,28.28869629,0.429563522,45.06139706,0.992624309,0.582457162
mars-20030905.avi,1920,1080,15.24,25,381,1005.489136,14.97538948,1,0.0081,0.98,slow,16.33,32.75463867,0.497378349,45.53361953,0.992932264,0.595415398
mars-20030905.avi,1920,1080,15.24,25,381,1005.489136,14.97538948,1,0.0081,0.98,slower,38.95,29.93115234,0.454503059,45.52534992,0.992916285,0.596158895
messi goal.mp4,1920,1080,15.701,59.94,940,6843.75,105.0998707,1,0.25362,0.90947,superfast,16.54,357.2547607,5.582602501,8.96,0.169830987,0.002400003
messi goal.mp4,1920,1080,15.701,59.94,940,6843.75,105.0998707,1,0.25362,0.90947,veryfast,21,301.8652344,4.717063904,8.97,0.171185525,0.002300781
messi goal.mp4,1920,1080,15.701,59.94,940,6843.75,105.0998707,1,0.25362,0.90947,faster,20.74,301.541748,4.712010384,8.97,0.17109682,0.002300391
messi goal.mp4,1920,1080,15.701,59.94,940,6843.75,105.0998707,1,0.25362,0.90947,fast,28.39,312.2644043,4.879567146,8.97,0.171229335,0.002300049
messi goal.mp4,1920,1080,15.701,59.94,940,6843.75,105.0998707,1,0.25362,0.90947,medium,38.99,315.4246826,4.92895031,8.96,0.171010532,0.002300024
messi goal.mp4,1920,1080,15.701,59.94,940,6843.75,105.0998707,1,0.25362,0.90947,slow,76.3,332.7648926,5.199915886,8.96,0.171057304,0.002300005
messi goal.mp4,1920,1080,15.701,59.94,940,6843.75,105.0998707,1,0.25362,0.90947,slower,182.89,320.461792,5.007662773,8.96,0.170908462,0.002300024
racing1-Ralph.Breaks.the.Internet.2018.1080p.BluRay.x264-SPARKS.avi,1920,808,60,30,1438,2048.721924,121.3241043,16,0.2409,0.4,superfast,35.22,208.7558594,12.46287823,11.84466061,0.592555441,0.088250425
racing1-Ralph.Breaks.the.Internet.2018.1080p.BluRay.x264-SPARKS.avi,1920,808,60,30,1438,2048.721924,121.3241043,16,0.2409,0.4,veryfast,41.35,199.4952393,11.91001034,11.85058009,0.595631694,0.089736482
racing1-Ralph.Breaks.the.Internet.2018.1080p.BluRay.x264-SPARKS.avi,1920,808,60,30,1438,2048.721924,121.3241043,16,0.2409,0.4,faster,41.45,199.0612793,11.88410759,11.85058309,0.59564183,0.089735062
racing1-Ralph.Breaks.the.Internet.2018.1080p.BluRay.x264-SPARKS.avi,1920,808,60,30,1438,2048.721924,121.3241043,16,0.2409,0.4,fast,51.33,203.064209,12.12308598,11.85255513,0.595138439,0.089788413
racing1-Ralph.Breaks.the.Internet.2018.1080p.BluRay.x264-SPARKS.avi,1920,808,60,30,1438,2048.721924,121.3241043,16,0.2409,0.4,medium,67.47,213.7723389,12.76236725,11.85298994,0.59486645,0.09001329
racing1-Ralph.Breaks.the.Internet.2018.1080p.BluRay.x264-SPARKS.avi,1920,808,60,30,1438,2048.721924,121.3241043,16,0.2409,0.4,slow,156.94,212.6166992,12.6933794,11.85306131,0.594200491,0.090306252
racing1-Ralph.Breaks.the.Internet.2018.1080p.BluRay.x264-SPARKS.avi,1920,808,60,30,1438,2048.721924,121.3241043,16,0.2409,0.4,slower,420.06,204.1060791,12.18527985,11.85403469,0.594424581,0.090377033
racing2-Ralph.Breaks.the.Internet.2018.1080p.BluRay.x264-SPARKS.avi,1920,808,60.192,30,1443,1808.66333,107.6396008,24,0.35799,0.55271,superfast,35.57,226.769043,13.58528042,10.94,0.571368253,0.056788835
racing2-Ralph.Breaks.the.Internet.2018.1080p.BluRay.x264-SPARKS.avi,1920,808,60.192,30,1443,1808.66333,107.6396008,24,0.35799,0.55271,veryfast,42.57,217.9160156,13.05490685,10.94,0.573349827,0.057237776
racing2-Ralph.Breaks.the.Internet.2018.1080p.BluRay.x264-SPARKS.avi,1920,808,60.192,30,1443,1808.66333,107.6396008,24,0.35799,0.55271,faster,42.59,217.5360107,13.0321455,10.94,0.573357792,0.057238102
racing2-Ralph.Breaks.the.Internet.2018.1080p.BluRay.x264-SPARKS.avi,1920,808,60.192,30,1443,1808.66333,107.6396008,24,0.35799,0.55271,fast,50.55,220.5550537,13.21300602,10.94,0.573128616,0.057326477
racing2-Ralph.Breaks.the.Internet.2018.1080p.BluRay.x264-SPARKS.avi,1920,808,60.192,30,1443,1808.66333,107.6396008,24,0.35799,0.55271,medium,65.26,222.4805908,13.32836151,10.95,0.573149206,0.057604582
racing2-Ralph.Breaks.the.Internet.2018.1080p.BluRay.x264-SPARKS.avi,1920,808,60.192,30,1443,1808.66333,107.6396008,24,0.35799,0.55271,slow,160.5,222.3676758,13.32160378,10.95,0.57218674,0.057820101
racing2-Ralph.Breaks.the.Internet.2018.1080p.BluRay.x264-SPARKS.avi,1920,808,60.192,30,1443,1808.66333,107.6396008,24,0.35799,0.55271,slower,354.23,212.8846436,12.75348568,10.95,0.572485886,0.057908972
random1-Ralph.Breaks.the.Internet.2018.1080p.BluRay.x264-SPARKS.avi,1920,808,300.984,30,7216,1220.777466,366.1181374,39,0.3588,0.8,superfast,125.81,118.6329346,35.57583427,12.67841264,0.581927351,0.049519331
random1-Ralph.Breaks.the.Internet.2018.1080p.BluRay.x264-SPARKS.avi,1920,808,300.984,30,7216,1220.777466,366.1181374,39,0.3588,0.8,veryfast,152.79,113.6401367,34.07861042,12.67963325,0.584330225,0.050136771
random1-Ralph.Breaks.the.Internet.2018.1080p.BluRay.x264-SPARKS.avi,1920,808,300.984,30,7216,1220.777466,366.1181374,39,0.3588,0.8,faster,152.81,113.4700928,34.02760887,12.67948653,0.584335466,0.050172856
random1-Ralph.Breaks.the.Internet.2018.1080p.BluRay.x264-SPARKS.avi,1920,808,300.984,30,7216,1220.777466,366.1181374,39,0.3588,0.8,fast,191.45,116.3831787,34.90116882,12.67853111,0.583977887,0.050207743
random1-Ralph.Breaks.the.Internet.2018.1080p.BluRay.x264-SPARKS.avi,1920,808,300.984,30,7216,1220.777466,366.1181374,39,0.3588,0.8,medium,250.56,117.022583,35.09292221,12.67870541,0.583795196,0.050315656
random1-Ralph.Breaks.the.Internet.2018.1080p.BluRay.x264-SPARKS.avi,1920,808,300.984,30,7216,1220.777466,366.1181374,39,0.3588,0.8,slow,553.9,116.6828613,34.99106884,12.6773034,0.583355622,0.050474089
random1-Ralph.Breaks.the.Internet.2018.1080p.BluRay.x264-SPARKS.avi,1920,808,300.984,30,7216,1220.777466,366.1181374,39,0.3588,0.8,slower,1271.82,110.8444824,33.24023056,12.6772902,0.583296211,0.0503691
random2-Ralph.Breaks.the.Internet.2018.1080p.BluRay.x264-SPARKS.avi,1920,808,301.008,30,7217,828.4587402,250.863821,35,0.3384,0.7,superfast,91.82,80.55957031,24.16162682,13.35014084,0.601142632,0.043736996
random2-Ralph.Breaks.the.Internet.2018.1080p.BluRay.x264-SPARKS.avi,1920,808,301.008,30,7217,828.4587402,250.863821,35,0.3384,0.7,veryfast,114.95,77.82409668,23.34123039,13.35261945,0.604016102,0.044303505
random2-Ralph.Breaks.the.Internet.2018.1080p.BluRay.x264-SPARKS.avi,1920,808,301.008,30,7217,828.4587402,250.863821,35,0.3384,0.7,faster,115.19,77.73156738,23.31343174,13.35268086,0.604017775,0.04431834
random2-Ralph.Breaks.the.Internet.2018.1080p.BluRay.x264-SPARKS.avi,1920,808,301.008,30,7217,828.4587402,250.863821,35,0.3384,0.7,fast,148.08,81.9050293,24.56517029,13.35168521,0.603592116,0.044251226
random2-Ralph.Breaks.the.Internet.2018.1080p.BluRay.x264-SPARKS.avi,1920,808,301.008,30,7217,828.4587402,250.863821,35,0.3384,0.7,medium,193.23,83.80639648,25.13542938,13.35174293,0.603279116,0.044248922
random2-Ralph.Breaks.the.Internet.2018.1080p.BluRay.x264-SPARKS.avi,1920,808,301.008,30,7217,828.4587402,250.863821,35,0.3384,0.7,slow,387.97,83.95446777,25.17983246,13.3504298,0.602895954,0.044293917
random2-Ralph.Breaks.the.Internet.2018.1080p.BluRay.x264-SPARKS.avi,1920,808,301.008,30,7217,828.4587402,250.863821,35,0.3384,0.7,slower,985.04,80.73828125,24.21522236,13.35023662,0.602732647,0.04425318
rick.and.morty.2014.s01e01.pilot.720p.hdtv.x264.mkv,1280,720,1348.672,23.976,32335,278.225708,447.370141,182,0.21512,0.63227,superfast,224.21,85.63952637,115.0799179,36.99,0.962606882,0.396668991
rick.and.morty.2014.s01e01.pilot.720p.hdtv.x264.mkv,1280,720,1348.672,23.976,32335,278.225708,447.370141,182,0.21512,0.63227,veryfast,322.55,81.78845215,109.9049397,36.88,0.964185754,0.388976323
rick.and.morty.2014.s01e01.pilot.720p.hdtv.x264.mkv,1280,720,1348.672,23.976,32335,278.225708,447.370141,182,0.21512,0.63227,faster,332.04,81.70629883,109.7945461,36.85,0.964122859,0.388261833
rick.and.morty.2014.s01e01.pilot.720p.hdtv.x264.mkv,1280,720,1348.672,23.976,32335,278.225708,447.370141,182,0.21512,0.63227,fast,369.86,82.6105957,111.0098724,38.34,0.969915786,0.452350713
rick.and.morty.2014.s01e01.pilot.720p.hdtv.x264.mkv,1280,720,1348.672,23.976,32335,278.225708,447.370141,182,0.21512,0.63227,medium,445.86,82.9276123,111.4356127,37.83,0.969018429,0.436789504
rick.and.morty.2014.s01e01.pilot.720p.hdtv.x264.mkv,1280,720,1348.672,23.976,32335,278.225708,447.370141,182,0.21512,0.63227,slow,830.27,78.71679688,105.7773323,38.84,0.97276634,0.473838421
rick.and.morty.2014.s01e01.pilot.720p.hdtv.x264.mkv,1280,720,1348.672,23.976,32335,278.225708,447.370141,182,0.21512,0.63227,slower,2709.96,71.2722168,95.77354431,39.11,0.973600489,0.482157622
rick.and.morty.2014.s01e03.anatomy.park.720p.hdtv.x264.mkv,1280,720,1313.792,23.976,31499,416.0251465,616.1863623,185,0.20892,0.56572,superfast,222.78,90.52331543,118.4977179,43.45,0.984757507,0.691018398
rick.and.morty.2014.s01e03.anatomy.park.720p.hdtv.x264.mkv,1280,720,1313.792,23.976,31499,416.0251465,616.1863623,185,0.20892,0.56572,veryfast,298.08,86.94641113,113.8154678,43.88,0.987011122,0.705295177
rick.and.morty.2014.s01e03.anatomy.park.720p.hdtv.x264.mkv,1280,720,1313.792,23.976,31499,416.0251465,616.1863623,185,0.20892,0.56572,faster,299.42,86.90258789,113.7581348,43.85,0.987023625,0.705255189
rick.and.morty.2014.s01e03.anatomy.park.720p.hdtv.x264.mkv,1280,720,1313.792,23.976,31499,416.0251465,616.1863623,185,0.20892,0.56572,fast,372.61,88.70605469,116.1188574,44.21,0.987861002,0.714027143
rick.and.morty.2014.s01e03.anatomy.park.720p.hdtv.x264.mkv,1280,720,1313.792,23.976,31499,416.0251465,616.1863623,185,0.20892,0.56572,medium,468.69,92.74121094,121.4009876,44.48,0.988379596,0.72107861
rick.and.morty.2014.s01e03.anatomy.park.720p.hdtv.x264.mkv,1280,720,1313.792,23.976,31499,416.0251465,616.1863623,185,0.20892,0.56572,slow,910.11,94.71020508,123.9783831,44.89,0.989211154,0.730770531
rick.and.morty.2014.s01e03.anatomy.park.720p.hdtv.x264.mkv,1280,720,1313.792,23.976,31499,416.0251465,616.1863623,185,0.20892,0.56572,slower,2937.36,88.7052002,116.1176939,44.99,0.989511185,0.73263895
rick.and.morty.2014.s01e04.m.night.shaym-aliens!.720p.hdtv.x264.mkv,1280,720,1263.488,23.976,30293,395.7220459,567.0330553,212,0.21282,0.56813,superfast,215.49,99.67980957,125.487956,48.19,0.986520307,0.688558236
rick.and.morty.2014.s01e04.m.night.shaym-aliens!.720p.hdtv.x264.mkv,1280,720,1263.488,23.976,30293,395.7220459,567.0330553,212,0.21282,0.56813,veryfast,290.46,95.14477539,119.7786884,48.4,0.98846479,0.69432553
rick.and.morty.2014.s01e04.m.night.shaym-aliens!.720p.hdtv.x264.mkv,1280,720,1263.488,23.976,30293,395.7220459,567.0330553,212,0.21282,0.56813,faster,291.08,95.12341309,119.7519598,48.25,0.988446032,0.693489529
rick.and.morty.2014.s01e04.m.night.shaym-aliens!.720p.hdtv.x264.mkv,1280,720,1263.488,23.976,30293,395.7220459,567.0330553,212,0.21282,0.56813,fast,359.01,96.8026123,121.8658504,48.9,0.989201825,0.708694591
rick.and.morty.2014.s01e04.m.night.shaym-aliens!.720p.hdtv.x264.mkv,1280,720,1263.488,23.976,30293,395.7220459,567.0330553,212,0.21282,0.56813,medium,448.12,101.4544678,127.7221651,48.92,0.989801679,0.710091555
rick.and.morty.2014.s01e04.m.night.shaym-aliens!.720p.hdtv.x264.mkv,1280,720,1263.488,23.976,30293,395.7220459,567.0330553,212,0.21282,0.56813,slow,872.41,102.9663086,129.6253119,49.09,0.990400802,0.713662988
rick.and.morty.2014.s01e04.m.night.shaym-aliens!.720p.hdtv.x264.mkv,1280,720,1263.488,23.976,30293,395.7220459,567.0330553,212,0.21282,0.56813,slower,2787.42,96.2154541,121.1267509,49.16,0.990751587,0.713869914
rick.and.morty.2014.s01e05.meeseeks.and.destroy.720p.hdtv.x264.mkv,1280,720,1268.256,23.976,30407,285.4255371,429.7934809,187,0.21327,0.61337,superfast,196.73,86.66503906,109.5140886,47.7,0.990810155,0.657056714
rick.and.morty.2014.s01e05.meeseeks.and.destroy.720p.hdtv.x264.mkv,1280,720,1268.256,23.976,30407,285.4255371,429.7934809,187,0.21327,0.61337,veryfast,265.63,83.35656738,105.3333788,48.02,0.992619773,0.659897241
rick.and.morty.2014.s01e05.meeseeks.and.destroy.720p.hdtv.x264.mkv,1280,720,1268.256,23.976,30407,285.4255371,429.7934809,187,0.21327,0.61337,faster,266.08,83.23352051,105.1778231,47.99,0.992618692,0.658849156
rick.and.morty.2014.s01e05.meeseeks.and.destroy.720p.hdtv.x264.mkv,1280,720,1268.256,23.976,30407,285.4255371,429.7934809,187,0.21327,0.61337,fast,329.55,84.48962402,106.7651167,48.58,0.993134418,0.675978887
rick.and.morty.2014.s01e05.meeseeks.and.destroy.720p.hdtv.x264.mkv,1280,720,1268.256,23.976,30407,285.4255371,429.7934809,187,0.21327,0.61337,medium,411.3,87.14575195,110.1215677,48.4,0.99362807,0.670951752
rick.and.morty.2014.s01e05.meeseeks.and.destroy.720p.hdtv.x264.mkv,1280,720,1268.256,23.976,30407,285.4255371,429.7934809,187,0.21327,0.61337,slow,770.72,86.00048828,108.674366,48.73,0.994383493,0.675931809
rick.and.morty.2014.s01e05.meeseeks.and.destroy.720p.hdtv.x264.mkv,1280,720,1268.256,23.976,30407,285.4255371,429.7934809,187,0.21327,0.61337,slower,2581.64,79.13952637,100.0045614,48.86,0.994684513,0.677985183
Robin.Hood.2018.1080p.WEB-DL.DD5.1.H264-FGT (2).avi,1920,798,60.024,30,1439,1132.62854,67.8105793,1,0.2171,0.94,superfast,16.51,55.78955078,3.333012581,15.55303105,0.73024951,0.124918306
Robin.Hood.2018.1080p.WEB-DL.DD5.1.H264-FGT (2).avi,1920,798,60.024,30,1439,1132.62854,67.8105793,1,0.2171,0.94,veryfast,20.79,52.59423828,3.1421175,15.55746268,0.732905084,0.125967726
Robin.Hood.2018.1080p.WEB-DL.DD5.1.H264-FGT (2).avi,1920,798,60.024,30,1439,1132.62854,67.8105793,1,0.2171,0.94,faster,20.87,52.60546875,3.142790794,15.55800227,0.732921741,0.125972826
Robin.Hood.2018.1080p.WEB-DL.DD5.1.H264-FGT (2).avi,1920,798,60.024,30,1439,1132.62854,67.8105793,1,0.2171,0.94,fast,28.26,56.71606445,3.388365746,15.55759033,0.732643008,0.125962523
Robin.Hood.2018.1080p.WEB-DL.DD5.1.H264-FGT (2).avi,1920,798,60.024,30,1439,1132.62854,67.8105793,1,0.2171,0.94,medium,38,60.99914551,3.644248962,15.55807172,0.732377363,0.125987474
Robin.Hood.2018.1080p.WEB-DL.DD5.1.H264-FGT (2).avi,1920,798,60.024,30,1439,1132.62854,67.8105793,1,0.2171,0.94,slow,66.69,63.87194824,3.815873146,15.55745347,0.732262567,0.126047529
Robin.Hood.2018.1080p.WEB-DL.DD5.1.H264-FGT (2).avi,1920,798,60.024,30,1439,1132.62854,67.8105793,1,0.2171,0.94,slower,167.18,63.14807129,3.772624969,15.55794969,0.73223046,0.125974733
Robin.Hood.2018.1080p.WEB-DL.DD5.1.H264-FGT (3).avi,1920,798,60.024,30,1439,1929.886353,114.49897,5,0.5029,0.63,superfast,41.66,199.9024658,11.94269371,13.46961073,0.695664202,0.075766869
Robin.Hood.2018.1080p.WEB-DL.DD5.1.H264-FGT (3).avi,1920,798,60.024,30,1439,1929.886353,114.49897,5,0.5029,0.63,veryfast,50.1,188.2613525,11.2472229,13.47003045,0.69649309,0.075949814
Robin.Hood.2018.1080p.WEB-DL.DD5.1.H264-FGT (3).avi,1920,798,60.024,30,1439,1929.886353,114.49897,5,0.5029,0.63,faster,49.81,188.1705322,11.24179363,13.46966641,0.696507643,0.075969352
Robin.Hood.2018.1080p.WEB-DL.DD5.1.H264-FGT (3).avi,1920,798,60.024,30,1439,1929.886353,114.49897,5,0.5029,0.63,fast,58.35,190.3931885,11.37458038,13.47182046,0.696439031,0.076041867
Robin.Hood.2018.1080p.WEB-DL.DD5.1.H264-FGT (3).avi,1920,798,60.024,30,1439,1929.886353,114.49897,5,0.5029,0.63,medium,76.46,195.6929932,11.69120407,13.47163027,0.696384224,0.076170401
Robin.Hood.2018.1080p.WEB-DL.DD5.1.H264-FGT (3).avi,1920,798,60.024,30,1439,1929.886353,114.49897,5,0.5029,0.63,slow,188.01,197.0949707,11.77496243,13.46838282,0.695246099,0.076327932
Robin.Hood.2018.1080p.WEB-DL.DD5.1.H264-FGT (3).avi,1920,798,60.024,30,1439,1929.886353,114.49897,5,0.5029,0.63,slower,386.69,189.5845947,11.32627392,13.46921737,0.695742656,0.076344538
Robin.Hood.2018.1080p.WEB-DL.DD5.1.H264-FGT.avi,1920,798,60.024,30,1439,1250.937134,74.73888779,1,0.2328,0.83,superfast,21.56,77.21081543,4.612775803,17.220653,0.74288636,0.124040085
Robin.Hood.2018.1080p.WEB-DL.DD5.1.H264-FGT.avi,1920,798,60.024,30,1439,1250.937134,74.73888779,1,0.2328,0.83,veryfast,27.7,72.19665527,4.313220024,17.22113236,0.744485031,0.124413362
Robin.Hood.2018.1080p.WEB-DL.DD5.1.H264-FGT.avi,1920,798,60.024,30,1439,1250.937134,74.73888779,1,0.2328,0.83,faster,27.61,72.14367676,4.310053825,17.22081403,0.744470115,0.124482895
Robin.Hood.2018.1080p.WEB-DL.DD5.1.H264-FGT.avi,1920,798,60.024,30,1439,1250.937134,74.73888779,1,0.2328,0.83,fast,36.09,76.09606934,4.546175957,17.21975711,0.744035006,0.124371784
Robin.Hood.2018.1080p.WEB-DL.DD5.1.H264-FGT.avi,1920,798,60.024,30,1439,1250.937134,74.73888779,1,0.2328,0.83,medium,46.25,79.30236816,4.737723351,17.22149375,0.743658316,0.124511099
Robin.Hood.2018.1080p.WEB-DL.DD5.1.H264-FGT.avi,1920,798,60.024,30,1439,1250.937134,74.73888779,1,0.2328,0.83,slow,94.48,80.57373047,4.813682556,17.22036647,0.74340368,0.12452698
Robin.Hood.2018.1080p.WEB-DL.DD5.1.H264-FGT.avi,1920,798,60.024,30,1439,1250.937134,74.73888779,1,0.2328,0.83,slower,212.12,78.33886719,4.680163383,17.22127959,0.743451827,0.124486849
Samsung Galaxy S9- Remix Your Everyday.mp4,1280,720,30.047,23.976,720,162.4312744,5.23041153,7,0.2644,0.58,superfast,7.78,96.16113281,2.877297401,41.23338719,0.968120596,0.61669705
Samsung Galaxy S9- Remix Your Everyday.mp4,1280,720,30.047,23.976,720,162.4312744,5.23041153,7,0.2644,0.58,veryfast,10.25,91.59179688,2.740574837,41.19661201,0.96780266,0.615200544
Samsung Galaxy S9- Remix Your Everyday.mp4,1280,720,30.047,23.976,720,162.4312744,5.23041153,7,0.2644,0.58,faster,10.29,91.54199219,2.73908329,41.20747932,0.967820648,0.615453085
Samsung Galaxy S9- Remix Your Everyday.mp4,1280,720,30.047,23.976,720,162.4312744,5.23041153,7,0.2644,0.58,fast,12.73,94.59716797,2.830499649,41.52612852,0.969198924,0.625819442
Samsung Galaxy S9- Remix Your Everyday.mp4,1280,720,30.047,23.976,720,162.4312744,5.23041153,7,0.2644,0.58,medium,15.84,98.72619629,2.954045296,42.1403461,0.971761454,0.647017463
Samsung Galaxy S9- Remix Your Everyday.mp4,1280,720,30.047,23.976,720,162.4312744,5.23041153,7,0.2644,0.58,slow,37.53,101.6628418,3.041918755,42.67015202,0.973961928,0.666537828
Samsung Galaxy S9- Remix Your Everyday.mp4,1280,720,30.047,23.976,720,162.4312744,5.23041153,7,0.2644,0.58,slower,88.6,97.70983887,2.923635483,42.86172062,0.974785495,0.671355584
talking2-Robin.Hood.2018.1080p.WEB-DL.DD5.1.H264-FGT.avi,1920,798,97.92,30,2347,841.3157959,82.76462746,2,0.3114,0.91,superfast,31.9,68.64135742,6.688344955,15.12831817,0.695290316,0.104715563
talking2-Robin.Hood.2018.1080p.WEB-DL.DD5.1.H264-FGT.avi,1920,798,97.92,30,2347,841.3157959,82.76462746,2,0.3114,0.91,veryfast,42.09,65.11035156,6.344294548,15.13463529,0.69694465,0.105482443
talking2-Robin.Hood.2018.1080p.WEB-DL.DD5.1.H264-FGT.avi,1920,798,97.92,30,2347,841.3157959,82.76462746,2,0.3114,0.91,faster,42.38,65.06237793,6.339612007,15.13459815,0.696940468,0.105460806
talking2-Robin.Hood.2018.1080p.WEB-DL.DD5.1.H264-FGT.avi,1920,798,97.92,30,2347,841.3157959,82.76462746,2,0.3114,0.91,fast,54.16,69.09155273,6.732218742,15.13393848,0.696696478,0.105457178
talking2-Robin.Hood.2018.1080p.WEB-DL.DD5.1.H264-FGT.avi,1920,798,97.92,30,2347,841.3157959,82.76462746,2,0.3114,0.91,medium,67.88,71.05102539,6.923137665,15.13472778,0.696529579,0.105676602
talking2-Robin.Hood.2018.1080p.WEB-DL.DD5.1.H264-FGT.avi,1920,798,97.92,30,2347,841.3157959,82.76462746,2,0.3114,0.91,slow,132.51,71.99438477,7.015063286,15.13481622,0.696397083,0.10587658
talking2-Robin.Hood.2018.1080p.WEB-DL.DD5.1.H264-FGT.avi,1920,798,97.92,30,2347,841.3157959,82.76462746,2,0.3114,0.91,slower,308.02,69.84814453,6.805936813,15.13535871,0.696438444,0.105891316
Talking-Robin.Hood.2018.1080p.WEB-DL.DD5.1.H264-FGT.avi,1920,798,98.52,30,2362,793.5748291,78.73640251,1,0.3253,0.95,superfast,26.51,41.2767334,4.051700592,14.71760799,0.693972406,0.086049014
Talking-Robin.Hood.2018.1080p.WEB-DL.DD5.1.H264-FGT.avi,1920,798,98.52,30,2362,793.5748291,78.73640251,1,0.3253,0.95,veryfast,33.13,39.06115723,3.83422184,14.72144372,0.696838727,0.086933999
Talking-Robin.Hood.2018.1080p.WEB-DL.DD5.1.H264-FGT.avi,1920,798,98.52,30,2362,793.5748291,78.73640251,1,0.3253,0.95,faster,33.1,39.09558105,3.837607384,14.7215417,0.696824067,0.08691903
Talking-Robin.Hood.2018.1080p.WEB-DL.DD5.1.H264-FGT.avi,1920,798,98.52,30,2362,793.5748291,78.73640251,1,0.3253,0.95,fast,46.36,43.53210449,4.273083687,14.72205944,0.696575727,0.086889771
Talking-Robin.Hood.2018.1080p.WEB-DL.DD5.1.H264-FGT.avi,1920,798,98.52,30,2362,793.5748291,78.73640251,1,0.3253,0.95,medium,61.83,44.51147461,4.369227409,14.72371324,0.696442218,0.086919614
Talking-Robin.Hood.2018.1080p.WEB-DL.DD5.1.H264-FGT.avi,1920,798,98.52,30,2362,793.5748291,78.73640251,1,0.3253,0.95,slow,108.88,45.92773438,4.5082407,14.72360459,0.696343153,0.086970777
Talking-Robin.Hood.2018.1080p.WEB-DL.DD5.1.H264-FGT.avi,1920,798,98.52,30,2362,793.5748291,78.73640251,1,0.3253,0.95,slower,261.11,44.57519531,4.3754673,14.72353729,0.696274311,0.086923678
tv-control-room-static-camera-loop_n18w6shax__WL.mp4,1920,1080,30.04,25,751,1519.837769,44.58968639,1,0.0201,0.99,superfast,9.31,60.80700684,1.820049286,40.18404619,0.977854464,0.697939576
tv-control-room-static-camera-loop_n18w6shax__WL.mp4,1920,1080,30.04,25,751,1519.837769,44.58968639,1,0.0201,0.99,veryfast,11.06,54.95458984,1.644879341,40.85892928,0.981931162,0.719151503
tv-control-room-static-camera-loop_n18w6shax__WL.mp4,1920,1080,30.04,25,751,1519.837769,44.58968639,1,0.0201,0.99,faster,10.94,55.03613281,1.647316933,40.85837349,0.981924347,0.719115487
tv-control-room-static-camera-loop_n18w6shax__WL.mp4,1920,1080,30.04,25,751,1519.837769,44.58968639,1,0.0201,0.99,fast,13.57,58.7598877,1.758777618,40.94049734,0.982180737,0.721126233
tv-control-room-static-camera-loop_n18w6shax__WL.mp4,1920,1080,30.04,25,751,1519.837769,44.58968639,1,0.0201,0.99,medium,20.13,65.49816895,1.960463524,41.15729568,0.982702959,0.727442191
tv-control-room-static-camera-loop_n18w6shax__WL.mp4,1920,1080,30.04,25,751,1519.837769,44.58968639,1,0.0201,0.99,slow,33.04,77.34997559,2.315209389,41.39443362,0.983225626,0.73408237
tv-control-room-static-camera-loop_n18w6shax__WL.mp4,1920,1080,30.04,25,751,1519.837769,44.58968639,1,0.0201,0.99,slower,88.42,69.90124512,2.092254639,41.42705269,0.983373351,0.735736376
wide-20040607-small.avi,1024,576,79.12,25,1978,375.8397217,29.08767128,10,0.3515,0.95,superfast,16.66,60.35095215,4.757731438,39.83880433,0.95906382,0.527733483
wide-20040607-small.avi,1024,576,79.12,25,1978,375.8397217,29.08767128,10,0.3515,0.95,veryfast,23.97,52.89294434,4.169791222,39.93881115,0.959778534,0.529978249
wide-20040607-small.avi,1024,576,79.12,25,1978,375.8397217,29.08767128,10,0.3515,0.95,faster,24.05,52.9206543,4.171964645,39.94634345,0.959829325,0.530323369
wide-20040607-small.avi,1024,576,79.12,25,1978,375.8397217,29.08767128,10,0.3515,0.95,fast,28.81,53.37988281,4.208173752,40.02803361,0.960180953,0.531865645
wide-20040607-small.avi,1024,576,79.12,25,1978,375.8397217,29.08767128,10,0.3515,0.95,medium,37.88,60.45776367,4.766151428,40.4902482,0.962339775,0.549126229
wide-20040607-small.avi,1024,576,79.12,25,1978,375.8397217,29.08767128,10,0.3515,0.95,slow,98.78,61.83154297,4.874448776,40.79337872,0.963173216,0.559346888
wide-20040607-small.avi,1024,576,79.12,25,1978,375.8397217,29.08767128,10,0.3515,0.95,slower,217.69,60.04650879,4.733737946,40.90949537,0.964114195,0.562398431
With Cars or Without-.mp4,1920,1080,60.16,29.97,1803,549.3164063,34.03019619,10,0.23207,0.82936,superfast,23.34,168.1102295,10.07700539,48.01,0.94969936,0.64155238
With Cars or Without-.mp4,1920,1080,60.16,29.97,1803,549.3164063,34.03019619,10,0.23207,0.82936,veryfast,28.46,156.1365967,9.359273911,51.38,0.959578478,0.680462881
With Cars or Without-.mp4,1920,1080,60.16,29.97,1803,549.3164063,34.03019619,10,0.23207,0.82936,faster,28.36,156.18396,9.362110138,51.38,0.959580978,0.680462325
With Cars or Without-.mp4,1920,1080,60.16,29.97,1803,549.3164063,34.03019619,10,0.23207,0.82936,fast,33.66,157.9466553,9.467772484,51.34,0.959835345,0.68061792
With Cars or Without-.mp4,1920,1080,60.16,29.97,1803,549.3164063,34.03019619,10,0.23207,0.82936,medium,52.21,204.9050293,12.28259182,51.44,0.965276522,0.70063663
With Cars or Without-.mp4,1920,1080,60.16,29.97,1803,549.3164063,34.03019619,10,0.23207,0.82936,slow,82.17,220.9718018,13.24567699,52,0.971000123,0.72919564
With Cars or Without-.mp4,1920,1080,60.16,29.97,1803,549.3164063,34.03019619,10,0.23207,0.82936,slower,295.97,220.2452393,13.20213223,53.28,0.972408871,0.735274816
With Cars or Without-_2.mp4,640,360,60.162,29.97,1803,89.2935791,6.061433792,13,0.13452,0.76019,superfast,3.11,17.92785645,1.074647903,39.74,0.936661687,0.651720747
With Cars or Without-_2.mp4,640,360,60.162,29.97,1803,89.2935791,6.061433792,13,0.13452,0.76019,veryfast,3.97,15.34655762,0.91991806,41.29,0.952114034,0.710206598
With Cars or Without-_2.mp4,640,360,60.162,29.97,1803,89.2935791,6.061433792,13,0.13452,0.76019,faster,4.02,15.34533691,0.919838905,41.29,0.952164326,0.710313163
With Cars or Without-_2.mp4,640,360,60.162,29.97,1803,89.2935791,6.061433792,13,0.13452,0.76019,fast,4.91,15.45092773,0.926172256,41.19,0.952067633,0.710433522
With Cars or Without-_2.mp4,640,360,60.162,29.97,1803,89.2935791,6.061433792,13,0.13452,0.76019,medium,6.74,20.56567383,1.232769012,41.14,0.956729465,0.729326007
With Cars or Without-_2.mp4,640,360,60.162,29.97,1803,89.2935791,6.061433792,13,0.13452,0.76019,slow,12.22,20.54077148,1.231275558,41.57,0.959143384,0.743913595
With Cars or Without-_2.mp4,640,360,60.162,29.97,1803,89.2935791,6.061433792,13,0.13452,0.76019,slower,43.73,20.74621582,1.243590355,41.64,0.96010234,0.748552471
