Video Name,Width,Height,Video Length,Frames per Second,Frame Count,Original Bitrate,Original Size,Scene Count,Avg Motion ,Avg PCC,Compression Preset,Compression Duration,Compressed Bitrate,Compressed Size, Average PSNR, Average SSIM, Average VIFp
bumblebee credits.mkv,1920,1080,185.018,24,4435,1095.494629,68.9848299,2,0.10098,0.93871,superfast,52,40.4822998,7.461257935,44.93,0.99195,0.726115444
bumblebee credits.mkv,1920,1080,185.018,24,4435,1095.494629,68.9848299,2,0.10098,0.93871,veryfast,65.05,39.22802734,7.230101585,46.19,0.9929,0.756365444
bumblebee credits.mkv,1920,1080,185.018,24,4435,1095.494629,68.9848299,2,0.10098,0.93871,faster,65.15,39.21618652,7.227918625,46.19,0.9929,0.756365444
bumblebee credits.mkv,1920,1080,185.018,24,4435,1095.494629,68.9848299,2,0.10098,0.93871,fast,84.15,41.47912598,7.644981384,46.38,0.9931,0.76057189
bumblebee credits.mkv,1920,1080,185.018,24,4435,1095.494629,68.9848299,2,0.10098,0.93871,medium,125.78,40.8762207,7.533869743,46.83,0.993250012,0.771075015
bumblebee credits.mkv,1920,1080,185.018,24,4435,1095.494629,68.9848299,2,0.10098,0.93871,slow,196.79,37.92858887,6.990591049,47.3,0.99345,0.78162189
bumblebee credits.mkv,1920,1080,185.018,24,4435,1095.494629,68.9848299,2,0.10098,0.93871,slower,499.03,34.19726563,6.302868843,47.27,0.993475,0.781521694
bumblebee scene 1.mkv,1920,1080,163.412,24,3918,1095.494629,218.0718145,17,0.18279,0.62345,superfast,79.2,176.2458496,28.6970911,42.77,0.97686281,0.500175455
bumblebee scene 1.mkv,1920,1080,163.412,24,3918,1095.494629,218.0718145,17,0.18279,0.62345,veryfast,107.56,165.104248,26.88295555,42.92,0.97754189,0.504988983
bumblebee scene 1.mkv,1920,1080,163.412,24,3918,1095.494629,218.0718145,17,0.18279,0.62345,faster,107.83,165.0507813,26.87425613,42.96,0.977558464,0.505841462
bumblebee scene 1.mkv,1920,1080,163.412,24,3918,1095.494629,218.0718145,17,0.18279,0.62345,fast,130.79,170.0162354,27.68274593,43.18,0.978386746,0.513723029
bumblebee scene 1.mkv,1920,1080,163.412,24,3918,1095.494629,218.0718145,17,0.18279,0.62345,medium,218.44,170.6494141,27.78584194,43.58,0.979780042,0.527327765
bumblebee scene 1.mkv,1920,1080,163.412,24,3918,1095.494629,218.0718145,17,0.18279,0.62345,slow,496.23,172.6844482,28.1172123,43.89,0.98023621,0.538068248
bumblebee scene 1.mkv,1920,1080,163.412,24,3918,1095.494629,218.0718145,17,0.18279,0.62345,slower,1124.93,164.6303711,26.80579853,44.03,0.980637249,0.543826491
bumblebee scene 2.mkv,1920,1080,486.861,24,11672,1095.494629,720.5618916,21,0.29039,0.76157,superfast,256.1,222.6894531,108.018362,41.09,0.959374858,0.420853352
bumblebee scene 2.mkv,1920,1080,486.861,24,11672,1095.494629,720.5618916,21,0.29039,0.76157,veryfast,347.87,209.1765137,101.4637432,41.34,0.961015328,0.438571697
bumblebee scene 2.mkv,1920,1080,486.861,24,11672,1095.494629,720.5618916,21,0.29039,0.76157,faster,348.21,209.0810547,101.4174623,41.37,0.961163662,0.439522347
bumblebee scene 2.mkv,1920,1080,486.861,24,11672,1095.494629,720.5618916,21,0.29039,0.76157,fast,413.75,213.0618896,103.3484507,41.51,0.96196452,0.445738529
bumblebee scene 2.mkv,1920,1080,486.861,24,11672,1095.494629,720.5618916,21,0.29039,0.76157,medium,670.87,221.6694336,107.523613,41.83,0.963857536,0.459975373
bumblebee scene 2.mkv,1920,1080,486.861,24,11672,1095.494629,720.5618916,21,0.29039,0.76157,slow,1577.38,223.371582,108.3492756,41.99,0.964158116,0.464892641
bumblebee scene 2.mkv,1920,1080,486.861,24,11672,1095.494629,720.5618916,21,0.29039,0.76157,slower,3537.48,216.005249,104.7760868,42.09,0.964702573,0.468780531
bumblebee scene 3.mkv,1920,1080,300.633,24,7207,1095.494629,372.2027903,9,0.30004,0.86504,superfast,126.53,137.4226074,41.15905857,40.79,0.959704398,0.550320044
bumblebee scene 3.mkv,1920,1080,300.633,24,7207,1095.494629,372.2027903,9,0.30004,0.86504,veryfast,164.6,130.161499,38.98427868,40.98,0.961676206,0.55504678
bumblebee scene 3.mkv,1920,1080,300.633,24,7207,1095.494629,372.2027903,9,0.30004,0.86504,faster,164.65,130.0430908,38.94882965,40.98,0.961699906,0.55468763
bumblebee scene 3.mkv,1920,1080,300.633,24,7207,1095.494629,372.2027903,9,0.30004,0.86504,fast,210.39,135.772583,40.66484737,41.26,0.963019867,0.564293401
bumblebee scene 3.mkv,1920,1080,300.633,24,7207,1095.494629,372.2027903,9,0.30004,0.86504,medium,318.65,143.7050781,43.04069424,41.56,0.964325993,0.575037587
bumblebee scene 3.mkv,1920,1080,300.633,24,7207,1095.494629,372.2027903,9,0.30004,0.86504,slow,630.37,145.9118652,43.7016468,41.75,0.964915826,0.580264579
bumblebee scene 3.mkv,1920,1080,300.633,24,7207,1095.494629,372.2027903,9,0.30004,0.86504,slower,1540.85,141.9039307,42.50123787,41.85,0.965326799,0.582522774
bumblebee scene 4.mkv,1920,1080,240.323,24,5762,1095.494629,259.594182,7,0.10222,0.79566,superfast,89.68,50.65979004,12.13082218,45.05,0.982335927,0.340848801
bumblebee scene 4.mkv,1920,1080,240.323,24,5762,1095.494629,259.594182,7,0.10222,0.79566,veryfast,117.28,45.06091309,10.7901268,45.08,0.982512708,0.348095975
bumblebee scene 4.mkv,1920,1080,240.323,24,5762,1095.494629,259.594182,7,0.10222,0.79566,faster,117.17,45.05310059,10.78826046,45.09,0.982518427,0.350032066
bumblebee scene 4.mkv,1920,1080,240.323,24,5762,1095.494629,259.594182,7,0.10222,0.79566,fast,147.69,48.07702637,11.5123558,45.36,0.982987047,0.358172425
bumblebee scene 4.mkv,1920,1080,240.323,24,5762,1095.494629,259.594182,7,0.10222,0.79566,medium,224.82,47.05175781,11.26684761,45.39,0.982920226,0.364661553
bumblebee scene 4.mkv,1920,1080,240.323,24,5762,1095.494629,259.594182,7,0.10222,0.79566,slow,409.58,46.97119141,11.24757671,45.58,0.983132307,0.364314255
bumblebee scene 4.mkv,1920,1080,240.323,24,5762,1095.494629,259.594182,7,0.10222,0.79566,slower,893.2,43.70129395,10.46455765,45.65,0.983165069,0.366941008
bumblebee scene 5.mkv,1920,1080,241.574,24,5792,1095.494629,306.4209423,8,0.10642,0.86911,superfast,87.37,42.17834473,10.15247726,42.89,0.973375757,0.506210937
bumblebee scene 5.mkv,1920,1080,241.574,24,5792,1095.494629,306.4209423,8,0.10642,0.86911,veryfast,111.48,36.83325195,8.865854263,43.09,0.974431548,0.510363063
bumblebee scene 5.mkv,1920,1080,241.574,24,5792,1095.494629,306.4209423,8,0.10642,0.86911,faster,111.6,36.81933594,8.862512589,43.1,0.974390241,0.510520047
bumblebee scene 5.mkv,1920,1080,241.574,24,5792,1095.494629,306.4209423,8,0.10642,0.86911,fast,143.03,40.22009277,9.681111336,43.49,0.97562775,0.524985768
bumblebee scene 5.mkv,1920,1080,241.574,24,5792,1095.494629,306.4209423,8,0.10642,0.86911,medium,214.89,39.43579102,9.49229908,43.64,0.976067692,0.532710298
bumblebee scene 5.mkv,1920,1080,241.574,24,5792,1095.494629,306.4209423,8,0.10642,0.86911,slow,362.72,39.11889648,9.416040421,43.8,0.976337545,0.534980688
bumblebee scene 5.mkv,1920,1080,241.574,24,5792,1095.494629,306.4209423,8,0.10642,0.86911,slower,809.75,36.68127441,8.829277992,43.87,0.976524787,0.53826521
gravity.falls.s02e18.1080p.bluray.x264-taxes.mkv,1920,1080,1384.95,23.976,33204,640.625,1115.5765,157,0.34283,0.77526,superfast,485.92,992252,175256922,42.63,0.98925,0.999999982
gravity.falls.s02e18.1080p.bluray.x264-taxes.mkv,1920,1080,1384.95,23.976,33204,640.625,1115.5765,157,0.34283,0.77526,veryfast,615.43,947847,167413698,42.79,0.9906,0.999999983
gravity.falls.s02e18.1080p.bluray.x264-taxes.mkv,1920,1080,1384.95,23.976,33204,640.625,1115.5765,157,0.34283,0.77526,faster,616.82,947949,167431830,42.76,0.9906,0.999999983
gravity.falls.s02e18.1080p.bluray.x264-taxes.mkv,1920,1080,1384.95,23.976,33204,640.625,1115.5765,157,0.34283,0.77526,fast,748.97,959974,169555629,43.04,0.99105,0.999999983
gravity.falls.s02e18.1080p.bluray.x264-taxes.mkv,1920,1080,1384.95,23.976,33204,640.625,1115.5765,157,0.34283,0.77526,medium,1104.23,907180,160230964,43.23,0.99195,0.999999983
gravity.falls.s02e18.1080p.bluray.x264-taxes.mkv,1920,1080,1384.95,23.976,33204,640.625,1115.5765,157,0.34283,0.77526,slow,1988.14,873310,154248671,43.52,0.99225,0.999999984
gravity.falls.s02e18.1080p.bluray.x264-taxes.mkv,1920,1080,1384.95,23.976,33204,640.625,1115.5765,157,0.34283,0.77526,slower,5203.25,800236,141341939,43.72,0.9925,0.999999984
gravity.falls.s02e19.1080p.bluray.x264-taxes.mkv,1920,1080,1324.896,23.976,31764,677.9785,1115.6447,209,0.12441,0.44138,superfast,437.21,809480,136774126,42.63,0.9903,0.999999982
gravity.falls.s02e19.1080p.bluray.x264-taxes.mkv,1920,1080,1324.896,23.976,31764,677.9785,1115.6447,209,0.12441,0.44138,veryfast,548.84,776776,131248268,42.73,0.99185,0.999999983
gravity.falls.s02e19.1080p.bluray.x264-taxes.mkv,1920,1080,1324.896,23.976,31764,677.9785,1115.6447,209,0.12441,0.44138,faster,549.93,777664,131398375,42.8,0.99185,0.999999983
gravity.falls.s02e19.1080p.bluray.x264-taxes.mkv,1920,1080,1324.896,23.976,31764,677.9785,1115.6447,209,0.12441,0.44138,fast,667.66,796080,134510012,43.04,0.9922,0.999999983
gravity.falls.s02e19.1080p.bluray.x264-taxes.mkv,1920,1080,1324.896,23.976,31764,677.9785,1115.6447,209,0.12441,0.44138,medium,990.99,737583,124625969,43.19,0.99305,0.999999983
gravity.falls.s02e19.1080p.bluray.x264-taxes.mkv,1920,1080,1324.896,23.976,31764,677.9785,1115.6447,209,0.12441,0.44138,slow,1629.53,704307,119003477,43.52,0.99335,0.999999984
gravity.falls.s02e19.1080p.bluray.x264-taxes.mkv,1920,1080,1324.896,23.976,31764,677.9785,1115.6447,209,0.12441,0.44138,slower,4388.58,653595,110435039,43.73,0.99355,0.999999984
Hanna.S01E01.Forest.1080p.AMZN.WEB-DL.DDP5.1.H.264-NTG.mkv,1920,1080,2893.824,23.976,69382,909.9595947,2793.483319,7,0.08482,0.91085,superfast,994.74,47.21081543,136.1260576,46.52,0.985756235,0.722891591
Hanna.S01E01.Forest.1080p.AMZN.WEB-DL.DDP5.1.H.264-NTG.mkv,1920,1080,2893.824,23.976,69382,909.9595947,2793.483319,7,0.08482,0.91085,veryfast,1274.72,41.78442383,120.4797287,47.11,0.986562671,0.747582586
Hanna.S01E01.Forest.1080p.AMZN.WEB-DL.DDP5.1.H.264-NTG.mkv,1920,1080,2893.824,23.976,69382,909.9595947,2793.483319,7,0.08482,0.91085,faster,1273.11,41.78344727,120.4769068,47.29,0.986602518,0.75012492
Hanna.S01E01.Forest.1080p.AMZN.WEB-DL.DDP5.1.H.264-NTG.mkv,1920,1080,2893.824,23.976,69382,909.9595947,2793.483319,7,0.08482,0.91085,fast,1631.45,44.41174316,128.0552292,48.19,0.987274834,0.768423355
Hanna.S01E01.Forest.1080p.AMZN.WEB-DL.DDP5.1.H.264-NTG.mkv,1920,1080,2893.824,23.976,69382,909.9595947,2793.483319,7,0.08482,0.91085,medium,2471.49,45.40124512,130.908452,48.06,0.987452958,0.771895101
Hanna.S01E01.Forest.1080p.AMZN.WEB-DL.DDP5.1.H.264-NTG.mkv,1920,1080,2893.824,23.976,69382,909.9595947,2793.483319,7,0.08482,0.91085,slow,4325,45.83520508,132.159749,48.56,0.987701396,0.783780295
Hanna.S01E01.Forest.1080p.AMZN.WEB-DL.DDP5.1.H.264-NTG.mkv,1920,1080,2893.824,23.976,69382,909.9595947,2793.483319,7,0.08482,0.91085,slower,9662.28,43.52197266,125.4896936,48.9,0.987812401,0.789922492
Hanna.S01E07.1080p.AMZN.WEB-DL.DDP5.1.H.264.1-NTb.mkv,1920,1080,2999.424,23.976,71914,820.79,2404.197,14,0.14997,0.93259,superfast,1027.62,51,149,46.32,0.987966178,0.71893927
Hanna.S01E07.1080p.AMZN.WEB-DL.DDP5.1.H.264.1-NTb.mkv,1920,1080,2999.424,23.976,71914,820.79,2404.197,14,0.14997,0.93259,veryfast,1306.78,45.875,134,47.16,0.98882479,0.749416573
Hanna.S01E07.1080p.AMZN.WEB-DL.DDP5.1.H.264.1-NTb.mkv,1920,1080,2999.424,23.976,71914,820.79,2404.197,14,0.14997,0.93259,faster,1303.47,45.875,134,46.99,0.988814552,0.746883628
Hanna.S01E07.1080p.AMZN.WEB-DL.DDP5.1.H.264.1-NTb.mkv,1920,1080,2999.424,23.976,71914,820.79,2404.197,14,0.14997,0.93259,fast,1690.09,49,143,48.2,0.98962783,0.767142645
Hanna.S01E07.1080p.AMZN.WEB-DL.DDP5.1.H.264.1-NTb.mkv,1920,1080,2999.424,23.976,71914,820.79,2404.197,14,0.14997,0.93259,medium,2563.09,50.875,147,47.72,0.989812987,0.765238494
Hanna.S01E07.1080p.AMZN.WEB-DL.DDP5.1.H.264.1-NTb.mkv,1920,1080,2999.424,23.976,71914,820.79,2404.197,14,0.14997,0.93259,slow,4329.02,51.25,150,48.44,0.990156051,0.781311531
Hanna.S01E07.1080p.AMZN.WEB-DL.DDP5.1.H.264.1-NTb.mkv,1920,1080,2999.424,23.976,71914,820.79,2404.197,14,0.14997,0.93259,slower,9901.95,49.25,144,48.54,0.990212302,0.786035894
Hanna.S01E08.1080p.AMZN.WEB-DL.DDP5.1.H.264.1-NTb.mkv,1920,1080,2906.976,23.976,69697,854.5456543,2648.970993,16,0.22686,0.91719,superfast,1117.1,88.02539063,254.9613514,46.21,0.98599061,0.717151613
Hanna.S01E08.1080p.AMZN.WEB-DL.DDP5.1.H.264.1-NTb.mkv,1920,1080,2906.976,23.976,69697,854.5456543,2648.970993,16,0.22686,0.91719,veryfast,1444.43,81.79296875,236.9095268,46.87,0.98701233,0.741686908
Hanna.S01E08.1080p.AMZN.WEB-DL.DDP5.1.H.264.1-NTb.mkv,1920,1080,2906.976,23.976,69697,854.5456543,2648.970993,16,0.22686,0.91719,faster,1443.08,81.73535156,236.7427063,46.93,0.986977931,0.744365412
Hanna.S01E08.1080p.AMZN.WEB-DL.DDP5.1.H.264.1-NTb.mkv,1920,1080,2906.976,23.976,69697,854.5456543,2648.970993,16,0.22686,0.91719,fast,1854.42,85.60522461,247.95156,47.91,0.987924803,0.763244569
Hanna.S01E08.1080p.AMZN.WEB-DL.DDP5.1.H.264.1-NTb.mkv,1920,1080,2906.976,23.976,69697,854.5456543,2648.970993,16,0.22686,0.91719,medium,2734.15,90.48815918,262.0947323,47.62,0.988362307,0.760618506
Hanna.S01E08.1080p.AMZN.WEB-DL.DDP5.1.H.264.1-NTb.mkv,1920,1080,2906.976,23.976,69697,854.5456543,2648.970993,16,0.22686,0.91719,slow,5126.99,91.7076416,265.6269979,48.11,0.988776369,0.77255397
Hanna.S01E08.1080p.AMZN.WEB-DL.DDP5.1.H.264.1-NTb.mkv,1920,1080,2906.976,23.976,69697,854.5456543,2648.970993,16,0.22686,0.91719,slower,11850.49,88.65039063,256.7716722,48.33,0.988926169,0.778776353
Love.Death.and.Robots.S01E01.Sonnies.Edge.1080p.NF.WEB-DL.DDP5.1.x264-NTG.mkv,1920,1080,1034.432,24,24826,817.5930176,881.7144146,9,0.16213,0.86142,superfast,395.05,78.32092285,80.72407436,45.52,0.98795,0.614400244
Love.Death.and.Robots.S01E01.Sonnies.Edge.1080p.NF.WEB-DL.DDP5.1.x264-NTG.mkv,1920,1080,1034.432,24,24826,817.5930176,881.7144146,9,0.16213,0.86142,veryfast,513.76,72.26464844,74.48196888,49.24,0.9887,0.661250244
Love.Death.and.Robots.S01E01.Sonnies.Edge.1080p.NF.WEB-DL.DDP5.1.x264-NTG.mkv,1920,1080,1034.432,24,24826,817.5930176,881.7144146,9,0.16213,0.86142,faster,513.57,72.2019043,74.41723347,49.26,0.9887,0.661700049
Love.Death.and.Robots.S01E01.Sonnies.Edge.1080p.NF.WEB-DL.DDP5.1.x264-NTG.mkv,1920,1080,1034.432,24,24826,817.5930176,881.7144146,9,0.16213,0.86142,fast,644.08,75.49731445,77.81390572,49.35,0.9891,0.67085025
Love.Death.and.Robots.S01E01.Sonnies.Edge.1080p.NF.WEB-DL.DDP5.1.x264-NTG.mkv,1920,1080,1034.432,24,24826,817.5930176,881.7144146,9,0.16213,0.86142,medium,952.9,75.03320313,77.33542442,49.71,0.9893,0.676750293
Love.Death.and.Robots.S01E01.Sonnies.Edge.1080p.NF.WEB-DL.DDP5.1.x264-NTG.mkv,1920,1080,1034.432,24,24826,817.5930176,881.7144146,9,0.16213,0.86142,slow,1855.61,74.75964355,77.0535326,51.57,0.9895,0.698050439
Love.Death.and.Robots.S01E01.Sonnies.Edge.1080p.NF.WEB-DL.DDP5.1.x264-NTG.mkv,1920,1080,1034.432,24,24826,817.5930176,881.7144146,9,0.16213,0.86142,slower,4102.65,70.86083984,73.03505135,52.39,0.98975,0.706400488
Love.Death.and.Robots.S01E02.Three.Robots.1080p.NF.WEB-DL.DDP5.1.x264-NTG.mkv,1920,1080,696.448,24,16714,490.7226563,361.4448538,6,0.14999,0.92136,superfast,226.06,60.93725586,42.28456402,42.06,0.9864,0.6855
Love.Death.and.Robots.S01E02.Three.Robots.1080p.NF.WEB-DL.DDP5.1.x264-NTG.mkv,1920,1080,696.448,24,16714,490.7226563,361.4448538,6,0.14999,0.92136,veryfast,284.29,57.06640625,39.59859276,45.8,0.98885,0.73875
Love.Death.and.Robots.S01E02.Three.Robots.1080p.NF.WEB-DL.DDP5.1.x264-NTG.mkv,1920,1080,696.448,24,16714,490.7226563,361.4448538,6,0.14999,0.92136,faster,284.88,57.03588867,39.5774231,45.8,0.98885,0.73875
Love.Death.and.Robots.S01E02.Three.Robots.1080p.NF.WEB-DL.DDP5.1.x264-NTG.mkv,1920,1080,696.448,24,16714,490.7226563,361.4448538,6,0.14999,0.92136,fast,373.35,60.31811523,41.85499954,45.86,0.9895,0.745506316
Love.Death.and.Robots.S01E02.Three.Robots.1080p.NF.WEB-DL.DDP5.1.x264-NTG.mkv,1920,1080,696.448,24,16714,490.7226563,361.4448538,6,0.14999,0.92136,medium,547.27,62.22558594,43.17854881,46.18,0.98995,0.753449999
Love.Death.and.Robots.S01E02.Three.Robots.1080p.NF.WEB-DL.DDP5.1.x264-NTG.mkv,1920,1080,696.448,24,16714,490.7226563,361.4448538,6,0.14999,0.92136,slow,905.87,63.15148926,43.8210516,48.68,0.99045,0.781050049
Love.Death.and.Robots.S01E02.Three.Robots.1080p.NF.WEB-DL.DDP5.1.x264-NTG.mkv,1920,1080,696.448,24,16714,490.7226563,361.4448538,6,0.14999,0.92136,slower,2204.9,60.18041992,41.75938988,49.02,0.9907,0.786200049
Love.Death.and.Robots.S01E03.The.Witness.1080p.NF.WEB-DL.DDP5.1.x264-NTG.mkv,1920,1080,726.432,24,17434,831.2988281,611.453145,32,0.25827,0.89424,superfast,302.8,139.3083496,100.8306828,42.19,0.97485,0.629400049
Love.Death.and.Robots.S01E03.The.Witness.1080p.NF.WEB-DL.DDP5.1.x264-NTG.mkv,1920,1080,726.432,24,17434,831.2988281,611.453145,32,0.25827,0.89424,veryfast,395.54,127.4399414,92.24041557,46.16,0.977,0.68175
Love.Death.and.Robots.S01E03.The.Witness.1080p.NF.WEB-DL.DDP5.1.x264-NTG.mkv,1920,1080,726.432,24,17434,831.2988281,611.453145,32,0.25827,0.89424,faster,396.65,127.3358154,92.16501713,46.16,0.97705,0.6818
Love.Death.and.Robots.S01E03.The.Witness.1080p.NF.WEB-DL.DDP5.1.x264-NTG.mkv,1920,1080,726.432,24,17434,831.2988281,611.453145,32,0.25827,0.89424,fast,480.21,130.1043701,94.1688776,46.39,0.97745,0.68622473
Love.Death.and.Robots.S01E03.The.Witness.1080p.NF.WEB-DL.DDP5.1.x264-NTG.mkv,1920,1080,726.432,24,17434,831.2988281,611.453145,32,0.25827,0.89424,medium,717.72,131.3205566,95.04916286,46.57,0.9779,0.692248486
Love.Death.and.Robots.S01E03.The.Witness.1080p.NF.WEB-DL.DDP5.1.x264-NTG.mkv,1920,1080,726.432,24,17434,831.2988281,611.453145,32,0.25827,0.89424,slow,1444.36,133.1176758,96.34990692,49.27,0.9784,0.718750098
Love.Death.and.Robots.S01E03.The.Witness.1080p.NF.WEB-DL.DDP5.1.x264-NTG.mkv,1920,1080,726.432,24,17434,831.2988281,611.453145,32,0.25827,0.89424,slower,3483.93,127.3392334,92.16744709,49.57,0.97875,0.722200098
Love.Death.and.Robots.S01E04.Suits.1080p.NF.WEB-DL.DDP5.1.x264-NTG.mkv,1920,1080,1042.432,24,25018,654.296875,693.225563,21,0.21593,0.85895,superfast,409.43,88.92236328,92.35955334,43.17,0.9909,0.675800049
Love.Death.and.Robots.S01E04.Suits.1080p.NF.WEB-DL.DDP5.1.x264-NTG.mkv,1920,1080,1042.432,24,25018,654.296875,693.225563,21,0.21593,0.85895,veryfast,535.12,82.70007324,85.89683247,47.09,0.9921,0.723850098
Love.Death.and.Robots.S01E04.Suits.1080p.NF.WEB-DL.DDP5.1.x264-NTG.mkv,1920,1080,1042.432,24,25018,654.296875,693.225563,21,0.21593,0.85895,faster,536.47,82.64819336,85.84291363,47.05,0.9921,0.723450098
Love.Death.and.Robots.S01E04.Suits.1080p.NF.WEB-DL.DDP5.1.x264-NTG.mkv,1920,1080,1042.432,24,25018,654.296875,693.225563,21,0.21593,0.85895,fast,661.34,85.89575195,89.21595955,47.18,0.992599902,0.732525368
Love.Death.and.Robots.S01E04.Suits.1080p.NF.WEB-DL.DDP5.1.x264-NTG.mkv,1920,1080,1042.432,24,25018,654.296875,693.225563,21,0.21593,0.85895,medium,983.27,82.85327148,86.05593204,47.47,0.9931,0.742200095
Love.Death.and.Robots.S01E04.Suits.1080p.NF.WEB-DL.DDP5.1.x264-NTG.mkv,1920,1080,1042.432,24,25018,654.296875,693.225563,21,0.21593,0.85895,slow,1932.29,82.66870117,85.86418152,50.37,0.9935,0.772099951
Love.Death.and.Robots.S01E04.Suits.1080p.NF.WEB-DL.DDP5.1.x264-NTG.mkv,1920,1080,1042.432,24,25018,654.296875,693.225563,21,0.21593,0.85895,slower,4394.93,77.0994873,80.0797863,50.49,0.99375,0.774950195
Love.Death.and.Robots.S01E05.Sucker.of.Souls.1080p.NF.WEB-DL.DDP5.1.x264-NTG.mkv,1920,1080,780.448,24,18730,515.1367188,424.6321201,34,0.23666,0.80546,superfast,293.23,118.6116943,92.23251343,42.19,0.9865,0.650700049
Love.Death.and.Robots.S01E05.Sucker.of.Souls.1080p.NF.WEB-DL.DDP5.1.x264-NTG.mkv,1920,1080,780.448,24,18730,515.1367188,424.6321201,34,0.23666,0.80546,veryfast,371.66,111.2330322,86.49474335,46.18,0.98865,0.703550049
Love.Death.and.Robots.S01E05.Sucker.of.Souls.1080p.NF.WEB-DL.DDP5.1.x264-NTG.mkv,1920,1080,780.448,24,18730,515.1367188,424.6321201,34,0.23666,0.80546,faster,373.16,111.1634521,86.44073296,46.18,0.98865,0.703950049
Love.Death.and.Robots.S01E05.Sucker.of.Souls.1080p.NF.WEB-DL.DDP5.1.x264-NTG.mkv,1920,1080,780.448,24,18730,515.1367188,424.6321201,34,0.23666,0.80546,fast,464.03,113.8225098,88.50843239,46.3,0.989349805,0.714858852
Love.Death.and.Robots.S01E05.Sucker.of.Souls.1080p.NF.WEB-DL.DDP5.1.x264-NTG.mkv,1920,1080,780.448,24,18730,515.1367188,424.6321201,34,0.23666,0.80546,medium,671.16,108.0953369,84.05501938,46.55,0.99005,0.722500049
Love.Death.and.Robots.S01E05.Sucker.of.Souls.1080p.NF.WEB-DL.DDP5.1.x264-NTG.mkv,1920,1080,780.448,24,18730,515.1367188,424.6321201,34,0.23666,0.80546,slow,1225.26,109.3840332,85.05709553,49.32,0.9907,0.753450146
Love.Death.and.Robots.S01E05.Sucker.of.Souls.1080p.NF.WEB-DL.DDP5.1.x264-NTG.mkv,1920,1080,780.448,24,18730,515.1367188,424.6321201,34,0.23666,0.80546,slower,2983.87,100.333374,78.0193224,49.53,0.9911,0.758900098
Love.Death.and.Robots.S01E06.When.the.Yogurt.Took.Over.1080p.NF.WEB-DL.DDP5.1.x264-NTG.mkv,1920,1080,380.448,24,9130,402.0966797,169.9555578,22,0.30209,0.86962,superfast,120.33,53.00146484,20.08987236,43.97,0.9904,0.689900195
Love.Death.and.Robots.S01E06.When.the.Yogurt.Took.Over.1080p.NF.WEB-DL.DDP5.1.x264-NTG.mkv,1920,1080,380.448,24,9130,402.0966797,169.9555578,22,0.30209,0.86962,veryfast,154.11,48.82470703,18.50669575,47.68,0.99195,0.743199438
Love.Death.and.Robots.S01E06.When.the.Yogurt.Took.Over.1080p.NF.WEB-DL.DDP5.1.x264-NTG.mkv,1920,1080,380.448,24,9130,402.0966797,169.9555578,22,0.30209,0.86962,faster,154.17,48.78027344,18.48989391,47.79,0.992,0.744000122
Love.Death.and.Robots.S01E06.When.the.Yogurt.Took.Over.1080p.NF.WEB-DL.DDP5.1.x264-NTG.mkv,1920,1080,380.448,24,9130,402.0966797,169.9555578,22,0.30209,0.86962,fast,194.04,51.05371094,19.35160732,47.86,0.9924,0.750250244
Love.Death.and.Robots.S01E06.When.the.Yogurt.Took.Over.1080p.NF.WEB-DL.DDP5.1.x264-NTG.mkv,1920,1080,380.448,24,9130,402.0966797,169.9555578,22,0.30209,0.86962,medium,290.18,50.12609863,19.00001907,48.28,0.9928,0.758600244
Love.Death.and.Robots.S01E06.When.the.Yogurt.Took.Over.1080p.NF.WEB-DL.DDP5.1.x264-NTG.mkv,1920,1080,380.448,24,9130,402.0966797,169.9555578,22,0.30209,0.86962,slow,488.74,49.4119873,18.72933483,50.48,0.99315,0.782650342
Love.Death.and.Robots.S01E06.When.the.Yogurt.Took.Over.1080p.NF.WEB-DL.DDP5.1.x264-NTG.mkv,1920,1080,380.448,24,9130,402.0966797,169.9555578,22,0.30209,0.86962,slower,1140.93,46.7232666,17.71017933,51.15,0.99335,0.789950391
Love.Death.and.Robots.S01E07.Beyond.the.Aquila.Rift.1080p.NF.WEB-DL.DDP5.1.x264-NTG.mkv,1920,1080,996.448,24,23914,562.3924561,601.0414085,10,0.14313,0.88018,superfast,350.33,58.96948242,58.54604912,43.67,0.9901,0.672700146
Love.Death.and.Robots.S01E07.Beyond.the.Aquila.Rift.1080p.NF.WEB-DL.DDP5.1.x264-NTG.mkv,1920,1080,996.448,24,23914,562.3924561,601.0414085,10,0.14313,0.88018,veryfast,449.66,53.67053223,53.28517342,47.51,0.99145,0.723500043
Love.Death.and.Robots.S01E07.Beyond.the.Aquila.Rift.1080p.NF.WEB-DL.DDP5.1.x264-NTG.mkv,1920,1080,996.448,24,23914,562.3924561,601.0414085,10,0.14313,0.88018,faster,449.47,53.64160156,53.2564497,47.59,0.99155,0.724700146
Love.Death.and.Robots.S01E07.Beyond.the.Aquila.Rift.1080p.NF.WEB-DL.DDP5.1.x264-NTG.mkv,1920,1080,996.448,24,23914,562.3924561,601.0414085,10,0.14313,0.88018,fast,580.04,57.24194336,56.8309269,47.58,0.992,0.730961174
Love.Death.and.Robots.S01E07.Beyond.the.Aquila.Rift.1080p.NF.WEB-DL.DDP5.1.x264-NTG.mkv,1920,1080,996.448,24,23914,562.3924561,601.0414085,10,0.14313,0.88018,medium,845.84,58.12243652,57.70515919,47.82,0.99215,0.737850195
Love.Death.and.Robots.S01E07.Beyond.the.Aquila.Rift.1080p.NF.WEB-DL.DDP5.1.x264-NTG.mkv,1920,1080,996.448,24,23914,562.3924561,601.0414085,10,0.14313,0.88018,slow,1520.27,58.47912598,58.0593462,50.69,0.9925,0.766200194
Love.Death.and.Robots.S01E07.Beyond.the.Aquila.Rift.1080p.NF.WEB-DL.DDP5.1.x264-NTG.mkv,1920,1080,996.448,24,23914,562.3924561,601.0414085,10,0.14313,0.88018,slower,3440.8,55.63903809,55.23952675,50.97,0.99265,0.769650216
Love.Death.and.Robots.S01E08.Good.Hunting.1080p.NF.WEB-DL.DDP5.1.x264-NTG.mkv,1920,1080,1032.448,24,24778,289.3066406,342.2180662,18,0.25317,0.89664,superfast,344.18,60.08642578,61.81027794,42.52,0.99085,0.6825
Love.Death.and.Robots.S01E08.Good.Hunting.1080p.NF.WEB-DL.DDP5.1.x264-NTG.mkv,1920,1080,1032.448,24,24778,289.3066406,342.2180662,18,0.25317,0.89664,veryfast,435.28,55.68334961,57.28091335,46.4,0.9927,0.734448486
Love.Death.and.Robots.S01E08.Good.Hunting.1080p.NF.WEB-DL.DDP5.1.x264-NTG.mkv,1920,1080,1032.448,24,24778,289.3066406,342.2180662,18,0.25317,0.89664,faster,435.77,55.68115234,57.27866268,46.4,0.99275,0.734499268
Love.Death.and.Robots.S01E08.Good.Hunting.1080p.NF.WEB-DL.DDP5.1.x264-NTG.mkv,1920,1080,1032.448,24,24778,289.3066406,342.2180662,18,0.25317,0.89664,fast,552.72,59.3001709,61.00150299,46.61,0.9934,0.744776692
Love.Death.and.Robots.S01E08.Good.Hunting.1080p.NF.WEB-DL.DDP5.1.x264-NTG.mkv,1920,1080,1032.448,24,24778,289.3066406,342.2180662,18,0.25317,0.89664,medium,785.39,54.12780762,55.6807127,46.9,0.994,0.75404917
Love.Death.and.Robots.S01E08.Good.Hunting.1080p.NF.WEB-DL.DDP5.1.x264-NTG.mkv,1920,1080,1032.448,24,24778,289.3066406,342.2180662,18,0.25317,0.89664,slow,1288.81,53.66955566,55.20937538,49.54,0.99435,0.780800195
Love.Death.and.Robots.S01E08.Good.Hunting.1080p.NF.WEB-DL.DDP5.1.x264-NTG.mkv,1920,1080,1032.448,24,24778,289.3066406,342.2180662,18,0.25317,0.89664,slower,3064.29,48.85534668,50.2570343,49.86,0.99455,0.785600146
Love.Death.and.Robots.S01E09.The.Dump.1080p.NF.WEB-DL.DDP5.1.x264-NTG.mkv,1920,1080,634.432,24,15226,525.706665,359.9583921,6,0.16281,0.87744,superfast,227.83,66.88464355,42.27960491,42.56,0.9894,0.677200049
Love.Death.and.Robots.S01E09.The.Dump.1080p.NF.WEB-DL.DDP5.1.x264-NTG.mkv,1920,1080,634.432,24,15226,525.706665,359.9583921,6,0.16281,0.87744,veryfast,299.03,61.32678223,38.76632309,46.48,0.99115,0.730050097
Love.Death.and.Robots.S01E09.The.Dump.1080p.NF.WEB-DL.DDP5.1.x264-NTG.mkv,1920,1080,634.432,24,15226,525.706665,359.9583921,6,0.16281,0.87744,faster,298.6,61.28356934,38.73895359,46.48,0.99115,0.730150097
Love.Death.and.Robots.S01E09.The.Dump.1080p.NF.WEB-DL.DDP5.1.x264-NTG.mkv,1920,1080,634.432,24,15226,525.706665,359.9583921,6,0.16281,0.87744,fast,374.18,63.9050293,40.39605904,46.72,0.99155,0.737140406
Love.Death.and.Robots.S01E09.The.Dump.1080p.NF.WEB-DL.DDP5.1.x264-NTG.mkv,1920,1080,634.432,24,15226,525.706665,359.9583921,6,0.16281,0.87744,medium,565.31,63.49682617,40.13802624,46.87,0.991799973,0.744249545
Love.Death.and.Robots.S01E09.The.Dump.1080p.NF.WEB-DL.DDP5.1.x264-NTG.mkv,1920,1080,634.432,24,15226,525.706665,359.9583921,6,0.16281,0.87744,slow,1063.53,63.5177002,40.15125561,49.49,0.9921,0.770800098
Love.Death.and.Robots.S01E09.The.Dump.1080p.NF.WEB-DL.DDP5.1.x264-NTG.mkv,1920,1080,634.432,24,15226,525.706665,359.9583921,6,0.16281,0.87744,slower,2367.64,60.0435791,37.9551363,49.97,0.9923,0.776300049
Love.Death.and.Robots.S01E10.Shape-Shifters.1080p.NF.WEB-DL.DDP5.1.x264-NTG.mkv,1920,1080,970.432,24,23290,654.296875,647.6422443,10,0.18503,0.86892,superfast,362.45,72.03881836,69.65528393,42.04,0.98605,0.6424
Love.Death.and.Robots.S01E10.Shape-Shifters.1080p.NF.WEB-DL.DDP5.1.x264-NTG.mkv,1920,1080,970.432,24,23290,654.296875,647.6422443,10,0.18503,0.86892,veryfast,479.17,66.6895752,64.48314285,45.9,0.9879,0.693250049
Love.Death.and.Robots.S01E10.Shape-Shifters.1080p.NF.WEB-DL.DDP5.1.x264-NTG.mkv,1920,1080,970.432,24,23290,654.296875,647.6422443,10,0.18503,0.86892,faster,471.8,66.61315918,64.40924358,45.9,0.98795,0.6933
Love.Death.and.Robots.S01E10.Shape-Shifters.1080p.NF.WEB-DL.DDP5.1.x264-NTG.mkv,1920,1080,970.432,24,23290,654.296875,647.6422443,10,0.18503,0.86892,fast,595.84,69.78381348,67.47492504,45.88,0.9884,0.697897003
Love.Death.and.Robots.S01E10.Shape-Shifters.1080p.NF.WEB-DL.DDP5.1.x264-NTG.mkv,1920,1080,970.432,24,23290,654.296875,647.6422443,10,0.18503,0.86892,medium,882.57,70.46411133,68.13269997,46.08,0.98875,0.7043
Love.Death.and.Robots.S01E10.Shape-Shifters.1080p.NF.WEB-DL.DDP5.1.x264-NTG.mkv,1920,1080,970.432,24,23290,654.296875,647.6422443,10,0.18503,0.86892,slow,1651.49,71.38208008,69.0203352,48.7,0.98915,0.733149817
Love.Death.and.Robots.S01E10.Shape-Shifters.1080p.NF.WEB-DL.DDP5.1.x264-NTG.mkv,1920,1080,970.432,24,23290,654.296875,647.6422443,10,0.18503,0.86892,slower,3690.26,68.60974121,66.33977604,49.08,0.9893,0.7373
Love.Death.and.Robots.S01E11.Helping.Hand.1080p.NF.WEB-DL.DDP5.1.x264-NTG.mkv,1920,1080,604.448,24,14506,424.8046875,274.2544537,6,0.13804,0.90292,superfast,197.87,50.51794434,30.42370319,42.57,0.9884,0.65165
Love.Death.and.Robots.S01E11.Helping.Hand.1080p.NF.WEB-DL.DDP5.1.x264-NTG.mkv,1920,1080,604.448,24,14506,424.8046875,274.2544537,6,0.13804,0.90292,veryfast,253.57,46.02062988,27.71527481,46.47,0.99015,0.704000049
Love.Death.and.Robots.S01E11.Helping.Hand.1080p.NF.WEB-DL.DDP5.1.x264-NTG.mkv,1920,1080,604.448,24,14506,424.8046875,274.2544537,6,0.13804,0.90292,faster,253.53,45.98059082,27.69112682,46.47,0.99015,0.704050049
Love.Death.and.Robots.S01E11.Helping.Hand.1080p.NF.WEB-DL.DDP5.1.x264-NTG.mkv,1920,1080,604.448,24,14506,424.8046875,274.2544537,6,0.13804,0.90292,fast,330.06,49.32128906,29.70301914,46.68,0.9906,0.713074756
Love.Death.and.Robots.S01E11.Helping.Hand.1080p.NF.WEB-DL.DDP5.1.x264-NTG.mkv,1920,1080,604.448,24,14506,424.8046875,274.2544537,6,0.13804,0.90292,medium,482.7,49.60046387,29.87114716,46.84,0.9907,0.716700049
Love.Death.and.Robots.S01E11.Helping.Hand.1080p.NF.WEB-DL.DDP5.1.x264-NTG.mkv,1920,1080,604.448,24,14506,424.8046875,274.2544537,6,0.13804,0.90292,slow,819.49,49.28796387,29.68292618,49.53,0.99105,0.743800098
Love.Death.and.Robots.S01E11.Helping.Hand.1080p.NF.WEB-DL.DDP5.1.x264-NTG.mkv,1920,1080,604.448,24,14506,424.8046875,274.2544537,6,0.13804,0.90292,slower,1876.75,46.45507813,27.97687244,49.91,0.99115,0.748000098
Love.Death.and.Robots.S01E12.Fish.Night.1080p.NF.WEB-DL.DDP5.1.x264-NTG.mkv,1920,1080,614.432,24,14746,528.9412842,350.4987516,16,0.29201,0.90233,superfast,207.66,76.484375,46.82369328,42.52,0.9884,0.6661
Love.Death.and.Robots.S01E12.Fish.Night.1080p.NF.WEB-DL.DDP5.1.x264-NTG.mkv,1920,1080,614.432,24,14746,528.9412842,350.4987516,16,0.29201,0.90233,veryfast,265.88,71.37658691,43.69667149,46.36,0.9904,0.7204
Love.Death.and.Robots.S01E12.Fish.Night.1080p.NF.WEB-DL.DDP5.1.x264-NTG.mkv,1920,1080,614.432,24,14746,528.9412842,350.4987516,16,0.29201,0.90233,faster,265.9,71.29919434,43.64929771,46.36,0.9904,0.7204
Love.Death.and.Robots.S01E12.Fish.Night.1080p.NF.WEB-DL.DDP5.1.x264-NTG.mkv,1920,1080,614.432,24,14746,528.9412842,350.4987516,16,0.29201,0.90233,fast,348.86,77.33129883,47.34216595,46.57,0.99145,0.733934544
Love.Death.and.Robots.S01E12.Fish.Night.1080p.NF.WEB-DL.DDP5.1.x264-NTG.mkv,1920,1080,614.432,24,14746,528.9412842,350.4987516,16,0.29201,0.90233,medium,504.36,75.02893066,45.9326725,46.84,0.99205,0.743999692
Love.Death.and.Robots.S01E12.Fish.Night.1080p.NF.WEB-DL.DDP5.1.x264-NTG.mkv,1920,1080,614.432,24,14746,528.9412842,350.4987516,16,0.29201,0.90233,slow,888.01,75.0267334,45.93133163,49.47,0.9926,0.772050146
Love.Death.and.Robots.S01E12.Fish.Night.1080p.NF.WEB-DL.DDP5.1.x264-NTG.mkv,1920,1080,614.432,24,14746,528.9412842,350.4987516,16,0.29201,0.90233,slower,2117.37,70.0456543,42.88192463,49.79,0.99285,0.776700098
Love.Death.and.Robots.S01E13.Lucky.13.1080p.NF.WEB-DL.DDP5.1.x264-NTG.mkv,1920,1080,888.448,24,21322,755.6152344,680.450242,15,0.17377,0.87726,superfast,355.41,93.51708984,82.78232479,43.93,0.98665,0.646750195
Love.Death.and.Robots.S01E13.Lucky.13.1080p.NF.WEB-DL.DDP5.1.x264-NTG.mkv,1920,1080,888.448,24,21322,755.6152344,680.450242,15,0.17377,0.87726,veryfast,468.79,85.65771484,75.8250227,47.76,0.98805,0.697300244
Love.Death.and.Robots.S01E13.Lucky.13.1080p.NF.WEB-DL.DDP5.1.x264-NTG.mkv,1920,1080,888.448,24,21322,755.6152344,680.450242,15,0.17377,0.87726,faster,468.95,85.55566406,75.73477364,47.8,0.98805,0.697450244
Love.Death.and.Robots.S01E13.Lucky.13.1080p.NF.WEB-DL.DDP5.1.x264-NTG.mkv,1920,1080,888.448,24,21322,755.6152344,680.450242,15,0.17377,0.87726,fast,577.69,87.97216797,77.87386227,47.88,0.98855,0.703000243
Love.Death.and.Robots.S01E13.Lucky.13.1080p.NF.WEB-DL.DDP5.1.x264-NTG.mkv,1920,1080,888.448,24,21322,755.6152344,680.450242,15,0.17377,0.87726,medium,873.33,88.18457031,78.06188774,48.27,0.98895,0.712197461
Love.Death.and.Robots.S01E13.Lucky.13.1080p.NF.WEB-DL.DDP5.1.x264-NTG.mkv,1920,1080,888.448,24,21322,755.6152344,680.450242,15,0.17377,0.87726,slow,1699.96,87.64611816,77.58526134,50.54,0.98925,0.735950183
Love.Death.and.Robots.S01E13.Lucky.13.1080p.NF.WEB-DL.DDP5.1.x264-NTG.mkv,1920,1080,888.448,24,21322,755.6152344,680.450242,15,0.17377,0.87726,slower,3844.27,83.27502441,73.71593285,51.06,0.9894,0.741300342
Love.Death.and.Robots.S01E14.Zima.Blue.1080p.NF.WEB-DL.DDP5.1.x264-NTG.mkv,1920,1080,624.448,24,14986,542.505249,364.5730247,30,0.31701,0.90323,superfast,212.46,67.9420166,42.27099991,43.66,0.9897,0.695400049
Love.Death.and.Robots.S01E14.Zima.Blue.1080p.NF.WEB-DL.DDP5.1.x264-NTG.mkv,1920,1080,624.448,24,14986,542.505249,364.5730247,30,0.31701,0.90323,veryfast,275.28,62.92956543,39.15248775,47.61,0.99145,0.750050049
Love.Death.and.Robots.S01E14.Zima.Blue.1080p.NF.WEB-DL.DDP5.1.x264-NTG.mkv,1920,1080,624.448,24,14986,542.505249,364.5730247,30,0.31701,0.90323,faster,263.55,62.91210938,39.14157963,47.61,0.99145,0.750150049
Love.Death.and.Robots.S01E14.Zima.Blue.1080p.NF.WEB-DL.DDP5.1.x264-NTG.mkv,1920,1080,624.448,24,14986,542.505249,364.5730247,30,0.31701,0.90323,fast,335.23,66.32849121,41.26707745,47.83,0.99195,0.758922621
Love.Death.and.Robots.S01E14.Zima.Blue.1080p.NF.WEB-DL.DDP5.1.x264-NTG.mkv,1920,1080,624.448,24,14986,542.505249,364.5730247,30,0.31701,0.90323,medium,488.21,65.3605957,40.66493034,48,0.9924,0.766049805
Love.Death.and.Robots.S01E14.Zima.Blue.1080p.NF.WEB-DL.DDP5.1.x264-NTG.mkv,1920,1080,624.448,24,14986,542.505249,364.5730247,30,0.31701,0.90323,slow,837.24,65.39770508,40.68805599,50.74,0.9928,0.794200049
Love.Death.and.Robots.S01E14.Zima.Blue.1080p.NF.WEB-DL.DDP5.1.x264-NTG.mkv,1920,1080,624.448,24,14986,542.505249,364.5730247,30,0.31701,0.90323,slower,2028.42,61.34448242,38.16627502,51.01,0.993,0.797950146
Love.Death.and.Robots.S01E15.Blindspot.1080p.NF.WEB-DL.DDP5.1.x264-NTG.mkv,1920,1080,524.448,24,12586,334.4726563,193.4730911,21,0.15209,0.83506,superfast,187.85,53.67578125,28.04692078,42.57,0.99205,0.657800049
Love.Death.and.Robots.S01E15.Blindspot.1080p.NF.WEB-DL.DDP5.1.x264-NTG.mkv,1920,1080,524.448,24,12586,334.4726563,193.4730911,21,0.15209,0.83506,veryfast,242.82,48.85961914,25.53033447,46.46,0.99345,0.707750049
Love.Death.and.Robots.S01E15.Blindspot.1080p.NF.WEB-DL.DDP5.1.x264-NTG.mkv,1920,1080,524.448,24,12586,334.4726563,193.4730911,21,0.15209,0.83506,faster,243.42,48.87719727,25.5395546,46.46,0.99345,0.707800049
Love.Death.and.Robots.S01E15.Blindspot.1080p.NF.WEB-DL.DDP5.1.x264-NTG.mkv,1920,1080,524.448,24,12586,334.4726563,193.4730911,21,0.15209,0.83506,fast,298.17,50.57409668,26.4262104,46.7,0.9938,0.716181498
Love.Death.and.Robots.S01E15.Blindspot.1080p.NF.WEB-DL.DDP5.1.x264-NTG.mkv,1920,1080,524.448,24,12586,334.4726563,193.4730911,21,0.15209,0.83506,medium,444.04,47.38439941,24.75946236,46.81,0.99405,0.724900097
Love.Death.and.Robots.S01E15.Blindspot.1080p.NF.WEB-DL.DDP5.1.x264-NTG.mkv,1920,1080,524.448,24,12586,334.4726563,193.4730911,21,0.15209,0.83506,slow,788.51,46.20751953,24.14454079,49.51,0.99435,0.751500146
Love.Death.and.Robots.S01E15.Blindspot.1080p.NF.WEB-DL.DDP5.1.x264-NTG.mkv,1920,1080,524.448,24,12586,334.4726563,193.4730911,21,0.15209,0.83506,slower,1839.8,42.05883789,21.97680378,49.83,0.9945,0.755950098
Love.Death.and.Robots.S01E16.Ice.Age.1080p.NF.WEB-DL.DDP5.1.x264-NTG.mkv,1920,1080,630.432,24,15130,526.493042,358.1271877,16,0.13178,0.90877,superfast,216.41,51.82556152,32.55381393,43.19,0.9883,0.658400049
Love.Death.and.Robots.S01E16.Ice.Age.1080p.NF.WEB-DL.DDP5.1.x264-NTG.mkv,1920,1080,630.432,24,15130,526.493042,358.1271877,16,0.13178,0.90877,veryfast,284.34,46.60705566,29.27581596,47.15,0.98975,0.710800049
Love.Death.and.Robots.S01E16.Ice.Age.1080p.NF.WEB-DL.DDP5.1.x264-NTG.mkv,1920,1080,630.432,24,15130,526.493042,358.1271877,16,0.13178,0.90877,faster,283.54,46.59020996,29.26520634,47.15,0.98975,0.710800049
Love.Death.and.Robots.S01E16.Ice.Age.1080p.NF.WEB-DL.DDP5.1.x264-NTG.mkv,1920,1080,630.432,24,15130,526.493042,358.1271877,16,0.13178,0.90877,fast,356.56,48.94140625,30.74211216,47.29,0.990099805,0.715920304
Love.Death.and.Robots.S01E16.Ice.Age.1080p.NF.WEB-DL.DDP5.1.x264-NTG.mkv,1920,1080,630.432,24,15130,526.493042,358.1271877,16,0.13178,0.90877,medium,544.28,47.80029297,30.02534485,47.49,0.9902,0.721350049
Love.Death.and.Robots.S01E16.Ice.Age.1080p.NF.WEB-DL.DDP5.1.x264-NTG.mkv,1920,1080,630.432,24,15130,526.493042,358.1271877,16,0.13178,0.90877,slow,984.7,47.82348633,30.03989887,50.33,0.99045,0.749650098
Love.Death.and.Robots.S01E16.Ice.Age.1080p.NF.WEB-DL.DDP5.1.x264-NTG.mkv,1920,1080,630.432,24,15130,526.493042,358.1271877,16,0.13178,0.90877,slower,2165.59,45.32751465,28.4720602,50.53,0.9906,0.752500098
Love.Death.and.Robots.S01E18.The.Secret.War.1080p.NF.WEB-DL.DDP5.1.x264-NTG.mkv,1920,1080,982.432,24,23578,868.3200684,886.0022898,23,0.18962,0.8581,superfast,416.05,124.852417,122.2144222,45.52,0.9738,0.591650244
Love.Death.and.Robots.S01E18.The.Secret.War.1080p.NF.WEB-DL.DDP5.1.x264-NTG.mkv,1920,1080,982.432,24,23578,868.3200684,886.0022898,23,0.18962,0.8581,veryfast,555.76,114.1702881,111.7579546,49.14,0.97475,0.638150293
Love.Death.and.Robots.S01E18.The.Secret.War.1080p.NF.WEB-DL.DDP5.1.x264-NTG.mkv,1920,1080,982.432,24,23578,868.3200684,886.0022898,23,0.18962,0.8581,faster,552.11,114.0140381,111.605093,49.36,0.97475,0.640650049
Love.Death.and.Robots.S01E18.The.Secret.War.1080p.NF.WEB-DL.DDP5.1.x264-NTG.mkv,1920,1080,982.432,24,23578,868.3200684,886.0022898,23,0.18962,0.8581,fast,690.89,117.9332275,115.4414263,49.47,0.9756,0.649300199
Love.Death.and.Robots.S01E18.The.Secret.War.1080p.NF.WEB-DL.DDP5.1.x264-NTG.mkv,1920,1080,982.432,24,23578,868.3200684,886.0022898,23,0.18962,0.8581,medium,1029.86,122.5645752,119.9748507,49.64,0.9762,0.652750244
Love.Death.and.Robots.S01E18.The.Secret.War.1080p.NF.WEB-DL.DDP5.1.x264-NTG.mkv,1920,1080,982.432,24,23578,868.3200684,886.0022898,23,0.18962,0.8581,slow,2148.49,125.7814941,123.1237707,51.68,0.9768,0.677550439
Love.Death.and.Robots.S01E18.The.Secret.War.1080p.NF.WEB-DL.DDP5.1.x264-NTG.mkv,1920,1080,982.432,24,23578,868.3200684,886.0022898,23,0.18962,0.8581,slower,4986.92,122.114502,119.5343609,52.39,0.97715,0.683450384
Tumbbad cut 1.mkv,1920,816,121.457,24,2914,612.875,81.89019871,2,0.06957,0.89584,superfast,32.92,55.375,6.54,44.02,0.966412712,0.407463185
Tumbbad cut 1.mkv,1920,816,121.457,24,2914,612.875,81.89019871,2,0.06957,0.89584,veryfast,41.13,52,6.14,44.16,0.96730704,0.401763378
Tumbbad cut 1.mkv,1920,816,121.457,24,2914,612.875,81.89019871,2,0.06957,0.89584,faster,41.14,52,6.14,44.16,0.967311862,0.400808388
Tumbbad cut 1.mkv,1920,816,121.457,24,2914,612.875,81.89019871,2,0.06957,0.89584,fast,56.27,55.5,6.56,44.7,0.970371133,0.42467276
Tumbbad cut 1.mkv,1920,816,121.457,24,2914,612.875,81.89019871,2,0.06957,0.89584,medium,76.73,58.25,6.89,44.68,0.97156912,0.432224463
Tumbbad cut 1.mkv,1920,816,121.457,24,2914,612.875,81.89019871,2,0.06957,0.89584,slow,136.03,58.5,6.91,44.9,0.972540799,0.44659961
Tumbbad cut 1.mkv,1920,816,121.457,24,2914,612.875,81.89019871,2,0.06957,0.89584,slower,350.65,57.5,6.79,44.8,0.973319681,0.447012744
Tumbbad cut 2.mkv,1920,816,123.083,24,2951,458.375,64.48530293,1,0.17339,0.92022,superfast,36.38,46.25,5.55,41.87,0.979402122,0.398268027
Tumbbad cut 2.mkv,1920,816,123.083,24,2951,458.375,64.48530293,1,0.17339,0.92022,veryfast,45.75,42.375,5.08,42.04,0.980230523,0.406489851
Tumbbad cut 2.mkv,1920,816,123.083,24,2951,458.375,64.48530293,1,0.17339,0.92022,faster,45.7,42.375,5.08,42.05,0.980140635,0.405680434
Tumbbad cut 2.mkv,1920,816,123.083,24,2951,458.375,64.48530293,1,0.17339,0.92022,fast,62.12,46,5.51,42.53,0.981618578,0.421310107
Tumbbad cut 2.mkv,1920,816,123.083,24,2951,458.375,64.48530293,1,0.17339,0.92022,medium,82.8,46,5.51,42.49,0.981563738,0.423770077
Tumbbad cut 2.mkv,1920,816,123.083,24,2951,458.375,64.48530293,1,0.17339,0.92022,slow,161.19,47,5.63,42.69,0.981917293,0.430936032
Tumbbad cut 2.mkv,1920,816,123.083,24,2951,458.375,64.48530293,1,0.17339,0.92022,slower,366.92,44.625,5.35,42.85,0.98232606,0.437132324
Tumbbad cut 3.mkv,1920,816,123.323,24,2932,545.25,75.03220177,1,0.09452,0.92224,superfast,31.71,25,2.98,44.71,0.982481343,0.540523387
Tumbbad cut 3.mkv,1920,816,123.323,24,2932,545.25,75.03220177,1,0.09452,0.92224,veryfast,39.57,21.625,2.57,44.94,0.983964522,0.547949252
Tumbbad cut 3.mkv,1920,816,123.323,24,2932,545.25,75.03220177,1,0.09452,0.92224,faster,39.38,21.625,2.57,44.98,0.984118625,0.550029928
Tumbbad cut 3.mkv,1920,816,123.323,24,2932,545.25,75.03220177,1,0.09452,0.92224,fast,53.18,24.375,2.9,45.5,0.984995309,0.566615121
Tumbbad cut 3.mkv,1920,816,123.323,24,2932,545.25,75.03220177,1,0.09452,0.92224,medium,73.56,23.125,2.75,45.43,0.984799137,0.565616846
Tumbbad cut 3.mkv,1920,816,123.323,24,2932,545.25,75.03220177,1,0.09452,0.92224,slow,129.27,23.5,2.79,45.6,0.985078418,0.569773833
Tumbbad cut 3.mkv,1920,816,123.323,24,2932,545.25,75.03220177,1,0.09452,0.92224,slower,289.19,22.25,2.64,45.72,0.985183635,0.57631432
Tumbbad cut 4.mkv,1920,816,62.916,24,1504,526.125,37.10638714,1,0.12157,0.92951,superfast,17.66,50.125,3.07,39.41,0.96514086,0.375202245
Tumbbad cut 4.mkv,1920,816,62.916,24,1504,526.125,37.10638714,1,0.12157,0.92951,veryfast,22,46.25,2.83,39.46,0.965909437,0.379201648
Tumbbad cut 4.mkv,1920,816,62.916,24,1504,526.125,37.10638714,1,0.12157,0.92951,faster,22.17,46.25,2.83,39.44,0.965837264,0.378739994
Tumbbad cut 4.mkv,1920,816,62.916,24,1504,526.125,37.10638714,1,0.12157,0.92951,fast,30,50,3.06,39.97,0.967046362,0.396285794
Tumbbad cut 4.mkv,1920,816,62.916,24,1504,526.125,37.10638714,1,0.12157,0.92951,medium,40.19,51.625,3.16,40.04,0.967117009,0.400737261
Tumbbad cut 4.mkv,1920,816,62.916,24,1504,526.125,37.10638714,1,0.12157,0.92951,slow,75.09,53.5,3.27,40.21,0.967426341,0.407085862
Tumbbad cut 4.mkv,1920,816,62.916,24,1504,526.125,37.10638714,1,0.12157,0.92951,slower,177.5,51.75,3.17,40.33,0.967533645,0.412868882
Tumbbad cut 5.mkv,1920,816,66.235,24,1541,726.125,51.95376873,2,0.22824,0.85747,superfast,29.76,80.75,5.05,43.62,0.981862928,0.61432791
Tumbbad cut 5.mkv,1920,816,66.235,24,1541,726.125,51.95376873,2,0.22824,0.85747,veryfast,42.27,74.375,4.64,43.72,0.982375896,0.615566158
Tumbbad cut 5.mkv,1920,816,66.235,24,1541,726.125,51.95376873,2,0.22824,0.85747,faster,45.16,74.125,4.63,43.71,0.982347719,0.61432274
Tumbbad cut 5.mkv,1920,816,66.235,24,1541,726.125,51.95376873,2,0.22824,0.85747,fast,56.87,77.25,4.83,44.28,0.983719529,0.633811006
Tumbbad cut 5.mkv,1920,816,66.235,24,1541,726.125,51.95376873,2,0.22824,0.85747,medium,59.79,76.375,4.77,44.42,0.983915823,0.640101937
Tumbbad cut 5.mkv,1920,816,66.235,24,1541,726.125,51.95376873,2,0.22824,0.85747,slow,140.49,77.25,4.83,44.61,0.984083872,0.644547366
Tumbbad cut 5.mkv,1920,816,66.235,24,1541,726.125,51.95376873,2,0.22824,0.85747,slower,281.7,73.75,4.61,44.68,0.984319401,0.648254511
Tumbbad cut 6.mkv,1920,816,62.166,24,1491,1066.25,69.33984566,1,0.17105,0.82503,superfast,24.89,101.5,6.14,45.4,0.982925538,0.416546277
Tumbbad cut 6.mkv,1920,816,62.166,24,1491,1066.25,69.33984566,1,0.17105,0.82503,veryfast,31.09,95.875,5.8,45.72,0.983169206,0.412384158
Tumbbad cut 6.mkv,1920,816,62.166,24,1491,1066.25,69.33984566,1,0.17105,0.82503,faster,31.06,95.75,5.79,45.73,0.983172751,0.41416431
Tumbbad cut 6.mkv,1920,816,62.166,24,1491,1066.25,69.33984566,1,0.17105,0.82503,fast,40.67,101.625,6.15,46.26,0.984475535,0.425266552
Tumbbad cut 6.mkv,1920,816,62.166,24,1491,1066.25,69.33984566,1,0.17105,0.82503,medium,51.47,102.5,6.2,46.34,0.984980646,0.430102295
Tumbbad cut 6.mkv,1920,816,62.166,24,1491,1066.25,69.33984566,1,0.17105,0.82503,slow,108.36,104.125,6.3,46.59,0.985556117,0.441405669
Tumbbad cut 6.mkv,1920,816,62.166,24,1491,1066.25,69.33984566,1,0.17105,0.82503,slower,245.33,100.125,6.06,46.74,0.985878571,0.443652121
Tumbbad cut 7.mkv,1920,816,121.25,24,2910,443.75,61.79137421,1,0.04935,0.32151,superfast,26.08,77.125,9.09,41.77,0.995415617,0.706001654
Tumbbad cut 7.mkv,1920,816,121.25,24,2910,443.75,61.79137421,1,0.04935,0.32151,veryfast,31.63,60.75,7.17,42.6,0.997406529,0.731851973
Tumbbad cut 7.mkv,1920,816,121.25,24,2910,443.75,61.79137421,1,0.04935,0.32151,faster,31.72,60.75,7.17,42.62,0.997406505,0.732405901
Tumbbad cut 7.mkv,1920,816,121.25,24,2910,443.75,61.79137421,1,0.04935,0.32151,fast,38.97,62.875,7.42,43.04,0.99779645,0.744215278
Tumbbad cut 7.mkv,1920,816,121.25,24,2910,443.75,61.79137421,1,0.04935,0.32151,medium,53.84,91.25,10.8,43.5,0.997921181,0.755058087
Tumbbad cut 7.mkv,1920,816,121.25,24,2910,443.75,61.79137421,1,0.04935,0.32151,slow,83.55,101.75,12,44.23,0.998330351,0.771452955
Tumbbad cut 7.mkv,1920,816,121.25,24,2910,443.75,61.79137421,1,0.04935,0.32151,slower,259.7,87.75,10.4,44.15,0.998276969,0.769900136
